Award Id,Recipient Name,Action Date,Award Amount,Piid,Place Of Performance State Code,Place Of Performance City Name,Place Of Performance ZIP Code,Place Of Performance County Name,Product Or Service Code (Psc),Psc Description,Naics Code,Naics Description,Type Of Set Aside,Type Of Set Aside Description,Contracting Officer Business Size Determination,Last Modified Date,Is Small Business,Is 8a Set-Aside
HC101323FF085,"SATCOM DIRECT GOVERNMENT, LLC",2026-09-04,0.0,HC101323FF085,NM,KIRTLAND AFB,87117,BERNALILLO,DG10,IT AND TELECOM - NETWORK AS A SERVICE,443120,COMPUTER AND SOFTWARE STORES,,,,,False,False
HC101323FF112,"SATCOM DIRECT GOVERNMENT, LLC",2026-09-04,0.0,HC101323FF112,NM,ALBUQUERQUE,87116,BERNALILLO,DG10,IT AND TELECOM - NETWORK AS A SERVICE,443120,COMPUTER AND SOFTWARE STORES,,,,,False,False
HC101323FF235,"SATCOM DIRECT GOVERNMENT, LLC",2026-09-04,0.0,HC101323FF235,NM,KIRTLAND AFB,87117,BERNALILLO,DG10,IT AND TELECOM - NETWORK AS A SERVICE,443120,COMPUTER AND SOFTWARE STORES,,,,,False,False
HC101323FF321,"SATCOM DIRECT GOVERNMENT, LLC",2026-09-04,0.0,HC101323FF321,NM,ALBUQUERQUE,87116,BERNALILLO,DG10,IT AND TELECOM - NETWORK AS A SERVICE,443120,COMPUTER AND SOFTWARE STORES,,,,,False,False
HC101323FF095,"SATCOM DIRECT GOVERNMENT, LLC",2026-09-04,0.0,HC101323FF095,NM,KIRTLAND AFB,87117,BERNALILLO,DG10,IT AND TELECOM - NETWORK AS A SERVICE,443120,COMPUTER AND SOFTWARE STORES,,,,,False,False
HC101323FF172,"SATCOM DIRECT GOVERNMENT, LLC",2026-09-04,0.0,HC101323FF172,NM,ALBUQUERQUE,87116,BERNALILLO,DG10,IT AND TELECOM - NETWORK AS A SERVICE,443120,COMPUTER AND SOFTWARE STORES,,,,,False,False
HC101323FF375,"SATCOM DIRECT GOVERNMENT, LLC",2026-09-04,0.0,HC101323FF375,NM,KIRTLAND AFB,87117,BERNALILLO,DG10,IT AND TELECOM - NETWORK AS A SERVICE,443120,COMPUTER AND SOFTWARE STORES,,,,,False,False
HC101323FF098,"SATCOM DIRECT GOVERNMENT, LLC",2026-09-04,0.0,HC101323FF098,NM,KIRTLAND AFB,87117,BERNALILLO,DG10,IT AND TELECOM - NETWORK AS A SERVICE,443120,COMPUTER AND SOFTWARE STORES,,,,,False,False
HC101323FF368,"SATCOM DIRECT GOVERNMENT, LLC",2026-09-04,0.0,HC101323FF368,NM,KIRTLAND AFB,87117,BERNALILLO,DG10,IT AND TELECOM - NETWORK AS A SERVICE,443120,COMPUTER AND SOFTWARE STORES,,,,,False,False
HC101323FF228,"SATCOM DIRECT GOVERNMENT, LLC",2026-09-04,0.0,HC101323FF228,NM,KIRTLAND AFB,87117,BERNALILLO,DG10,IT AND TELECOM - NETWORK AS A SERVICE,443120,COMPUTER AND SOFTWARE STORES,,,,,False,False
HC101323FF209,"SATCOM DIRECT GOVERNMENT, LLC",2026-09-04,0.0,HC101323FF209,NM,KIRTLAND AFB,87117,BERNALILLO,DG10,IT AND TELECOM - NETWORK AS A SERVICE,443120,COMPUTER AND SOFTWARE STORES,,,,,False,False
HC101323FF345,"SATCOM DIRECT GOVERNMENT, LLC",2026-09-04,0.0,HC101323FF345,NM,ALBUQUERQUE,87116,BERNALILLO,DG10,IT AND TELECOM - NETWORK AS A SERVICE,443120,COMPUTER AND SOFTWARE STORES,,,,,False,False
HC101323FF250,"SATCOM DIRECT GOVERNMENT, LLC",2026-09-04,0.0,HC101323FF250,NM,ALBUQUERQUE,87116,BERNALILLO,DG10,IT AND TELECOM - NETWORK AS A SERVICE,443120,COMPUTER AND SOFTWARE STORES,,,,,False,False
HC101323FF150,"SATCOM DIRECT GOVERNMENT, LLC",2026-09-04,0.0,HC101323FF150,NM,KIRTLAND AFB,87117,BERNALILLO,DG10,IT AND TELECOM - NETWORK AS A SERVICE,443120,COMPUTER AND SOFTWARE STORES,,,,,False,False
HC101323FF360,"SATCOM DIRECT GOVERNMENT, LLC",2026-09-04,0.0,HC101323FF360,NM,KIRTLAND AFB,87117,BERNALILLO,DG10,IT AND TELECOM - NETWORK AS A SERVICE,443120,COMPUTER AND SOFTWARE STORES,,,,,False,False
HC101323FF081,"SATCOM DIRECT GOVERNMENT, LLC",2026-09-04,0.0,HC101323FF081,NM,KIRTLAND AFB,87117,BERNALILLO,DG10,IT AND TELECOM - NETWORK AS A SERVICE,443120,COMPUTER AND SOFTWARE STORES,,,,,False,False
HC101323FF184,"SATCOM DIRECT GOVERNMENT, LLC",2026-09-04,0.0,HC101323FF184,NM,KIRTLAND AFB,87117,BERNALILLO,DG10,IT AND TELECOM - NETWORK AS A SERVICE,443120,COMPUTER AND SOFTWARE STORES,,,,,False,False
HC101323FF109,"SATCOM DIRECT GOVERNMENT, LLC",2026-09-04,0.0,HC101323FF109,NM,ALBUQUERQUE,87116,BERNALILLO,DG10,IT AND TELECOM - NETWORK AS A SERVICE,443120,COMPUTER AND SOFTWARE STORES,,,,,False,False
HC101323FF365,"SATCOM DIRECT GOVERNMENT, LLC",2026-09-04,0.0,HC101323FF365,NM,KIRTLAND AFB,87117,BERNALILLO,DG10,IT AND TELECOM - NETWORK AS A SERVICE,443120,COMPUTER AND SOFTWARE STORES,,,,,False,False
HC101323FF431,"SATCOM DIRECT GOVERNMENT, LLC",2026-09-04,0.0,HC101323FF431,NM,ALBUQUERQUE,87116,BERNALILLO,DG10,IT AND TELECOM - NETWORK AS A SERVICE,443120,COMPUTER AND SOFTWARE STORES,,,,,False,False
HC101323FF187,"SATCOM DIRECT GOVERNMENT, LLC",2026-09-04,0.0,HC101323FF187,NM,ALBUQUERQUE,87116,BERNALILLO,DG10,IT AND TELECOM - NETWORK AS A SERVICE,443120,COMPUTER AND SOFTWARE STORES,,,,,False,False
HC101323FF460,"SATCOM DIRECT GOVERNMENT, LLC",2026-09-04,0.0,HC101323FF460,NM,KIRTLAND AFB,87117,BERNALILLO,DG10,IT AND TELECOM - NETWORK AS A SERVICE,443120,COMPUTER AND SOFTWARE STORES,,,,,False,False
HC101323FF387,"SATCOM DIRECT GOVERNMENT, LLC",2026-09-04,0.0,HC101323FF387,NM,KIRTLAND AFB,87117,BERNALILLO,DG10,IT AND TELECOM - NETWORK AS A SERVICE,443120,COMPUTER AND SOFTWARE STORES,,,,,False,False
HC101323FF223,"SATCOM DIRECT GOVERNMENT, LLC",2026-09-04,0.0,HC101323FF223,NM,KIRTLAND AFB,87117,BERNALILLO,DG10,IT AND TELECOM - NETWORK AS A SERVICE,443120,COMPUTER AND SOFTWARE STORES,,,,,False,False
HC101323FF391,"SATCOM DIRECT GOVERNMENT, LLC",2026-09-04,0.0,HC101323FF391,NM,KIRTLAND AFB,87117,BERNALILLO,DG10,IT AND TELECOM - NETWORK AS A SERVICE,443120,COMPUTER AND SOFTWARE STORES,,,,,False,False
HC101323FF217,"SATCOM DIRECT GOVERNMENT, LLC",2026-09-04,0.0,HC101323FF217,NM,KIRTLAND AFB,87117,BERNALILLO,DG10,IT AND TELECOM - NETWORK AS A SERVICE,443120,COMPUTER AND SOFTWARE STORES,,,,,False,False
HC101323FF203,"SATCOM DIRECT GOVERNMENT, LLC",2026-09-04,0.0,HC101323FF203,NM,ALBUQUERQUE,87116,BERNALILLO,DG10,IT AND TELECOM - NETWORK AS A SERVICE,443120,COMPUTER AND SOFTWARE STORES,,,,,False,False
HC101323FF176,"SATCOM DIRECT GOVERNMENT, LLC",2026-09-04,0.0,HC101323FF176,NM,KIRTLAND AFB,87117,BERNALILLO,DG10,IT AND TELECOM - NETWORK AS A SERVICE,443120,COMPUTER AND SOFTWARE STORES,,,,,False,False
HC101323FF185,"SATCOM DIRECT GOVERNMENT, LLC",2026-09-04,0.0,HC101323FF185,NM,KIRTLAND AFB,87117,BERNALILLO,DG10,IT AND TELECOM - NETWORK AS A SERVICE,443120,COMPUTER AND SOFTWARE STORES,,,,,False,False
HC101323FF318,"SATCOM DIRECT GOVERNMENT, LLC",2026-09-04,0.0,HC101323FF318,NM,ALBUQUERQUE,87116,BERNALILLO,DG10,IT AND TELECOM - NETWORK AS A SERVICE,443120,COMPUTER AND SOFTWARE STORES,,,,,False,False
HC101323FF111,"SATCOM DIRECT GOVERNMENT, LLC",2026-09-04,0.0,HC101323FF111,NM,ALBUQUERQUE,87116,BERNALILLO,DG10,IT AND TELECOM - NETWORK AS A SERVICE,443120,COMPUTER AND SOFTWARE STORES,,,,,False,False
HC101323FF224,"SATCOM DIRECT GOVERNMENT, LLC",2026-09-04,0.0,HC101323FF224,NM,KIRTLAND AFB,87117,BERNALILLO,DG10,IT AND TELECOM - NETWORK AS A SERVICE,443120,COMPUTER AND SOFTWARE STORES,,,,,False,False
HC101323FF420,"SATCOM DIRECT GOVERNMENT, LLC",2026-09-04,0.0,HC101323FF420,NM,ALBUQUERQUE,87116,BERNALILLO,DG10,IT AND TELECOM - NETWORK AS A SERVICE,443120,COMPUTER AND SOFTWARE STORES,,,,,False,False
HC101323FF077,"SATCOM DIRECT GOVERNMENT, LLC",2026-09-04,0.0,HC101323FF077,NM,KIRTLAND AFB,87117,BERNALILLO,DG10,IT AND TELECOM - NETWORK AS A SERVICE,443120,COMPUTER AND SOFTWARE STORES,,,,,False,False
HC101323FF394,"SATCOM DIRECT GOVERNMENT, LLC",2026-09-04,0.0,HC101323FF394,NM,KIRTLAND AFB,87117,BERNALILLO,DG10,IT AND TELECOM - NETWORK AS A SERVICE,443120,COMPUTER AND SOFTWARE STORES,,,,,False,False
HC101323FF145,"SATCOM DIRECT GOVERNMENT, LLC",2026-09-04,0.0,HC101323FF145,NM,KIRTLAND AFB,87117,BERNALILLO,DG10,IT AND TELECOM - NETWORK AS A SERVICE,443120,COMPUTER AND SOFTWARE STORES,,,,,False,False
HC101323FF441,"SATCOM DIRECT GOVERNMENT, LLC",2026-09-04,0.0,HC101323FF441,NM,ALBUQUERQUE,87116,BERNALILLO,DG10,IT AND TELECOM - NETWORK AS A SERVICE,443120,COMPUTER AND SOFTWARE STORES,,,,,False,False
HC101323FF162,"SATCOM DIRECT GOVERNMENT, LLC",2026-09-04,0.0,HC101323FF162,NM,KIRTLAND AFB,87117,BERNALILLO,DG10,IT AND TELECOM - NETWORK AS A SERVICE,443120,COMPUTER AND SOFTWARE STORES,,,,,False,False
HC101323FF140,"SATCOM DIRECT GOVERNMENT, LLC",2026-09-04,0.0,HC101323FF140,NM,ALBUQUERQUE,87116,BERNALILLO,DG10,IT AND TELECOM - NETWORK AS A SERVICE,443120,COMPUTER AND SOFTWARE STORES,,,,,False,False
HC101323FF305,"SATCOM DIRECT GOVERNMENT, LLC",2026-09-04,0.0,HC101323FF305,NM,KIRTLAND AFB,87117,BERNALILLO,DG10,IT AND TELECOM - NETWORK AS A SERVICE,443120,COMPUTER AND SOFTWARE STORES,,,,,False,False
HC101323FF312,"SATCOM DIRECT GOVERNMENT, LLC",2026-09-04,0.0,HC101323FF312,NM,ALBUQUERQUE,87116,BERNALILLO,DG10,IT AND TELECOM - NETWORK AS A SERVICE,443120,COMPUTER AND SOFTWARE STORES,,,,,False,False
HC101323FF179,"SATCOM DIRECT GOVERNMENT, LLC",2026-09-04,0.0,HC101323FF179,NM,ALBUQUERQUE,87116,BERNALILLO,DG10,IT AND TELECOM - NETWORK AS A SERVICE,443120,COMPUTER AND SOFTWARE STORES,,,,,False,False
HC101323FF110,"SATCOM DIRECT GOVERNMENT, LLC",2026-09-04,0.0,HC101323FF110,NM,ALBUQUERQUE,87116,BERNALILLO,DG10,IT AND TELECOM - NETWORK AS A SERVICE,443120,COMPUTER AND SOFTWARE STORES,,,,,False,False
HC101323FF386,"SATCOM DIRECT GOVERNMENT, LLC",2026-09-04,0.0,HC101323FF386,NM,KIRTLAND AFB,87117,BERNALILLO,DG10,IT AND TELECOM - NETWORK AS A SERVICE,443120,COMPUTER AND SOFTWARE STORES,,,,,False,False
HC101323FF468,"SATCOM DIRECT GOVERNMENT, LLC",2026-09-04,0.0,HC101323FF468,NM,KIRTLAND AFB,87117,BERNALILLO,DG10,IT AND TELECOM - NETWORK AS A SERVICE,443120,COMPUTER AND SOFTWARE STORES,,,,,False,False
HC101323FF405,"SATCOM DIRECT GOVERNMENT, LLC",2026-09-04,0.0,HC101323FF405,NM,KIRTLAND AFB,87117,BERNALILLO,DG10,IT AND TELECOM - NETWORK AS A SERVICE,443120,COMPUTER AND SOFTWARE STORES,,,,,False,False
HC101323FF242,"SATCOM DIRECT GOVERNMENT, LLC",2026-09-04,0.0,HC101323FF242,NM,KIRTLAND AFB,87117,BERNALILLO,DG10,IT AND TELECOM - NETWORK AS A SERVICE,443120,COMPUTER AND SOFTWARE STORES,,,,,False,False
HC101323FF446,"SATCOM DIRECT GOVERNMENT, LLC",2026-09-04,0.0,HC101323FF446,NM,ALBUQUERQUE,87116,BERNALILLO,DG10,IT AND TELECOM - NETWORK AS A SERVICE,443120,COMPUTER AND SOFTWARE STORES,,,,,False,False
HC101323FF213,"SATCOM DIRECT GOVERNMENT, LLC",2026-09-04,0.0,HC101323FF213,NM,KIRTLAND AFB,87117,BERNALILLO,DG10,IT AND TELECOM - NETWORK AS A SERVICE,443120,COMPUTER AND SOFTWARE STORES,,,,,False,False
HC101323FF439,"SATCOM DIRECT GOVERNMENT, LLC",2026-09-04,0.0,HC101323FF439,NM,ALBUQUERQUE,87116,BERNALILLO,DG10,IT AND TELECOM - NETWORK AS A SERVICE,443120,COMPUTER AND SOFTWARE STORES,,,,,False,False
HC101323FF160,"SATCOM DIRECT GOVERNMENT, LLC",2026-09-04,0.0,HC101323FF160,NM,KIRTLAND AFB,87117,BERNALILLO,DG10,IT AND TELECOM - NETWORK AS A SERVICE,443120,COMPUTER AND SOFTWARE STORES,,,,,False,False
HC101323FF302,"SATCOM DIRECT GOVERNMENT, LLC",2026-09-04,0.0,HC101323FF302,NM,KIRTLAND AFB,87117,BERNALILLO,DG10,IT AND TELECOM - NETWORK AS A SERVICE,443120,COMPUTER AND SOFTWARE STORES,,,,,False,False
HC101323FF163,"SATCOM DIRECT GOVERNMENT, LLC",2026-09-04,0.0,HC101323FF163,NM,KIRTLAND AFB,87117,BERNALILLO,DG10,IT AND TELECOM - NETWORK AS A SERVICE,443120,COMPUTER AND SOFTWARE STORES,,,,,False,False
HC101323FF113,"SATCOM DIRECT GOVERNMENT, LLC",2026-09-04,0.0,HC101323FF113,NM,KIRTLAND AFB,87117,BERNALILLO,DG10,IT AND TELECOM - NETWORK AS A SERVICE,443120,COMPUTER AND SOFTWARE STORES,,,,,False,False
HC101323FF100,"SATCOM DIRECT GOVERNMENT, LLC",2026-09-04,0.0,HC101323FF100,NM,KIRTLAND AFB,87117,BERNALILLO,DG10,IT AND TELECOM - NETWORK AS A SERVICE,443120,COMPUTER AND SOFTWARE STORES,,,,,False,False
HC101323FF383,"SATCOM DIRECT GOVERNMENT, LLC",2026-09-04,0.0,HC101323FF383,NM,KIRTLAND AFB,87117,BERNALILLO,DG10,IT AND TELECOM - NETWORK AS A SERVICE,443120,COMPUTER AND SOFTWARE STORES,,,,,False,False
HC101323FF194,"SATCOM DIRECT GOVERNMENT, LLC",2026-09-04,0.0,HC101323FF194,NM,KIRTLAND AFB,87117,BERNALILLO,DG10,IT AND TELECOM - NETWORK AS A SERVICE,443120,COMPUTER AND SOFTWARE STORES,,,,,False,False
HC101323FF180,"SATCOM DIRECT GOVERNMENT, LLC",2026-09-04,0.0,HC101323FF180,NM,ALBUQUERQUE,87116,BERNALILLO,DG10,IT AND TELECOM - NETWORK AS A SERVICE,443120,COMPUTER AND SOFTWARE STORES,,,,,False,False
HC101323FF419,"SATCOM DIRECT GOVERNMENT, LLC",2026-09-04,0.0,HC101323FF419,NM,ALBUQUERQUE,87116,BERNALILLO,DG10,IT AND TELECOM - NETWORK AS A SERVICE,443120,COMPUTER AND SOFTWARE STORES,,,,,False,False
HC101323FF430,"SATCOM DIRECT GOVERNMENT, LLC",2026-09-04,0.0,HC101323FF430,NM,ALBUQUERQUE,87116,BERNALILLO,DG10,IT AND TELECOM - NETWORK AS A SERVICE,443120,COMPUTER AND SOFTWARE STORES,,,,,False,False
HC101323FF463,"SATCOM DIRECT GOVERNMENT, LLC",2026-09-04,0.0,HC101323FF463,NM,KIRTLAND AFB,87117,BERNALILLO,DG10,IT AND TELECOM - NETWORK AS A SERVICE,443120,COMPUTER AND SOFTWARE STORES,,,,,False,False
HC101323FF301,"SATCOM DIRECT GOVERNMENT, LLC",2026-09-04,0.0,HC101323FF301,NM,KIRTLAND AFB,87117,BERNALILLO,DG10,IT AND TELECOM - NETWORK AS A SERVICE,443120,COMPUTER AND SOFTWARE STORES,,,,,False,False
HC101323FF141,"SATCOM DIRECT GOVERNMENT, LLC",2026-09-04,0.0,HC101323FF141,NM,ALBUQUERQUE,87116,BERNALILLO,DG10,IT AND TELECOM - NETWORK AS A SERVICE,443120,COMPUTER AND SOFTWARE STORES,,,,,False,False
HC101323FF332,"SATCOM DIRECT GOVERNMENT, LLC",2026-09-04,0.0,HC101323FF332,NM,ALBUQUERQUE,87116,BERNALILLO,DG10,IT AND TELECOM - NETWORK AS A SERVICE,443120,COMPUTER AND SOFTWARE STORES,,,,,False,False
HC101323FF155,"SATCOM DIRECT GOVERNMENT, LLC",2026-09-04,0.0,HC101323FF155,NM,KIRTLAND AFB,87117,BERNALILLO,DG10,IT AND TELECOM - NETWORK AS A SERVICE,443120,COMPUTER AND SOFTWARE STORES,,,,,False,False
HC101323FF425,"SATCOM DIRECT GOVERNMENT, LLC",2026-09-04,0.0,HC101323FF425,NM,ALBUQUERQUE,87116,BERNALILLO,DG10,IT AND TELECOM - NETWORK AS A SERVICE,443120,COMPUTER AND SOFTWARE STORES,,,,,False,False
HC101323FF470,"SATCOM DIRECT GOVERNMENT, LLC",2026-09-04,0.0,HC101323FF470,NM,KIRTLAND AFB,87117,BERNALILLO,DG10,IT AND TELECOM - NETWORK AS A SERVICE,443120,COMPUTER AND SOFTWARE STORES,,,,,False,False
HC101323FF329,"SATCOM DIRECT GOVERNMENT, LLC",2026-09-04,0.0,HC101323FF329,NM,ALBUQUERQUE,87116,BERNALILLO,DG10,IT AND TELECOM - NETWORK AS A SERVICE,443120,COMPUTER AND SOFTWARE STORES,,,,,False,False
HC101323FF181,"SATCOM DIRECT GOVERNMENT, LLC",2026-09-04,0.0,HC101323FF181,NM,ALBUQUERQUE,87116,BERNALILLO,DG10,IT AND TELECOM - NETWORK AS A SERVICE,443120,COMPUTER AND SOFTWARE STORES,,,,,False,False
HC101323FF133,"SATCOM DIRECT GOVERNMENT, LLC",2026-09-04,0.0,HC101323FF133,NM,KIRTLAND AFB,87117,BERNALILLO,DG10,IT AND TELECOM - NETWORK AS A SERVICE,443120,COMPUTER AND SOFTWARE STORES,,,,,False,False
HC101323FF348,"SATCOM DIRECT GOVERNMENT, LLC",2026-09-04,0.0,HC101323FF348,NM,ALBUQUERQUE,87116,BERNALILLO,DG10,IT AND TELECOM - NETWORK AS A SERVICE,443120,COMPUTER AND SOFTWARE STORES,,,,,False,False
HC101323FF379,"SATCOM DIRECT GOVERNMENT, LLC",2026-09-04,0.0,HC101323FF379,NM,KIRTLAND AFB,87117,BERNALILLO,DG10,IT AND TELECOM - NETWORK AS A SERVICE,443120,COMPUTER AND SOFTWARE STORES,,,,,False,False
HC101323FF099,"SATCOM DIRECT GOVERNMENT, LLC",2026-09-04,0.0,HC101323FF099,NM,KIRTLAND AFB,87117,BERNALILLO,DG10,IT AND TELECOM - NETWORK AS A SERVICE,443120,COMPUTER AND SOFTWARE STORES,,,,,False,False
HC101323FF353,"SATCOM DIRECT GOVERNMENT, LLC",2026-09-04,0.0,HC101323FF353,NM,KIRTLAND AFB,87117,BERNALILLO,DG10,IT AND TELECOM - NETWORK AS A SERVICE,443120,COMPUTER AND SOFTWARE STORES,,,,,False,False
HC101323FF258,"SATCOM DIRECT GOVERNMENT, LLC",2026-09-04,0.0,HC101323FF258,NM,ALBUQUERQUE,87116,BERNALILLO,DG10,IT AND TELECOM - NETWORK AS A SERVICE,443120,COMPUTER AND SOFTWARE STORES,,,,,False,False
HC101323FF155,"SATCOM DIRECT GOVERNMENT, LLC",2026-09-04,0.0,HC101323FF155,NM,KIRTLAND AFB,87117,BERNALILLO,DG10,IT AND TELECOM - NETWORK AS A SERVICE,443120,COMPUTER AND SOFTWARE STORES,,,,,False,False
HC101323FF135,"SATCOM DIRECT GOVERNMENT, LLC",2026-09-04,0.0,HC101323FF135,NM,KIRTLAND AFB,87117,BERNALILLO,DG10,IT AND TELECOM - NETWORK AS A SERVICE,443120,COMPUTER AND SOFTWARE STORES,,,,,False,False
HC101323FF374,"SATCOM DIRECT GOVERNMENT, LLC",2026-09-04,0.0,HC101323FF374,NM,KIRTLAND AFB,87117,BERNALILLO,DG10,IT AND TELECOM - NETWORK AS A SERVICE,443120,COMPUTER AND SOFTWARE STORES,,,,,False,False
HC101323FF226,"SATCOM DIRECT GOVERNMENT, LLC",2026-09-04,0.0,HC101323FF226,NM,KIRTLAND AFB,87117,BERNALILLO,DG10,IT AND TELECOM - NETWORK AS A SERVICE,443120,COMPUTER AND SOFTWARE STORES,,,,,False,False
HC101323FF313,"SATCOM DIRECT GOVERNMENT, LLC",2026-09-04,0.0,HC101323FF313,NM,ALBUQUERQUE,87116,BERNALILLO,DG10,IT AND TELECOM - NETWORK AS A SERVICE,443120,COMPUTER AND SOFTWARE STORES,,,,,False,False
HC101323FF182,"SATCOM DIRECT GOVERNMENT, LLC",2026-09-04,0.0,HC101323FF182,NM,KIRTLAND AFB,87117,BERNALILLO,DG10,IT AND TELECOM - NETWORK AS A SERVICE,443120,COMPUTER AND SOFTWARE STORES,,,,,False,False
HC101323FF188,"SATCOM DIRECT GOVERNMENT, LLC",2026-09-04,0.0,HC101323FF188,NM,ALBUQUERQUE,87116,BERNALILLO,DG10,IT AND TELECOM - NETWORK AS A SERVICE,443120,COMPUTER AND SOFTWARE STORES,,,,,False,False
HC101323FF428,"SATCOM DIRECT GOVERNMENT, LLC",2026-09-04,0.0,HC101323FF428,NM,ALBUQUERQUE,87116,BERNALILLO,DG10,IT AND TELECOM - NETWORK AS A SERVICE,443120,COMPUTER AND SOFTWARE STORES,,,,,False,False
HC101323FF385,"SATCOM DIRECT GOVERNMENT, LLC",2026-09-04,0.0,HC101323FF385,NM,KIRTLAND AFB,87117,BERNALILLO,DG10,IT AND TELECOM - NETWORK AS A SERVICE,443120,COMPUTER AND SOFTWARE STORES,,,,,False,False
HC101323FF432,"SATCOM DIRECT GOVERNMENT, LLC",2026-09-04,0.0,HC101323FF432,NM,ALBUQUERQUE,87116,BERNALILLO,DG10,IT AND TELECOM - NETWORK AS A SERVICE,443120,COMPUTER AND SOFTWARE STORES,,,,,False,False
HC101323FF093,"SATCOM DIRECT GOVERNMENT, LLC",2026-09-04,0.0,HC101323FF093,NM,KIRTLAND AFB,87117,BERNALILLO,DG10,IT AND TELECOM - NETWORK AS A SERVICE,443120,COMPUTER AND SOFTWARE STORES,,,,,False,False
HC101323FF319,"SATCOM DIRECT GOVERNMENT, LLC",2026-09-04,0.0,HC101323FF319,NM,ALBUQUERQUE,87116,BERNALILLO,DG10,IT AND TELECOM - NETWORK AS A SERVICE,443120,COMPUTER AND SOFTWARE STORES,,,,,False,False
HC101323FF084,"SATCOM DIRECT GOVERNMENT, LLC",2026-09-04,0.0,HC101323FF084,NM,KIRTLAND AFB,87117,BERNALILLO,DG10,IT AND TELECOM - NETWORK AS A SERVICE,443120,COMPUTER AND SOFTWARE STORES,,,,,False,False
HC101323FF121,"SATCOM DIRECT GOVERNMENT, LLC",2026-09-04,0.0,HC101323FF121,NM,ALBUQUERQUE,87116,BERNALILLO,DG10,IT AND TELECOM - NETWORK AS A SERVICE,443120,COMPUTER AND SOFTWARE STORES,,,,,False,False
HC101323FF099,"SATCOM DIRECT GOVERNMENT, LLC",2026-09-04,0.0,HC101323FF099,NM,KIRTLAND AFB,87117,BERNALILLO,DG10,IT AND TELECOM - NETWORK AS A SERVICE,443120,COMPUTER AND SOFTWARE STORES,,,,,False,False
HC101323FF074,"SATCOM DIRECT GOVERNMENT, LLC",2026-09-04,0.0,HC101323FF074,NM,KIRTLAND AFB,87117,BERNALILLO,DG10,IT AND TELECOM - NETWORK AS A SERVICE,443120,COMPUTER AND SOFTWARE STORES,,,,,False,False
HC101323FF444,"SATCOM DIRECT GOVERNMENT, LLC",2026-09-04,0.0,HC101323FF444,NM,ALBUQUERQUE,87116,BERNALILLO,DG10,IT AND TELECOM - NETWORK AS A SERVICE,443120,COMPUTER AND SOFTWARE STORES,,,,,False,False
HC101323FF106,"SATCOM DIRECT GOVERNMENT, LLC",2026-09-04,0.0,HC101323FF106,NM,KIRTLAND AFB,87117,BERNALILLO,DG10,IT AND TELECOM - NETWORK AS A SERVICE,443120,COMPUTER AND SOFTWARE STORES,,,,,False,False
HC101323FF234,"SATCOM DIRECT GOVERNMENT, LLC",2026-09-04,0.0,HC101323FF234,NM,KIRTLAND AFB,87117,BERNALILLO,DG10,IT AND TELECOM - NETWORK AS A SERVICE,443120,COMPUTER AND SOFTWARE STORES,,,,,False,False
HC101323FF270,"SATCOM DIRECT GOVERNMENT, LLC",2026-09-04,0.0,HC101323FF270,NM,KIRTLAND AFB,87117,BERNALILLO,DG10,IT AND TELECOM - NETWORK AS A SERVICE,443120,COMPUTER AND SOFTWARE STORES,,,,,False,False
HC101323FF214,"SATCOM DIRECT GOVERNMENT, LLC",2026-09-04,0.0,HC101323FF214,NM,KIRTLAND AFB,87117,BERNALILLO,DG10,IT AND TELECOM - NETWORK AS A SERVICE,443120,COMPUTER AND SOFTWARE STORES,,,,,False,False
HC101323FF146,"SATCOM DIRECT GOVERNMENT, LLC",2026-09-04,0.0,HC101323FF146,NM,KIRTLAND AFB,87117,BERNALILLO,DG10,IT AND TELECOM - NETWORK AS A SERVICE,443120,COMPUTER AND SOFTWARE STORES,,,,,False,False
HC101323FF377,"SATCOM DIRECT GOVERNMENT, LLC",2026-09-04,0.0,HC101323FF377,NM,KIRTLAND AFB,87117,BERNALILLO,DG10,IT AND TELECOM - NETWORK AS A SERVICE,443120,COMPUTER AND SOFTWARE STORES,,,,,False,False
HC101323FF426,"SATCOM DIRECT GOVERNMENT, LLC",2026-09-04,0.0,HC101323FF426,NM,ALBUQUERQUE,87116,BERNALILLO,DG10,IT AND TELECOM - NETWORK AS A SERVICE,443120,COMPUTER AND SOFTWARE STORES,,,,,False,False
HC101323FF142,"SATCOM DIRECT GOVERNMENT, LLC",2026-09-04,0.0,HC101323FF142,NM,KIRTLAND AFB,87117,BERNALILLO,DG10,IT AND TELECOM - NETWORK AS A SERVICE,443120,COMPUTER AND SOFTWARE STORES,,,,,False,False
HC101323FF143,"SATCOM DIRECT GOVERNMENT, LLC",2026-09-04,0.0,HC101323FF143,NM,KIRTLAND AFB,87117,BERNALILLO,DG10,IT AND TELECOM - NETWORK AS A SERVICE,443120,COMPUTER AND SOFTWARE STORES,,,,,False,False
HC101323FF350,"SATCOM DIRECT GOVERNMENT, LLC",2026-09-04,0.0,HC101323FF350,NM,KIRTLAND AFB,87117,BERNALILLO,DG10,IT AND TELECOM - NETWORK AS A SERVICE,443120,COMPUTER AND SOFTWARE STORES,,,,,False,False
HC101323FF375,"SATCOM DIRECT GOVERNMENT, LLC",2026-09-04,0.0,HC101323FF375,NM,KIRTLAND AFB,87117,BERNALILLO,DG10,IT AND TELECOM - NETWORK AS A SERVICE,443120,COMPUTER AND SOFTWARE STORES,,,,,False,False
HC101323FF098,"SATCOM DIRECT GOVERNMENT, LLC",2026-09-04,0.0,HC101323FF098,NM,KIRTLAND AFB,87117,BERNALILLO,DG10,IT AND TELECOM - NETWORK AS A SERVICE,443120,COMPUTER AND SOFTWARE STORES,,,,,False,False
HC101323FF196,"SATCOM DIRECT GOVERNMENT, LLC",2026-09-04,0.0,HC101323FF196,NM,KIRTLAND AFB,87117,BERNALILLO,DG10,IT AND TELECOM - NETWORK AS A SERVICE,443120,COMPUTER AND SOFTWARE STORES,,,,,False,False
HC101323FF368,"SATCOM DIRECT GOVERNMENT, LLC",2026-09-04,0.0,HC101323FF368,NM,KIRTLAND AFB,87117,BERNALILLO,DG10,IT AND TELECOM - NETWORK AS A SERVICE,443120,COMPUTER AND SOFTWARE STORES,,,,,False,False
HC101323FF240,"SATCOM DIRECT GOVERNMENT, LLC",2026-09-04,0.0,HC101323FF240,NM,KIRTLAND AFB,87117,BERNALILLO,DG10,IT AND TELECOM - NETWORK AS A SERVICE,443120,COMPUTER AND SOFTWARE STORES,,,,,False,False
HC101323FF417,"SATCOM DIRECT GOVERNMENT, LLC",2026-09-04,0.0,HC101323FF417,NM,ALBUQUERQUE,87116,BERNALILLO,DG10,IT AND TELECOM - NETWORK AS A SERVICE,443120,COMPUTER AND SOFTWARE STORES,,,,,False,False
HC101323FF096,"SATCOM DIRECT GOVERNMENT, LLC",2026-09-04,0.0,HC101323FF096,NM,KIRTLAND AFB,87117,BERNALILLO,DG10,IT AND TELECOM - NETWORK AS A SERVICE,443120,COMPUTER AND SOFTWARE STORES,,,,,False,False
HC101323FF357,"SATCOM DIRECT GOVERNMENT, LLC",2026-09-04,0.0,HC101323FF357,NM,KIRTLAND AFB,87117,BERNALILLO,DG10,IT AND TELECOM - NETWORK AS A SERVICE,443120,COMPUTER AND SOFTWARE STORES,,,,,False,False
HC101323FF075,"SATCOM DIRECT GOVERNMENT, LLC",2026-09-04,0.0,HC101323FF075,NM,KIRTLAND AFB,87117,BERNALILLO,DG10,IT AND TELECOM - NETWORK AS A SERVICE,443120,COMPUTER AND SOFTWARE STORES,,,,,False,False
HC101323FF148,"SATCOM DIRECT GOVERNMENT, LLC",2026-09-04,0.0,HC101323FF148,NM,ALBUQUERQUE,87116,BERNALILLO,DG10,IT AND TELECOM - NETWORK AS A SERVICE,443120,COMPUTER AND SOFTWARE STORES,,,,,False,False
HC101323FF158,"SATCOM DIRECT GOVERNMENT, LLC",2026-09-04,0.0,HC101323FF158,NM,KIRTLAND AFB,87117,BERNALILLO,DG10,IT AND TELECOM - NETWORK AS A SERVICE,443120,COMPUTER AND SOFTWARE STORES,,,,,False,False
HC101323FF322,"SATCOM DIRECT GOVERNMENT, LLC",2026-09-04,0.0,HC101323FF322,NM,ALBUQUERQUE,87116,BERNALILLO,DG10,IT AND TELECOM - NETWORK AS A SERVICE,443120,COMPUTER AND SOFTWARE STORES,,,,,False,False
HC101323FF341,"SATCOM DIRECT GOVERNMENT, LLC",2026-09-04,0.0,HC101323FF341,NM,ALBUQUERQUE,87116,BERNALILLO,DG10,IT AND TELECOM - NETWORK AS A SERVICE,443120,COMPUTER AND SOFTWARE STORES,,,,,False,False
HC101323FF223,"SATCOM DIRECT GOVERNMENT, LLC",2026-09-04,0.0,HC101323FF223,NM,KIRTLAND AFB,87117,BERNALILLO,DG10,IT AND TELECOM - NETWORK AS A SERVICE,443120,COMPUTER AND SOFTWARE STORES,,,,,False,False
HC101323FF217,"SATCOM DIRECT GOVERNMENT, LLC",2026-09-04,0.0,HC101323FF217,NM,KIRTLAND AFB,87117,BERNALILLO,DG10,IT AND TELECOM - NETWORK AS A SERVICE,443120,COMPUTER AND SOFTWARE STORES,,,,,False,False
HC101323FF203,"SATCOM DIRECT GOVERNMENT, LLC",2026-09-04,0.0,HC101323FF203,NM,ALBUQUERQUE,87116,BERNALILLO,DG10,IT AND TELECOM - NETWORK AS A SERVICE,443120,COMPUTER AND SOFTWARE STORES,,,,,False,False
HC101323FF304,"SATCOM DIRECT GOVERNMENT, LLC",2026-09-04,0.0,HC101323FF304,NM,KIRTLAND AFB,87117,BERNALILLO,DG10,IT AND TELECOM - NETWORK AS A SERVICE,443120,COMPUTER AND SOFTWARE STORES,,,,,False,False
HC101323FF185,"SATCOM DIRECT GOVERNMENT, LLC",2026-09-04,0.0,HC101323FF185,NM,KIRTLAND AFB,87117,BERNALILLO,DG10,IT AND TELECOM - NETWORK AS A SERVICE,443120,COMPUTER AND SOFTWARE STORES,,,,,False,False
HC101323FF414,"SATCOM DIRECT GOVERNMENT, LLC",2026-09-04,0.0,HC101323FF414,NM,ALBUQUERQUE,87116,BERNALILLO,DG10,IT AND TELECOM - NETWORK AS A SERVICE,443120,COMPUTER AND SOFTWARE STORES,,,,,False,False
HC101323FF237,"SATCOM DIRECT GOVERNMENT, LLC",2026-09-04,0.0,HC101323FF237,NM,KIRTLAND AFB,87117,BERNALILLO,DG10,IT AND TELECOM - NETWORK AS A SERVICE,443120,COMPUTER AND SOFTWARE STORES,,,,,False,False
HC101323FF380,"SATCOM DIRECT GOVERNMENT, LLC",2026-09-04,0.0,HC101323FF380,NM,KIRTLAND AFB,87117,BERNALILLO,DG10,IT AND TELECOM - NETWORK AS A SERVICE,443120,COMPUTER AND SOFTWARE STORES,,,,,False,False
HC101323FF438,"SATCOM DIRECT GOVERNMENT, LLC",2026-09-04,0.0,HC101323FF438,NM,ALBUQUERQUE,87116,BERNALILLO,DG10,IT AND TELECOM - NETWORK AS A SERVICE,443120,COMPUTER AND SOFTWARE STORES,,,,,False,False
HC101323FF103,"SATCOM DIRECT GOVERNMENT, LLC",2026-09-04,0.0,HC101323FF103,NM,KIRTLAND AFB,87117,BERNALILLO,DG10,IT AND TELECOM - NETWORK AS A SERVICE,443120,COMPUTER AND SOFTWARE STORES,,,,,False,False
HC101323FF315,"SATCOM DIRECT GOVERNMENT, LLC",2026-09-04,0.0,HC101323FF315,NM,ALBUQUERQUE,87116,BERNALILLO,DG10,IT AND TELECOM - NETWORK AS A SERVICE,443120,COMPUTER AND SOFTWARE STORES,,,,,False,False
HC101323FF306,"SATCOM DIRECT GOVERNMENT, LLC",2026-09-04,0.0,HC101323FF306,NM,KIRTLAND AFB,87117,BERNALILLO,DG10,IT AND TELECOM - NETWORK AS A SERVICE,443120,COMPUTER AND SOFTWARE STORES,,,,,False,False
HC101323FF097,"SATCOM DIRECT GOVERNMENT, LLC",2026-09-04,0.0,HC101323FF097,NM,KIRTLAND AFB,87117,BERNALILLO,DG10,IT AND TELECOM - NETWORK AS A SERVICE,443120,COMPUTER AND SOFTWARE STORES,,,,,False,False
HC101323FF367,"SATCOM DIRECT GOVERNMENT, LLC",2026-09-04,0.0,HC101323FF367,NM,KIRTLAND AFB,87117,BERNALILLO,DG10,IT AND TELECOM - NETWORK AS A SERVICE,443120,COMPUTER AND SOFTWARE STORES,,,,,False,False
HC101323FF420,"SATCOM DIRECT GOVERNMENT, LLC",2026-09-04,0.0,HC101323FF420,NM,ALBUQUERQUE,87116,BERNALILLO,DG10,IT AND TELECOM - NETWORK AS A SERVICE,443120,COMPUTER AND SOFTWARE STORES,,,,,False,False
HC101323FF441,"SATCOM DIRECT GOVERNMENT, LLC",2026-09-04,0.0,HC101323FF441,NM,ALBUQUERQUE,87116,BERNALILLO,DG10,IT AND TELECOM - NETWORK AS A SERVICE,443120,COMPUTER AND SOFTWARE STORES,,,,,False,False
HC101323FF145,"SATCOM DIRECT GOVERNMENT, LLC",2026-09-04,0.0,HC101323FF145,NM,KIRTLAND AFB,87117,BERNALILLO,DG10,IT AND TELECOM - NETWORK AS A SERVICE,443120,COMPUTER AND SOFTWARE STORES,,,,,False,False
HC101323FF412,"SATCOM DIRECT GOVERNMENT, LLC",2026-09-04,0.0,HC101323FF412,NM,ALBUQUERQUE,87116,BERNALILLO,DG10,IT AND TELECOM - NETWORK AS A SERVICE,443120,COMPUTER AND SOFTWARE STORES,,,,,False,False
HC101323FF140,"SATCOM DIRECT GOVERNMENT, LLC",2026-09-04,0.0,HC101323FF140,NM,ALBUQUERQUE,87116,BERNALILLO,DG10,IT AND TELECOM - NETWORK AS A SERVICE,443120,COMPUTER AND SOFTWARE STORES,,,,,False,False
HC101323FF305,"SATCOM DIRECT GOVERNMENT, LLC",2026-09-04,0.0,HC101323FF305,NM,KIRTLAND AFB,87117,BERNALILLO,DG10,IT AND TELECOM - NETWORK AS A SERVICE,443120,COMPUTER AND SOFTWARE STORES,,,,,False,False
HC101323FF312,"SATCOM DIRECT GOVERNMENT, LLC",2026-09-04,0.0,HC101323FF312,NM,ALBUQUERQUE,87116,BERNALILLO,DG10,IT AND TELECOM - NETWORK AS A SERVICE,443120,COMPUTER AND SOFTWARE STORES,,,,,False,False
HC101323FF129,"SATCOM DIRECT GOVERNMENT, LLC",2026-09-04,0.0,HC101323FF129,NM,KIRTLAND AFB,87117,BERNALILLO,DG10,IT AND TELECOM - NETWORK AS A SERVICE,443120,COMPUTER AND SOFTWARE STORES,,,,,False,False
HC101323FF372,"SATCOM DIRECT GOVERNMENT, LLC",2026-09-04,0.0,HC101323FF372,NM,KIRTLAND AFB,87117,BERNALILLO,DG10,IT AND TELECOM - NETWORK AS A SERVICE,443120,COMPUTER AND SOFTWARE STORES,,,,,False,False
HC101323FF179,"SATCOM DIRECT GOVERNMENT, LLC",2026-09-04,0.0,HC101323FF179,NM,ALBUQUERQUE,87116,BERNALILLO,DG10,IT AND TELECOM - NETWORK AS A SERVICE,443120,COMPUTER AND SOFTWARE STORES,,,,,False,False
HC101323FF316,"SATCOM DIRECT GOVERNMENT, LLC",2026-09-04,0.0,HC101323FF316,NM,ALBUQUERQUE,87116,BERNALILLO,DG10,IT AND TELECOM - NETWORK AS A SERVICE,443120,COMPUTER AND SOFTWARE STORES,,,,,False,False
HC101323FF317,"SATCOM DIRECT GOVERNMENT, LLC",2026-09-04,0.0,HC101323FF317,NM,ALBUQUERQUE,87116,BERNALILLO,DG10,IT AND TELECOM - NETWORK AS A SERVICE,443120,COMPUTER AND SOFTWARE STORES,,,,,False,False
HC101323FF154,"SATCOM DIRECT GOVERNMENT, LLC",2026-09-04,0.0,HC101323FF154,NM,KIRTLAND AFB,87117,BERNALILLO,DG10,IT AND TELECOM - NETWORK AS A SERVICE,443120,COMPUTER AND SOFTWARE STORES,,,,,False,False
HC101323FF171,"SATCOM DIRECT GOVERNMENT, LLC",2026-09-04,0.0,HC101323FF171,NM,ALBUQUERQUE,87116,BERNALILLO,DG10,IT AND TELECOM - NETWORK AS A SERVICE,443120,COMPUTER AND SOFTWARE STORES,,,,,False,False
HC101323FF382,"SATCOM DIRECT GOVERNMENT, LLC",2026-09-04,0.0,HC101323FF382,NM,KIRTLAND AFB,87117,BERNALILLO,DG10,IT AND TELECOM - NETWORK AS A SERVICE,443120,COMPUTER AND SOFTWARE STORES,,,,,False,False
HC101323FF421,"SATCOM DIRECT GOVERNMENT, LLC",2026-09-04,0.0,HC101323FF421,NM,ALBUQUERQUE,87116,BERNALILLO,DG10,IT AND TELECOM - NETWORK AS A SERVICE,443120,COMPUTER AND SOFTWARE STORES,,,,,False,False
HC101323FF469,"SATCOM DIRECT GOVERNMENT, LLC",2026-09-04,0.0,HC101323FF469,NM,KIRTLAND AFB,87117,BERNALILLO,DG10,IT AND TELECOM - NETWORK AS A SERVICE,443120,COMPUTER AND SOFTWARE STORES,,,,,False,False
HC101323FF436,"SATCOM DIRECT GOVERNMENT, LLC",2026-09-04,0.0,HC101323FF436,NM,ALBUQUERQUE,87116,BERNALILLO,DG10,IT AND TELECOM - NETWORK AS A SERVICE,443120,COMPUTER AND SOFTWARE STORES,,,,,False,False
HC101323FF378,"SATCOM DIRECT GOVERNMENT, LLC",2026-09-04,0.0,HC101323FF378,NM,KIRTLAND AFB,87117,BERNALILLO,DG10,IT AND TELECOM - NETWORK AS A SERVICE,443120,COMPUTER AND SOFTWARE STORES,,,,,False,False
HC101323FF429,"SATCOM DIRECT GOVERNMENT, LLC",2026-09-04,0.0,HC101323FF429,NM,ALBUQUERQUE,87116,BERNALILLO,DG10,IT AND TELECOM - NETWORK AS A SERVICE,443120,COMPUTER AND SOFTWARE STORES,,,,,False,False
HC101323FF405,"SATCOM DIRECT GOVERNMENT, LLC",2026-09-04,0.0,HC101323FF405,NM,KIRTLAND AFB,87117,BERNALILLO,DG10,IT AND TELECOM - NETWORK AS A SERVICE,443120,COMPUTER AND SOFTWARE STORES,,,,,False,False
HC101323FF206,"SATCOM DIRECT GOVERNMENT, LLC",2026-09-04,0.0,HC101323FF206,NM,ALBUQUERQUE,87116,BERNALILLO,DG10,IT AND TELECOM - NETWORK AS A SERVICE,443120,COMPUTER AND SOFTWARE STORES,,,,,False,False
HC101323FF183,"SATCOM DIRECT GOVERNMENT, LLC",2026-09-04,0.0,HC101323FF183,NM,ALBUQUERQUE,87116,BERNALILLO,DG10,IT AND TELECOM - NETWORK AS A SERVICE,443120,COMPUTER AND SOFTWARE STORES,,,,,False,False
HC101323FF248,"SATCOM DIRECT GOVERNMENT, LLC",2026-09-04,0.0,HC101323FF248,NM,ALBUQUERQUE,87116,BERNALILLO,DG10,IT AND TELECOM - NETWORK AS A SERVICE,443120,COMPUTER AND SOFTWARE STORES,,,,,False,False
HC101323FF269,"SATCOM DIRECT GOVERNMENT, LLC",2026-09-04,0.0,HC101323FF269,NM,ALBUQUERQUE,87116,BERNALILLO,DG10,IT AND TELECOM - NETWORK AS A SERVICE,443120,COMPUTER AND SOFTWARE STORES,,,,,False,False
HC101323FF202,"SATCOM DIRECT GOVERNMENT, LLC",2026-09-04,0.0,HC101323FF202,NM,ALBUQUERQUE,87116,BERNALILLO,DG10,IT AND TELECOM - NETWORK AS A SERVICE,443120,COMPUTER AND SOFTWARE STORES,,,,,False,False
HC101323FF347,"SATCOM DIRECT GOVERNMENT, LLC",2026-09-04,0.0,HC101323FF347,NM,KIRTLAND AFB,87117,BERNALILLO,DG10,IT AND TELECOM - NETWORK AS A SERVICE,443120,COMPUTER AND SOFTWARE STORES,,,,,False,False
HC101323FF091,"SATCOM DIRECT GOVERNMENT, LLC",2026-09-04,0.0,HC101323FF091,NM,KIRTLAND AFB,87117,BERNALILLO,DG10,IT AND TELECOM - NETWORK AS A SERVICE,443120,COMPUTER AND SOFTWARE STORES,,,,,False,False
HC101323FF160,"SATCOM DIRECT GOVERNMENT, LLC",2026-09-04,0.0,HC101323FF160,NM,KIRTLAND AFB,87117,BERNALILLO,DG10,IT AND TELECOM - NETWORK AS A SERVICE,443120,COMPUTER AND SOFTWARE STORES,,,,,False,False
HC101323FF302,"SATCOM DIRECT GOVERNMENT, LLC",2026-09-04,0.0,HC101323FF302,NM,KIRTLAND AFB,87117,BERNALILLO,DG10,IT AND TELECOM - NETWORK AS A SERVICE,443120,COMPUTER AND SOFTWARE STORES,,,,,False,False
HC101323FF163,"SATCOM DIRECT GOVERNMENT, LLC",2026-09-04,0.0,HC101323FF163,NM,KIRTLAND AFB,87117,BERNALILLO,DG10,IT AND TELECOM - NETWORK AS A SERVICE,443120,COMPUTER AND SOFTWARE STORES,,,,,False,False
HC101323FF113,"SATCOM DIRECT GOVERNMENT, LLC",2026-09-04,0.0,HC101323FF113,NM,KIRTLAND AFB,87117,BERNALILLO,DG10,IT AND TELECOM - NETWORK AS A SERVICE,443120,COMPUTER AND SOFTWARE STORES,,,,,False,False
HC101323FF257,"SATCOM DIRECT GOVERNMENT, LLC",2026-09-04,0.0,HC101323FF257,NM,ALBUQUERQUE,87116,BERNALILLO,DG10,IT AND TELECOM - NETWORK AS A SERVICE,443120,COMPUTER AND SOFTWARE STORES,,,,,False,False
HC101323FF369,"SATCOM DIRECT GOVERNMENT, LLC",2026-09-04,0.0,HC101323FF369,NM,KIRTLAND AFB,87117,BERNALILLO,DG10,IT AND TELECOM - NETWORK AS A SERVICE,443120,COMPUTER AND SOFTWARE STORES,,,,,False,False
HC101323FF139,"SATCOM DIRECT GOVERNMENT, LLC",2026-09-04,0.0,HC101323FF139,NM,KIRTLAND AFB,87117,BERNALILLO,DG10,IT AND TELECOM - NETWORK AS A SERVICE,443120,COMPUTER AND SOFTWARE STORES,,,,,False,False
HC101323FF166,"SATCOM DIRECT GOVERNMENT, LLC",2026-09-04,0.0,HC101323FF166,NM,KIRTLAND AFB,87117,BERNALILLO,DG10,IT AND TELECOM - NETWORK AS A SERVICE,443120,COMPUTER AND SOFTWARE STORES,,,,,False,False
HC101323FF194,"SATCOM DIRECT GOVERNMENT, LLC",2026-09-04,0.0,HC101323FF194,NM,KIRTLAND AFB,87117,BERNALILLO,DG10,IT AND TELECOM - NETWORK AS A SERVICE,443120,COMPUTER AND SOFTWARE STORES,,,,,False,False
HC101323FF256,"SATCOM DIRECT GOVERNMENT, LLC",2026-09-04,0.0,HC101323FF256,NM,ALBUQUERQUE,87116,BERNALILLO,DG10,IT AND TELECOM - NETWORK AS A SERVICE,443120,COMPUTER AND SOFTWARE STORES,,,,,False,False
HC101323FF376,"SATCOM DIRECT GOVERNMENT, LLC",2026-09-04,0.0,HC101323FF376,NM,KIRTLAND AFB,87117,BERNALILLO,DG10,IT AND TELECOM - NETWORK AS A SERVICE,443120,COMPUTER AND SOFTWARE STORES,,,,,False,False
HC101323FF419,"SATCOM DIRECT GOVERNMENT, LLC",2026-09-04,0.0,HC101323FF419,NM,ALBUQUERQUE,87116,BERNALILLO,DG10,IT AND TELECOM - NETWORK AS A SERVICE,443120,COMPUTER AND SOFTWARE STORES,,,,,False,False
HC101323FF346,"SATCOM DIRECT GOVERNMENT, LLC",2026-09-04,0.0,HC101323FF346,NM,ALBUQUERQUE,87116,BERNALILLO,DG10,IT AND TELECOM - NETWORK AS A SERVICE,443120,COMPUTER AND SOFTWARE STORES,,,,,False,False
HC101323FF301,"SATCOM DIRECT GOVERNMENT, LLC",2026-09-04,0.0,HC101323FF301,NM,KIRTLAND AFB,87117,BERNALILLO,DG10,IT AND TELECOM - NETWORK AS A SERVICE,443120,COMPUTER AND SOFTWARE STORES,,,,,False,False
HC101323FF153,"SATCOM DIRECT GOVERNMENT, LLC",2026-09-04,0.0,HC101323FF153,NM,KIRTLAND AFB,87117,BERNALILLO,DG10,IT AND TELECOM - NETWORK AS A SERVICE,443120,COMPUTER AND SOFTWARE STORES,,,,,False,False
HC101323FF173,"SATCOM DIRECT GOVERNMENT, LLC",2026-09-04,0.0,HC101323FF173,NM,ALBUQUERQUE,87116,BERNALILLO,DG10,IT AND TELECOM - NETWORK AS A SERVICE,443120,COMPUTER AND SOFTWARE STORES,,,,,False,False
HC101323FF215,"SATCOM DIRECT GOVERNMENT, LLC",2026-09-04,0.0,HC101323FF215,NM,KIRTLAND AFB,87117,BERNALILLO,DG10,IT AND TELECOM - NETWORK AS A SERVICE,443120,COMPUTER AND SOFTWARE STORES,,,,,False,False
HC101323FF236,"SATCOM DIRECT GOVERNMENT, LLC",2026-09-04,0.0,HC101323FF236,NM,KIRTLAND AFB,87117,BERNALILLO,DG10,IT AND TELECOM - NETWORK AS A SERVICE,443120,COMPUTER AND SOFTWARE STORES,,,,,False,False
HC101323FF128,"SATCOM DIRECT GOVERNMENT, LLC",2026-09-04,0.0,HC101323FF128,NM,KIRTLAND AFB,87117,BERNALILLO,DG10,IT AND TELECOM - NETWORK AS A SERVICE,443120,COMPUTER AND SOFTWARE STORES,,,,,False,False
HC101323FF461,"SATCOM DIRECT GOVERNMENT, LLC",2026-09-04,0.0,HC101323FF461,NM,KIRTLAND AFB,87117,BERNALILLO,DG10,IT AND TELECOM - NETWORK AS A SERVICE,443120,COMPUTER AND SOFTWARE STORES,,,,,False,False
HC101323FF361,"SATCOM DIRECT GOVERNMENT, LLC",2026-09-04,0.0,HC101323FF361,NM,KIRTLAND AFB,87117,BERNALILLO,DG10,IT AND TELECOM - NETWORK AS A SERVICE,443120,COMPUTER AND SOFTWARE STORES,,,,,False,False
HC101323FF427,"SATCOM DIRECT GOVERNMENT, LLC",2026-09-04,0.0,HC101323FF427,NM,ALBUQUERQUE,87116,BERNALILLO,DG10,IT AND TELECOM - NETWORK AS A SERVICE,443120,COMPUTER AND SOFTWARE STORES,,,,,False,False
HC101323FF221,"SATCOM DIRECT GOVERNMENT, LLC",2026-09-04,0.0,HC101323FF221,NM,KIRTLAND AFB,87117,BERNALILLO,DG10,IT AND TELECOM - NETWORK AS A SERVICE,443120,COMPUTER AND SOFTWARE STORES,,,,,False,False
HC101323FF102,"SATCOM DIRECT GOVERNMENT, LLC",2026-09-04,0.0,HC101323FF102,NM,KIRTLAND AFB,87117,BERNALILLO,DG10,IT AND TELECOM - NETWORK AS A SERVICE,443120,COMPUTER AND SOFTWARE STORES,,,,,False,False
HC101323FF447,"SATCOM DIRECT GOVERNMENT, LLC",2026-09-04,0.0,HC101323FF447,NM,ALBUQUERQUE,87116,BERNALILLO,DG10,IT AND TELECOM - NETWORK AS A SERVICE,443120,COMPUTER AND SOFTWARE STORES,,,,,False,False
HC101323FF247,"SATCOM DIRECT GOVERNMENT, LLC",2026-09-04,0.0,HC101323FF247,NM,ALBUQUERQUE,87116,BERNALILLO,DG10,IT AND TELECOM - NETWORK AS A SERVICE,443120,COMPUTER AND SOFTWARE STORES,,,,,False,False
HC101323FF425,"SATCOM DIRECT GOVERNMENT, LLC",2026-09-04,0.0,HC101323FF425,NM,ALBUQUERQUE,87116,BERNALILLO,DG10,IT AND TELECOM - NETWORK AS A SERVICE,443120,COMPUTER AND SOFTWARE STORES,,,,,False,False
HC101323FF147,"SATCOM DIRECT GOVERNMENT, LLC",2026-09-04,0.0,HC101323FF147,NM,ALBUQUERQUE,87116,BERNALILLO,DG10,IT AND TELECOM - NETWORK AS A SERVICE,443120,COMPUTER AND SOFTWARE STORES,,,,,False,False
HC101323FF277,"SATCOM DIRECT GOVERNMENT, LLC",2026-09-04,0.0,HC101323FF277,NM,ALBUQUERQUE,87116,BERNALILLO,DG10,IT AND TELECOM - NETWORK AS A SERVICE,443120,COMPUTER AND SOFTWARE STORES,,,,,False,False
HC101323FF353,"SATCOM DIRECT GOVERNMENT, LLC",2026-09-04,0.0,HC101323FF353,NM,KIRTLAND AFB,87117,BERNALILLO,DG10,IT AND TELECOM - NETWORK AS A SERVICE,443120,COMPUTER AND SOFTWARE STORES,,,,,False,False
HC101323FF204,"SATCOM DIRECT GOVERNMENT, LLC",2026-09-04,0.0,HC101323FF204,NM,ALBUQUERQUE,87116,BERNALILLO,DG10,IT AND TELECOM - NETWORK AS A SERVICE,443120,COMPUTER AND SOFTWARE STORES,,,,,False,False
HC101323FF246,"SATCOM DIRECT GOVERNMENT, LLC",2026-09-04,0.0,HC101323FF246,NM,KIRTLAND AFB,87117,BERNALILLO,DG10,IT AND TELECOM - NETWORK AS A SERVICE,443120,COMPUTER AND SOFTWARE STORES,,,,,False,False
HC101323FF085,"SATCOM DIRECT GOVERNMENT, LLC",2026-09-04,0.0,HC101323FF085,NM,KIRTLAND AFB,87117,BERNALILLO,DG10,IT AND TELECOM - NETWORK AS A SERVICE,443120,COMPUTER AND SOFTWARE STORES,,,,,False,False
HC101323FF235,"SATCOM DIRECT GOVERNMENT, LLC",2026-09-04,0.0,HC101323FF235,NM,KIRTLAND AFB,87117,BERNALILLO,DG10,IT AND TELECOM - NETWORK AS A SERVICE,443120,COMPUTER AND SOFTWARE STORES,,,,,False,False
HC101323FF131,"SATCOM DIRECT GOVERNMENT, LLC",2026-09-04,0.0,HC101323FF131,NM,KIRTLAND AFB,87117,BERNALILLO,DG10,IT AND TELECOM - NETWORK AS A SERVICE,443120,COMPUTER AND SOFTWARE STORES,,,,,False,False
HC101323FF321,"SATCOM DIRECT GOVERNMENT, LLC",2026-09-04,0.0,HC101323FF321,NM,ALBUQUERQUE,87116,BERNALILLO,DG10,IT AND TELECOM - NETWORK AS A SERVICE,443120,COMPUTER AND SOFTWARE STORES,,,,,False,False
HC101323FF095,"SATCOM DIRECT GOVERNMENT, LLC",2026-09-04,0.0,HC101323FF095,NM,KIRTLAND AFB,87117,BERNALILLO,DG10,IT AND TELECOM - NETWORK AS A SERVICE,443120,COMPUTER AND SOFTWARE STORES,,,,,False,False
HC101323FF172,"SATCOM DIRECT GOVERNMENT, LLC",2026-09-04,0.0,HC101323FF172,NM,ALBUQUERQUE,87116,BERNALILLO,DG10,IT AND TELECOM - NETWORK AS A SERVICE,443120,COMPUTER AND SOFTWARE STORES,,,,,False,False
HC101323FF280,"SATCOM DIRECT GOVERNMENT, LLC",2026-09-04,0.0,HC101323FF280,NM,KIRTLAND AFB,87117,BERNALILLO,DG10,IT AND TELECOM - NETWORK AS A SERVICE,443120,COMPUTER AND SOFTWARE STORES,,,,,False,False
HC101323FF307,"SATCOM DIRECT GOVERNMENT, LLC",2026-09-04,0.0,HC101323FF307,NM,KIRTLAND AFB,87117,BERNALILLO,DG10,IT AND TELECOM - NETWORK AS A SERVICE,443120,COMPUTER AND SOFTWARE STORES,,,,,False,False
HC101323FF151,"SATCOM DIRECT GOVERNMENT, LLC",2026-09-04,0.0,HC101323FF151,NM,KIRTLAND AFB,87117,BERNALILLO,DG10,IT AND TELECOM - NETWORK AS A SERVICE,443120,COMPUTER AND SOFTWARE STORES,,,,,False,False
HC101323FF218,"SATCOM DIRECT GOVERNMENT, LLC",2026-09-04,0.0,HC101323FF218,NM,KIRTLAND AFB,87117,BERNALILLO,DG10,IT AND TELECOM - NETWORK AS A SERVICE,443120,COMPUTER AND SOFTWARE STORES,,,,,False,False
HC101323FF228,"SATCOM DIRECT GOVERNMENT, LLC",2026-09-04,0.0,HC101323FF228,NM,KIRTLAND AFB,87117,BERNALILLO,DG10,IT AND TELECOM - NETWORK AS A SERVICE,443120,COMPUTER AND SOFTWARE STORES,,,,,False,False
HC101323FF209,"SATCOM DIRECT GOVERNMENT, LLC",2026-09-04,0.0,HC101323FF209,NM,KIRTLAND AFB,87117,BERNALILLO,DG10,IT AND TELECOM - NETWORK AS A SERVICE,443120,COMPUTER AND SOFTWARE STORES,,,,,False,False
HC101323FF132,"SATCOM DIRECT GOVERNMENT, LLC",2026-09-04,0.0,HC101323FF132,NM,KIRTLAND AFB,87117,BERNALILLO,DG10,IT AND TELECOM - NETWORK AS A SERVICE,443120,COMPUTER AND SOFTWARE STORES,,,,,False,False
HC101323FF366,"SATCOM DIRECT GOVERNMENT, LLC",2026-09-04,0.0,HC101323FF366,NM,KIRTLAND AFB,87117,BERNALILLO,DG10,IT AND TELECOM - NETWORK AS A SERVICE,443120,COMPUTER AND SOFTWARE STORES,,,,,False,False
HC101323FF225,"SATCOM DIRECT GOVERNMENT, LLC",2026-09-04,0.0,HC101323FF225,NM,KIRTLAND AFB,87117,BERNALILLO,DG10,IT AND TELECOM - NETWORK AS A SERVICE,443120,COMPUTER AND SOFTWARE STORES,,,,,False,False
HC101323FF359,"SATCOM DIRECT GOVERNMENT, LLC",2026-09-04,0.0,HC101323FF359,NM,KIRTLAND AFB,87117,BERNALILLO,DG10,IT AND TELECOM - NETWORK AS A SERVICE,443120,COMPUTER AND SOFTWARE STORES,,,,,False,False
HC101323FF176,"SATCOM DIRECT GOVERNMENT, LLC",2026-09-04,0.0,HC101323FF176,NM,KIRTLAND AFB,87117,BERNALILLO,DG10,IT AND TELECOM - NETWORK AS A SERVICE,443120,COMPUTER AND SOFTWARE STORES,,,,,False,False
HC101323FF244,"SATCOM DIRECT GOVERNMENT, LLC",2026-09-04,0.0,HC101323FF244,NM,ALBUQUERQUE,87116,BERNALILLO,DG10,IT AND TELECOM - NETWORK AS A SERVICE,443120,COMPUTER AND SOFTWARE STORES,,,,,False,False
HC101323FF363,"SATCOM DIRECT GOVERNMENT, LLC",2026-09-04,0.0,HC101323FF363,NM,KIRTLAND AFB,87117,BERNALILLO,DG10,IT AND TELECOM - NETWORK AS A SERVICE,443120,COMPUTER AND SOFTWARE STORES,,,,,False,False
HC101323FF177,"SATCOM DIRECT GOVERNMENT, LLC",2026-09-04,0.0,HC101323FF177,NM,ALBUQUERQUE,87116,BERNALILLO,DG10,IT AND TELECOM - NETWORK AS A SERVICE,443120,COMPUTER AND SOFTWARE STORES,,,,,False,False
HC101323FF200,"SATCOM DIRECT GOVERNMENT, LLC",2026-09-04,0.0,HC101323FF200,NM,ALBUQUERQUE,87116,BERNALILLO,DG10,IT AND TELECOM - NETWORK AS A SERVICE,443120,COMPUTER AND SOFTWARE STORES,,,,,False,False
HC101323FF077,"SATCOM DIRECT GOVERNMENT, LLC",2026-09-04,0.0,HC101323FF077,NM,KIRTLAND AFB,87117,BERNALILLO,DG10,IT AND TELECOM - NETWORK AS A SERVICE,443120,COMPUTER AND SOFTWARE STORES,,,,,False,False
HC101323FF134,"SATCOM DIRECT GOVERNMENT, LLC",2026-09-04,0.0,HC101323FF134,NM,KIRTLAND AFB,87117,BERNALILLO,DG10,IT AND TELECOM - NETWORK AS A SERVICE,443120,COMPUTER AND SOFTWARE STORES,,,,,False,False
HC101323FF126,"SATCOM DIRECT GOVERNMENT, LLC",2026-09-04,0.0,HC101323FF126,NM,ALBUQUERQUE,87116,BERNALILLO,DG10,IT AND TELECOM - NETWORK AS A SERVICE,443120,COMPUTER AND SOFTWARE STORES,,,,,False,False
HC101323FF090,"SATCOM DIRECT GOVERNMENT, LLC",2026-09-04,0.0,HC101323FF090,NM,KIRTLAND AFB,87117,BERNALILLO,DG10,IT AND TELECOM - NETWORK AS A SERVICE,443120,COMPUTER AND SOFTWARE STORES,,,,,False,False
HC101323FF191,"SATCOM DIRECT GOVERNMENT, LLC",2026-09-04,0.0,HC101323FF191,NM,KIRTLAND AFB,87117,BERNALILLO,DG10,IT AND TELECOM - NETWORK AS A SERVICE,443120,COMPUTER AND SOFTWARE STORES,,,,,False,False
HC101323FF233,"SATCOM DIRECT GOVERNMENT, LLC",2026-09-04,0.0,HC101323FF233,NM,KIRTLAND AFB,87117,BERNALILLO,DG10,IT AND TELECOM - NETWORK AS A SERVICE,443120,COMPUTER AND SOFTWARE STORES,,,,,False,False
HC101323FF101,"SATCOM DIRECT GOVERNMENT, LLC",2026-09-04,0.0,HC101323FF101,NM,KIRTLAND AFB,87117,BERNALILLO,DG10,IT AND TELECOM - NETWORK AS A SERVICE,443120,COMPUTER AND SOFTWARE STORES,,,,,False,False
HC101323FF076,"SATCOM DIRECT GOVERNMENT, LLC",2026-09-04,0.0,HC101323FF076,NM,KIRTLAND AFB,87117,BERNALILLO,DG10,IT AND TELECOM - NETWORK AS A SERVICE,443120,COMPUTER AND SOFTWARE STORES,,,,,False,False
HC101323FF107,"SATCOM DIRECT GOVERNMENT, LLC",2026-09-04,0.0,HC101323FF107,NM,ALBUQUERQUE,87116,BERNALILLO,DG10,IT AND TELECOM - NETWORK AS A SERVICE,443120,COMPUTER AND SOFTWARE STORES,,,,,False,False
HC101323FF467,"SATCOM DIRECT GOVERNMENT, LLC",2026-09-04,0.0,HC101323FF467,NM,KIRTLAND AFB,87117,BERNALILLO,DG10,IT AND TELECOM - NETWORK AS A SERVICE,443120,COMPUTER AND SOFTWARE STORES,,,,,False,False
HC101323FF092,"SATCOM DIRECT GOVERNMENT, LLC",2026-09-04,0.0,HC101323FF092,NM,KIRTLAND AFB,87117,BERNALILLO,DG10,IT AND TELECOM - NETWORK AS A SERVICE,443120,COMPUTER AND SOFTWARE STORES,,,,,False,False
HC101323FF186,"SATCOM DIRECT GOVERNMENT, LLC",2026-09-04,0.0,HC101323FF186,NM,ALBUQUERQUE,87116,BERNALILLO,DG10,IT AND TELECOM - NETWORK AS A SERVICE,443120,COMPUTER AND SOFTWARE STORES,,,,,False,False
HC101323FF110,"SATCOM DIRECT GOVERNMENT, LLC",2026-09-04,0.0,HC101323FF110,NM,ALBUQUERQUE,87116,BERNALILLO,DG10,IT AND TELECOM - NETWORK AS A SERVICE,443120,COMPUTER AND SOFTWARE STORES,,,,,False,False
HC101323FF386,"SATCOM DIRECT GOVERNMENT, LLC",2026-09-04,0.0,HC101323FF386,NM,KIRTLAND AFB,87117,BERNALILLO,DG10,IT AND TELECOM - NETWORK AS A SERVICE,443120,COMPUTER AND SOFTWARE STORES,,,,,False,False
HC101323FF468,"SATCOM DIRECT GOVERNMENT, LLC",2026-09-04,0.0,HC101323FF468,NM,KIRTLAND AFB,87117,BERNALILLO,DG10,IT AND TELECOM - NETWORK AS A SERVICE,443120,COMPUTER AND SOFTWARE STORES,,,,,False,False
HC101323FF196,"SATCOM DIRECT GOVERNMENT, LLC",2026-09-04,0.0,HC101323FF196,NM,KIRTLAND AFB,87117,BERNALILLO,DG10,IT AND TELECOM - NETWORK AS A SERVICE,443120,COMPUTER AND SOFTWARE STORES,,,,,False,False
HC101323FF255,"SATCOM DIRECT GOVERNMENT, LLC",2026-09-04,0.0,HC101323FF255,NM,ALBUQUERQUE,87116,BERNALILLO,DG10,IT AND TELECOM - NETWORK AS A SERVICE,443120,COMPUTER AND SOFTWARE STORES,,,,,False,False
HC101323FF254,"SATCOM DIRECT GOVERNMENT, LLC",2026-09-04,0.0,HC101323FF254,NM,ALBUQUERQUE,87116,BERNALILLO,DG10,IT AND TELECOM - NETWORK AS A SERVICE,443120,COMPUTER AND SOFTWARE STORES,,,,,False,False
HC101323FF132,"SATCOM DIRECT GOVERNMENT, LLC",2026-09-04,0.0,HC101323FF132,NM,KIRTLAND AFB,87117,BERNALILLO,DG10,IT AND TELECOM - NETWORK AS A SERVICE,443120,COMPUTER AND SOFTWARE STORES,,,,,False,False
HC101323FF363,"SATCOM DIRECT GOVERNMENT, LLC",2026-09-04,0.0,HC101323FF363,NM,KIRTLAND AFB,87117,BERNALILLO,DG10,IT AND TELECOM - NETWORK AS A SERVICE,443120,COMPUTER AND SOFTWARE STORES,,,,,False,False
HC101323FF177,"SATCOM DIRECT GOVERNMENT, LLC",2026-09-04,0.0,HC101323FF177,NM,ALBUQUERQUE,87116,BERNALILLO,DG10,IT AND TELECOM - NETWORK AS A SERVICE,443120,COMPUTER AND SOFTWARE STORES,,,,,False,False
HC101323FF200,"SATCOM DIRECT GOVERNMENT, LLC",2026-09-04,0.0,HC101323FF200,NM,ALBUQUERQUE,87116,BERNALILLO,DG10,IT AND TELECOM - NETWORK AS A SERVICE,443120,COMPUTER AND SOFTWARE STORES,,,,,False,False
HC101323FF249,"SATCOM DIRECT GOVERNMENT, LLC",2026-09-04,0.0,HC101323FF249,NM,ALBUQUERQUE,87116,BERNALILLO,DG10,IT AND TELECOM - NETWORK AS A SERVICE,443120,COMPUTER AND SOFTWARE STORES,,,,,False,False
HC101323FF138,"SATCOM DIRECT GOVERNMENT, LLC",2026-09-04,0.0,HC101323FF138,NM,KIRTLAND AFB,87117,BERNALILLO,DG10,IT AND TELECOM - NETWORK AS A SERVICE,443120,COMPUTER AND SOFTWARE STORES,,,,,False,False
HC101323FF434,"SATCOM DIRECT GOVERNMENT, LLC",2026-09-04,0.0,HC101323FF434,NM,ALBUQUERQUE,87116,BERNALILLO,DG10,IT AND TELECOM - NETWORK AS A SERVICE,443120,COMPUTER AND SOFTWARE STORES,,,,,False,False
HC101323FF130,"SATCOM DIRECT GOVERNMENT, LLC",2026-09-04,0.0,HC101323FF130,NM,ALBUQUERQUE,87116,BERNALILLO,DG10,IT AND TELECOM - NETWORK AS A SERVICE,443120,COMPUTER AND SOFTWARE STORES,,,,,False,False
HC101323FF126,"SATCOM DIRECT GOVERNMENT, LLC",2026-09-04,0.0,HC101323FF126,NM,ALBUQUERQUE,87116,BERNALILLO,DG10,IT AND TELECOM - NETWORK AS A SERVICE,443120,COMPUTER AND SOFTWARE STORES,,,,,False,False
HC101323FF090,"SATCOM DIRECT GOVERNMENT, LLC",2026-09-04,0.0,HC101323FF090,NM,KIRTLAND AFB,87117,BERNALILLO,DG10,IT AND TELECOM - NETWORK AS A SERVICE,443120,COMPUTER AND SOFTWARE STORES,,,,,False,False
HC101323FF171,"SATCOM DIRECT GOVERNMENT, LLC",2026-09-04,0.0,HC101323FF171,NM,ALBUQUERQUE,87116,BERNALILLO,DG10,IT AND TELECOM - NETWORK AS A SERVICE,443120,COMPUTER AND SOFTWARE STORES,,,,,False,False
HC101323FF382,"SATCOM DIRECT GOVERNMENT, LLC",2026-09-04,0.0,HC101323FF382,NM,KIRTLAND AFB,87117,BERNALILLO,DG10,IT AND TELECOM - NETWORK AS A SERVICE,443120,COMPUTER AND SOFTWARE STORES,,,,,False,False
HC101323FF421,"SATCOM DIRECT GOVERNMENT, LLC",2026-09-04,0.0,HC101323FF421,NM,ALBUQUERQUE,87116,BERNALILLO,DG10,IT AND TELECOM - NETWORK AS A SERVICE,443120,COMPUTER AND SOFTWARE STORES,,,,,False,False
HC101323FF469,"SATCOM DIRECT GOVERNMENT, LLC",2026-09-04,0.0,HC101323FF469,NM,KIRTLAND AFB,87117,BERNALILLO,DG10,IT AND TELECOM - NETWORK AS A SERVICE,443120,COMPUTER AND SOFTWARE STORES,,,,,False,False
HC101323FF436,"SATCOM DIRECT GOVERNMENT, LLC",2026-09-04,0.0,HC101323FF436,NM,ALBUQUERQUE,87116,BERNALILLO,DG10,IT AND TELECOM - NETWORK AS A SERVICE,443120,COMPUTER AND SOFTWARE STORES,,,,,False,False
HC101323FF378,"SATCOM DIRECT GOVERNMENT, LLC",2026-09-04,0.0,HC101323FF378,NM,KIRTLAND AFB,87117,BERNALILLO,DG10,IT AND TELECOM - NETWORK AS A SERVICE,443120,COMPUTER AND SOFTWARE STORES,,,,,False,False
HC101323FF429,"SATCOM DIRECT GOVERNMENT, LLC",2026-09-04,0.0,HC101323FF429,NM,ALBUQUERQUE,87116,BERNALILLO,DG10,IT AND TELECOM - NETWORK AS A SERVICE,443120,COMPUTER AND SOFTWARE STORES,,,,,False,False
HC101323FF392,"SATCOM DIRECT GOVERNMENT, LLC",2026-09-04,0.0,HC101323FF392,NM,KIRTLAND AFB,87117,BERNALILLO,DG10,IT AND TELECOM - NETWORK AS A SERVICE,443120,COMPUTER AND SOFTWARE STORES,,,,,False,False
HC101323FF248,"SATCOM DIRECT GOVERNMENT, LLC",2026-09-04,0.0,HC101323FF248,NM,ALBUQUERQUE,87116,BERNALILLO,DG10,IT AND TELECOM - NETWORK AS A SERVICE,443120,COMPUTER AND SOFTWARE STORES,,,,,False,False
HC101323FF269,"SATCOM DIRECT GOVERNMENT, LLC",2026-09-04,0.0,HC101323FF269,NM,ALBUQUERQUE,87116,BERNALILLO,DG10,IT AND TELECOM - NETWORK AS A SERVICE,443120,COMPUTER AND SOFTWARE STORES,,,,,False,False
HC101323FF253,"SATCOM DIRECT GOVERNMENT, LLC",2026-09-04,0.0,HC101323FF253,NM,ALBUQUERQUE,87116,BERNALILLO,DG10,IT AND TELECOM - NETWORK AS A SERVICE,443120,COMPUTER AND SOFTWARE STORES,,,,,False,False
HC101323FF088,"SATCOM DIRECT GOVERNMENT, LLC",2026-09-04,0.0,HC101323FF088,NM,KIRTLAND AFB,87117,BERNALILLO,DG10,IT AND TELECOM - NETWORK AS A SERVICE,443120,COMPUTER AND SOFTWARE STORES,,,,,False,False
HC101323FF347,"SATCOM DIRECT GOVERNMENT, LLC",2026-09-04,0.0,HC101323FF347,NM,KIRTLAND AFB,87117,BERNALILLO,DG10,IT AND TELECOM - NETWORK AS A SERVICE,443120,COMPUTER AND SOFTWARE STORES,,,,,False,False
HC101323FF210,"SATCOM DIRECT GOVERNMENT, LLC",2026-09-04,0.0,HC101323FF210,NM,KIRTLAND AFB,87117,BERNALILLO,DG10,IT AND TELECOM - NETWORK AS A SERVICE,443120,COMPUTER AND SOFTWARE STORES,,,,,False,False
HC101323FF089,"SATCOM DIRECT GOVERNMENT, LLC",2026-09-04,0.0,HC101323FF089,NM,KIRTLAND AFB,87117,BERNALILLO,DG10,IT AND TELECOM - NETWORK AS A SERVICE,443120,COMPUTER AND SOFTWARE STORES,,,,,False,False
HC101323FF443,"SATCOM DIRECT GOVERNMENT, LLC",2026-09-04,0.0,HC101323FF443,NM,ALBUQUERQUE,87116,BERNALILLO,DG10,IT AND TELECOM - NETWORK AS A SERVICE,443120,COMPUTER AND SOFTWARE STORES,,,,,False,False
HC101323FF437,"SATCOM DIRECT GOVERNMENT, LLC",2026-09-04,0.0,HC101323FF437,NM,ALBUQUERQUE,87116,BERNALILLO,DG10,IT AND TELECOM - NETWORK AS A SERVICE,443120,COMPUTER AND SOFTWARE STORES,,,,,False,False
HC101323FF445,"SATCOM DIRECT GOVERNMENT, LLC",2026-09-04,0.0,HC101323FF445,NM,ALBUQUERQUE,87116,BERNALILLO,DG10,IT AND TELECOM - NETWORK AS A SERVICE,443120,COMPUTER AND SOFTWARE STORES,,,,,False,False
HC101323FF174,"SATCOM DIRECT GOVERNMENT, LLC",2026-09-04,0.0,HC101323FF174,NM,KIRTLAND AFB,87117,BERNALILLO,DG10,IT AND TELECOM - NETWORK AS A SERVICE,443120,COMPUTER AND SOFTWARE STORES,,,,,False,False
HC101323FF361,"SATCOM DIRECT GOVERNMENT, LLC",2026-09-04,0.0,HC101323FF361,NM,KIRTLAND AFB,87117,BERNALILLO,DG10,IT AND TELECOM - NETWORK AS A SERVICE,443120,COMPUTER AND SOFTWARE STORES,,,,,False,False
HC101323FF410,"SATCOM DIRECT GOVERNMENT, LLC",2026-09-04,0.0,HC101323FF410,NM,ALBUQUERQUE,87116,BERNALILLO,DG10,IT AND TELECOM - NETWORK AS A SERVICE,443120,COMPUTER AND SOFTWARE STORES,,,,,False,False
HC101323FF314,"SATCOM DIRECT GOVERNMENT, LLC",2026-09-04,0.0,HC101323FF314,NM,ALBUQUERQUE,87116,BERNALILLO,DG10,IT AND TELECOM - NETWORK AS A SERVICE,443120,COMPUTER AND SOFTWARE STORES,,,,,False,False
HC101323FF124,"SATCOM DIRECT GOVERNMENT, LLC",2026-09-04,0.0,HC101323FF124,NM,KIRTLAND AFB,87117,BERNALILLO,DG10,IT AND TELECOM - NETWORK AS A SERVICE,443120,COMPUTER AND SOFTWARE STORES,,,,,False,False
HC101323FF427,"SATCOM DIRECT GOVERNMENT, LLC",2026-09-04,0.0,HC101323FF427,NM,ALBUQUERQUE,87116,BERNALILLO,DG10,IT AND TELECOM - NETWORK AS A SERVICE,443120,COMPUTER AND SOFTWARE STORES,,,,,False,False
HC101323FF102,"SATCOM DIRECT GOVERNMENT, LLC",2026-09-04,0.0,HC101323FF102,NM,KIRTLAND AFB,87117,BERNALILLO,DG10,IT AND TELECOM - NETWORK AS A SERVICE,443120,COMPUTER AND SOFTWARE STORES,,,,,False,False
HC101323FF447,"SATCOM DIRECT GOVERNMENT, LLC",2026-09-04,0.0,HC101323FF447,NM,ALBUQUERQUE,87116,BERNALILLO,DG10,IT AND TELECOM - NETWORK AS A SERVICE,443120,COMPUTER AND SOFTWARE STORES,,,,,False,False
HC101323FF428,"SATCOM DIRECT GOVERNMENT, LLC",2026-09-04,0.0,HC101323FF428,NM,ALBUQUERQUE,87116,BERNALILLO,DG10,IT AND TELECOM - NETWORK AS A SERVICE,443120,COMPUTER AND SOFTWARE STORES,,,,,False,False
HC101323FF385,"SATCOM DIRECT GOVERNMENT, LLC",2026-09-04,0.0,HC101323FF385,NM,KIRTLAND AFB,87117,BERNALILLO,DG10,IT AND TELECOM - NETWORK AS A SERVICE,443120,COMPUTER AND SOFTWARE STORES,,,,,False,False
HC101323FF319,"SATCOM DIRECT GOVERNMENT, LLC",2026-09-04,0.0,HC101323FF319,NM,ALBUQUERQUE,87116,BERNALILLO,DG10,IT AND TELECOM - NETWORK AS A SERVICE,443120,COMPUTER AND SOFTWARE STORES,,,,,False,False
HC101323FF147,"SATCOM DIRECT GOVERNMENT, LLC",2026-09-04,0.0,HC101323FF147,NM,ALBUQUERQUE,87116,BERNALILLO,DG10,IT AND TELECOM - NETWORK AS A SERVICE,443120,COMPUTER AND SOFTWARE STORES,,,,,False,False
HC101323FF356,"SATCOM DIRECT GOVERNMENT, LLC",2026-09-04,0.0,HC101323FF356,NM,KIRTLAND AFB,87117,BERNALILLO,DG10,IT AND TELECOM - NETWORK AS A SERVICE,443120,COMPUTER AND SOFTWARE STORES,,,,,False,False
HC101323FF252,"SATCOM DIRECT GOVERNMENT, LLC",2026-09-04,0.0,HC101323FF252,NM,ALBUQUERQUE,87116,BERNALILLO,DG10,IT AND TELECOM - NETWORK AS A SERVICE,443120,COMPUTER AND SOFTWARE STORES,,,,,False,False
HC101323FF440,"SATCOM DIRECT GOVERNMENT, LLC",2026-09-04,0.0,HC101323FF440,NM,ALBUQUERQUE,87116,BERNALILLO,DG10,IT AND TELECOM - NETWORK AS A SERVICE,443120,COMPUTER AND SOFTWARE STORES,,,,,False,False
HC101323FF342,"SATCOM DIRECT GOVERNMENT, LLC",2026-09-04,0.0,HC101323FF342,NM,ALBUQUERQUE,87116,BERNALILLO,DG10,IT AND TELECOM - NETWORK AS A SERVICE,443120,COMPUTER AND SOFTWARE STORES,,,,,False,False
HC101323FF216,"SATCOM DIRECT GOVERNMENT, LLC",2026-09-04,0.0,HC101323FF216,NM,KIRTLAND AFB,87117,BERNALILLO,DG10,IT AND TELECOM - NETWORK AS A SERVICE,443120,COMPUTER AND SOFTWARE STORES,,,,,False,False
HC101323FF189,"SATCOM DIRECT GOVERNMENT, LLC",2026-09-04,0.0,HC101323FF189,NM,ALBUQUERQUE,87116,BERNALILLO,DG10,IT AND TELECOM - NETWORK AS A SERVICE,443120,COMPUTER AND SOFTWARE STORES,,,,,False,False
HC101323FF277,"SATCOM DIRECT GOVERNMENT, LLC",2026-09-04,0.0,HC101323FF277,NM,ALBUQUERQUE,87116,BERNALILLO,DG10,IT AND TELECOM - NETWORK AS A SERVICE,443120,COMPUTER AND SOFTWARE STORES,,,,,False,False
HC101323FF466,"SATCOM DIRECT GOVERNMENT, LLC",2026-09-04,0.0,HC101323FF466,NM,KIRTLAND AFB,87117,BERNALILLO,DG10,IT AND TELECOM - NETWORK AS A SERVICE,443120,COMPUTER AND SOFTWARE STORES,,,,,False,False
HC101323FF125,"SATCOM DIRECT GOVERNMENT, LLC",2026-09-04,0.0,HC101323FF125,NM,KIRTLAND AFB,87117,BERNALILLO,DG10,IT AND TELECOM - NETWORK AS A SERVICE,443120,COMPUTER AND SOFTWARE STORES,,,,,False,False
HC101323FF083,"SATCOM DIRECT GOVERNMENT, LLC",2026-09-04,0.0,HC101323FF083,NM,KIRTLAND AFB,87117,BERNALILLO,DG10,IT AND TELECOM - NETWORK AS A SERVICE,443120,COMPUTER AND SOFTWARE STORES,,,,,False,False
HC101323FF373,"SATCOM DIRECT GOVERNMENT, LLC",2026-09-04,0.0,HC101323FF373,NM,KIRTLAND AFB,87117,BERNALILLO,DG10,IT AND TELECOM - NETWORK AS A SERVICE,443120,COMPUTER AND SOFTWARE STORES,,,,,False,False
HC101323FF164,"SATCOM DIRECT GOVERNMENT, LLC",2026-09-04,0.0,HC101323FF164,NM,KIRTLAND AFB,87117,BERNALILLO,DG10,IT AND TELECOM - NETWORK AS A SERVICE,443120,COMPUTER AND SOFTWARE STORES,,,,,False,False
HC101323FF211,"SATCOM DIRECT GOVERNMENT, LLC",2026-09-04,0.0,HC101323FF211,NM,KIRTLAND AFB,87117,BERNALILLO,DG10,IT AND TELECOM - NETWORK AS A SERVICE,443120,COMPUTER AND SOFTWARE STORES,,,,,False,False
HC101323FF220,"SATCOM DIRECT GOVERNMENT, LLC",2026-09-04,0.0,HC101323FF220,NM,KIRTLAND AFB,87117,BERNALILLO,DG10,IT AND TELECOM - NETWORK AS A SERVICE,443120,COMPUTER AND SOFTWARE STORES,,,,,False,False
HC101323FF411,"SATCOM DIRECT GOVERNMENT, LLC",2026-09-04,0.0,HC101323FF411,NM,ALBUQUERQUE,87116,BERNALILLO,DG10,IT AND TELECOM - NETWORK AS A SERVICE,443120,COMPUTER AND SOFTWARE STORES,,,,,False,False
HC101323FF078,"SATCOM DIRECT GOVERNMENT, LLC",2026-09-04,0.0,HC101323FF078,NM,KIRTLAND AFB,87117,BERNALILLO,DG10,IT AND TELECOM - NETWORK AS A SERVICE,443120,COMPUTER AND SOFTWARE STORES,,,,,False,False
HC101323FF201,"SATCOM DIRECT GOVERNMENT, LLC",2026-09-04,0.0,HC101323FF201,NM,ALBUQUERQUE,87116,BERNALILLO,DG10,IT AND TELECOM - NETWORK AS A SERVICE,443120,COMPUTER AND SOFTWARE STORES,,,,,False,False
HC101323FF243,"SATCOM DIRECT GOVERNMENT, LLC",2026-09-04,0.0,HC101323FF243,NM,KIRTLAND AFB,87117,BERNALILLO,DG10,IT AND TELECOM - NETWORK AS A SERVICE,443120,COMPUTER AND SOFTWARE STORES,,,,,False,False
HC101323FF175,"SATCOM DIRECT GOVERNMENT, LLC",2026-09-04,0.0,HC101323FF175,NM,KIRTLAND AFB,87117,BERNALILLO,DG10,IT AND TELECOM - NETWORK AS A SERVICE,443120,COMPUTER AND SOFTWARE STORES,,,,,False,False
HC101323FF355,"SATCOM DIRECT GOVERNMENT, LLC",2026-09-04,0.0,HC101323FF355,NM,KIRTLAND AFB,87117,BERNALILLO,DG10,IT AND TELECOM - NETWORK AS A SERVICE,443120,COMPUTER AND SOFTWARE STORES,,,,,False,False
HC101323FF086,"SATCOM DIRECT GOVERNMENT, LLC",2026-09-04,0.0,HC101323FF086,NM,KIRTLAND AFB,87117,BERNALILLO,DG10,IT AND TELECOM - NETWORK AS A SERVICE,443120,COMPUTER AND SOFTWARE STORES,,,,,False,False
HC101323FF259,"SATCOM DIRECT GOVERNMENT, LLC",2026-09-04,0.0,HC101323FF259,NM,ALBUQUERQUE,87116,BERNALILLO,DG10,IT AND TELECOM - NETWORK AS A SERVICE,443120,COMPUTER AND SOFTWARE STORES,,,,,False,False
HC101323FF371,"SATCOM DIRECT GOVERNMENT, LLC",2026-09-04,0.0,HC101323FF371,NM,KIRTLAND AFB,87117,BERNALILLO,DG10,IT AND TELECOM - NETWORK AS A SERVICE,443120,COMPUTER AND SOFTWARE STORES,,,,,False,False
HC101323FF330,"SATCOM DIRECT GOVERNMENT, LLC",2026-09-04,0.0,HC101323FF330,NM,ALBUQUERQUE,87116,BERNALILLO,DG10,IT AND TELECOM - NETWORK AS A SERVICE,443120,COMPUTER AND SOFTWARE STORES,,,,,False,False
HC101326FB991,TRACE SYSTEMS INC.,2026-09-03,511.3,HC101326FB991,MS,STENNIS SPACE CENTER,39529,HANCOCK,7G22,"IT AND TELECOM - NETWORK: SATELLITE AND RF COMMUNICATIONS PRODUCTS (HW, PERPETUAL LICENSE SOFTWARE)",517410,SATELLITE TELECOMMUNICATIONS,,,,,False,False
W912DQ24F3025,HDR-OBG A JOINT VENTURE,2026-09-03,536353.0,W912DQ24F3025,NJ,IRVINGTON,07111,ESSEX,C219,ARCHITECT AND ENGINEERING- GENERAL: OTHER,541330,ENGINEERING SERVICES,,,,,False,False
W912DQ25F3021,ECC ENVIRONMENTAL LLC,2026-09-02,246847.0,W912DQ25F3021,NJ,COLUMBUS,08022,BURLINGTON,F999,OTHER ENVIRONMENTAL SERVICES,562910,REMEDIATION SERVICES,,,,,False,False
HC101324CA004,T-MOBILE SECURE FEDERAL OPERATIONS LLC,2026-09-01,0.0,HC101324CA004,VA,RESTON,20191,FAIRFAX,R426,SUPPORT- PROFESSIONAL: COMMUNICATIONS,517112,WIRELESS TELECOMMUNICATIONS CARRIERS (EXCEPT SATELLITE),,,,,False,False
HC101317FB208,"LUMEN TECHNOLOGIES GOVERNMENT SOLUTIONS, INC",2026-09-01,0.0,HC101317FB208,VA,ASHBURN,20147,LOUDOUN,D304,IT AND TELECOM- TELECOMMUNICATIONS AND TRANSMISSION,517110,WIRED TELECOMMUNICATIONS CARRIERS,,,,,False,False
W912DQ25F3026,HDR-OBG A JOINT VENTURE,2026-09-01,115582.0,W912DQ25F3026,NJ,VINELAND,08360,CUMBERLAND,C219,ARCHITECT AND ENGINEERING- GENERAL: OTHER,541330,ENGINEERING SERVICES,,,,,False,False
HC101321F0196,"AT&T ENTERPRISES, LLC",2026-09-01,-811413.67,HC101321F0196,DC,ALEXANDRIA,20598,LOUDOUN,DG10,IT AND TELECOM - NETWORK AS A SERVICE,517110,WIRED TELECOMMUNICATIONS CARRIERS,,,,,False,False
W912DQ26FA087,WSP USA SOLUTIONS INC,2026-08-31,1000000.0,,NY,,,,C219,ARCHITECT AND ENGINEERING- GENERAL: OTHER,541330,ENGINEERING SERVICES,,,,,False,False
N4033926CF501,FINCANTIERI MARINE REPAIR LLC,2026-08-29,648017.03,N4033926CF501,,,,,J998,NON-NUCLEAR SHIP REPAIR (EAST),336611,SHIP BUILDING AND REPAIRING,,,,,False,False
HC101326FB967,TRACE SYSTEMS INC.,2026-08-28,1753.14,HC101326FB967,AP,FPO,96534,FPO,7G22,"IT AND TELECOM - NETWORK: SATELLITE AND RF COMMUNICATIONS PRODUCTS (HW, PERPETUAL LICENSE SOFTWARE)",517410,SATELLITE TELECOMMUNICATIONS,,,,,False,False
W912DQ26FA119,WASTE CONTROL SPECIALISTS LLC,2026-08-28,312000.0,W912DQ26FA119,NJ,GLOUCESTER CITY,08030,CAMDEN,F108,ENVIRONMENTAL SYSTEMS PROTECTION- ENVIRONMENTAL REMEDIATION,562211,HAZARDOUS WASTE TREATMENT AND DISPOSAL,,,,,False,False
W912DQ22F3093,GEO CONSULTANTS CORPORATION,2026-08-27,7329.0,W912DQ22F3093,MO,MONTGOMERY CITY,63361,MONTGOMERY,C219,ARCHITECT AND ENGINEERING- GENERAL: OTHER,541330,ENGINEERING SERVICES,,,,,False,False
W912DQ21F3050,"ARCADIS U.S., INC.",2026-08-27,21035.0,W912DQ21F3050,NJ,FAIR LAWN,07410,BERGEN,C219,ARCHITECT AND ENGINEERING- GENERAL: OTHER,541330,ENGINEERING SERVICES,,,,,False,False
HC101326FB686,COMCAST GOVERNMENT SERVICES LLC,2026-08-27,-31640.45,HC101326FB686,WV,KEARNEYSVILLE,25430,JEFFERSON,DG11,IT AND TELECOM - NETWORK: SATELLITE COMMUNICATIONS AND TELECOM ACCESS SERVICES,517110,WIRED TELECOMMUNICATIONS CARRIERS,,,,,False,False
N4033926CF503,ARAB SHIPBUILDING & REPAIR YARD CO. (ASRY),2026-08-26,-326568.0,N4033926CF503,,,,,J998,NON-NUCLEAR SHIP REPAIR (EAST),336611,SHIP BUILDING AND REPAIRING,,,,,False,False
HC108426FB279,ATT MOBILITY LLC,2026-08-26,4334.31,HC108426FB279,MD,FORT GEORGE G MEADE,20755,ANNE ARUNDEL,DG11,IT AND TELECOM - NETWORK: SATELLITE COMMUNICATIONS AND TELECOM ACCESS SERVICES,517112,WIRELESS TELECOMMUNICATIONS CARRIERS (EXCEPT SATELLITE),,,,,False,False
HC101326FB587,AT&T CORP.,2026-08-26,6.58,HC101326FB587,VA,OAKTON,22124,FAIRFAX,DG11,IT AND TELECOM - NETWORK: SATELLITE COMMUNICATIONS AND TELECOM ACCESS SERVICES,517919,ALL OTHER TELECOMMUNICATIONS,,,,,False,False
HC101326FB732,TRACE SYSTEMS INC.,2026-08-25,-75.17,HC101326FB732,FL,MIAMI,33131,MIAMI-DADE,7G22,"IT AND TELECOM - NETWORK: SATELLITE AND RF COMMUNICATIONS PRODUCTS (HW, PERPETUAL LICENSE SOFTWARE)",517410,SATELLITE TELECOMMUNICATIONS,,,,,False,False
HC101326FB595,TRACE SYSTEMS INC.,2026-08-25,0.0,HC101326FB595,,,,,7G22,"IT AND TELECOM - NETWORK: SATELLITE AND RF COMMUNICATIONS PRODUCTS (HW, PERPETUAL LICENSE SOFTWARE)",517410,SATELLITE TELECOMMUNICATIONS,,,,,False,False
W912DQ25F3059,ECC ENVIRONMENTAL LLC,2026-08-24,379520.01,W912DQ25F3059,CA,BURLINGAME,94010,SAN MATEO,F108,ENVIRONMENTAL SYSTEMS PROTECTION- ENVIRONMENTAL REMEDIATION,562910,REMEDIATION SERVICES,,,,,False,False
HC101326FB791,TRACE SYSTEMS INC.,2026-08-24,0.0,HC101326FB791,DC,WASHINGTON,20415,DISTRICT OF COLUMBIA,7G22,"IT AND TELECOM - NETWORK: SATELLITE AND RF COMMUNICATIONS PRODUCTS (HW, PERPETUAL LICENSE SOFTWARE)",517410,SATELLITE TELECOMMUNICATIONS,,,,,False,False
W912DQ23F3017,"AECOM TECHNICAL SERVICES, INC.",2026-08-24,375000.0,W912DQ23F3017,NY,BROOKLYN,11222,KINGS,C219,ARCHITECT AND ENGINEERING- GENERAL: OTHER,541330,ENGINEERING SERVICES,,,,,False,False
N0016426FL150,"TELEDYNE FLIR DEFENSE, INC.",2026-08-24,37921.0,N0016426FL150,MA,NORTH BILLERICA,01862,MIDDLESEX,K058,"MODIFICATION OF EQUIPMENT- COMMUNICATION, DETECTION, AND COHERENT RADIATION EQUIPMENT",334511,"SEARCH, DETECTION, NAVIGATION, GUIDANCE, AERONAUTICAL, AND NAUTICAL SYSTEM AND INSTRUMENT MANUFACTURING",,,,,False,False
HC101321F0196,"AT&T ENTERPRISES, LLC",2026-08-20,2646238.92,HC101321F0196,DC,ALEXANDRIA,20598,LOUDOUN,DG10,IT AND TELECOM - NETWORK AS A SERVICE,517110,WIRED TELECOMMUNICATIONS CARRIERS,,,,,False,False
HC101326FB625,TRACE SYSTEMS INC.,2026-08-19,0.0,HC101326FB625,,,,,7G22,"IT AND TELECOM - NETWORK: SATELLITE AND RF COMMUNICATIONS PRODUCTS (HW, PERPETUAL LICENSE SOFTWARE)",517410,SATELLITE TELECOMMUNICATIONS,,,,,False,False
W912DQ21F3052,"ARCADIS U.S., INC.",2026-08-19,484449.0,W912DQ21F3052,NJ,FAIR LAWN,07410,BERGEN,C219,ARCHITECT AND ENGINEERING- GENERAL: OTHER,541330,ENGINEERING SERVICES,,,,,False,False
HC101321F0196,"AT&T ENTERPRISES, LLC",2026-08-19,0.0,HC101321F0196,DC,ALEXANDRIA,20598,LOUDOUN,DG10,IT AND TELECOM - NETWORK AS A SERVICE,517110,WIRED TELECOMMUNICATIONS CARRIERS,,,,,False,False
HC101326FB864,TRACE SYSTEMS INC.,2026-08-18,0.0,HC101326FB864,AL,TUSCALOOSA,35401,TUSCALOOSA,7G22,"IT AND TELECOM - NETWORK: SATELLITE AND RF COMMUNICATIONS PRODUCTS (HW, PERPETUAL LICENSE SOFTWARE)",517410,SATELLITE TELECOMMUNICATIONS,,,,,False,False
HC101326FB766,TRACE SYSTEMS INC.,2026-08-18,0.0,HC101326FB766,DC,WASHINGTON,20581,DISTRICT OF COLUMBIA,7G22,"IT AND TELECOM - NETWORK: SATELLITE AND RF COMMUNICATIONS PRODUCTS (HW, PERPETUAL LICENSE SOFTWARE)",517410,SATELLITE TELECOMMUNICATIONS,,,,,False,False
HC101326FB856,TRACE SYSTEMS INC.,2026-08-18,0.0,HC101326FB856,AL,TUSCALOOSA,35401,TUSCALOOSA,7G22,"IT AND TELECOM - NETWORK: SATELLITE AND RF COMMUNICATIONS PRODUCTS (HW, PERPETUAL LICENSE SOFTWARE)",517410,SATELLITE TELECOMMUNICATIONS,,,,,False,False
HC108426FB249,ATT MOBILITY LLC,2026-08-18,12329.33,HC108426FB249,MD,FORT GEORGE G MEADE,20755,ANNE ARUNDEL,DG11,IT AND TELECOM - NETWORK: SATELLITE COMMUNICATIONS AND TELECOM ACCESS SERVICES,517112,WIRELESS TELECOMMUNICATIONS CARRIERS (EXCEPT SATELLITE),,,,,False,False
N4033926CF501,FINCANTIERI MARINE REPAIR LLC,2026-08-18,-1760.0,N4033926CF501,,,,,J998,NON-NUCLEAR SHIP REPAIR (EAST),336611,SHIP BUILDING AND REPAIRING,,,,,False,False
HC101323FC043,COMCAST GOVERNMENT SERVICES LLC,2026-08-18,0.0,HC101323FC043,VA,RESTON,20190,FAIRFAX,DG11,IT AND TELECOM - NETWORK: SATELLITE COMMUNICATIONS AND TELECOM ACCESS SERVICES,517311,WIRED TELECOMMUNICATIONS CARRIERS,,,,,False,False
W912DQ25F3015,CAPE ENVIRONMENTAL MANAGEMENT INC,2026-08-17,-2500.0,W912DQ25F3015,NJ,STANHOPE,07874,SUSSEX,F999,OTHER ENVIRONMENTAL SERVICES,562910,REMEDIATION SERVICES,,,,,False,False
HC101326FB880,TRACE SYSTEMS INC.,2026-08-17,511.3,HC101326FB880,MD,SILVER SPRING,20910,MONTGOMERY,7G22,"IT AND TELECOM - NETWORK: SATELLITE AND RF COMMUNICATIONS PRODUCTS (HW, PERPETUAL LICENSE SOFTWARE)",517410,SATELLITE TELECOMMUNICATIONS,,,,,False,False
N0016422CJQ86,"PRISM MARITIME, INC.",2026-08-17,477831.34,N0016422CJQ86,VA,CHESAPEAKE,23320,CHESAPEAKE CITY,N020,INSTALLATION OF EQUIPMENT- SHIP AND MARINE EQUIPMENT,336611,SHIP BUILDING AND REPAIRING,,,,,False,False
HC108426FB146,ATT MOBILITY LLC,2026-08-17,-4.2,HC108426FB146,MD,FORT GEORGE G MEADE,20755,ANNE ARUNDEL,DG11,IT AND TELECOM - NETWORK: SATELLITE COMMUNICATIONS AND TELECOM ACCESS SERVICES,517112,WIRELESS TELECOMMUNICATIONS CARRIERS (EXCEPT SATELLITE),,,,,False,False
HC108425FA449,ATT MOBILITY LLC,2026-08-17,-411.77,HC108425FA449,MD,FORT GEORGE G MEADE,20755,ANNE ARUNDEL,DG11,IT AND TELECOM - NETWORK: SATELLITE COMMUNICATIONS AND TELECOM ACCESS SERVICES,517112,WIRELESS TELECOMMUNICATIONS CARRIERS (EXCEPT SATELLITE),,,,,False,False
HC101326FB877,TRACE SYSTEMS INC.,2026-08-14,153.39,HC101326FB877,CT,NEW LONDON,06320,NEW LONDON,7G22,"IT AND TELECOM - NETWORK: SATELLITE AND RF COMMUNICATIONS PRODUCTS (HW, PERPETUAL LICENSE SOFTWARE)",517410,SATELLITE TELECOMMUNICATIONS,,,,,False,False
HC108425FA634,ATT MOBILITY LLC,2026-08-14,-823.53,HC108425FA634,MD,FORT GEORGE G MEADE,20755,ANNE ARUNDEL,DG11,IT AND TELECOM - NETWORK: SATELLITE COMMUNICATIONS AND TELECOM ACCESS SERVICES,517112,WIRELESS TELECOMMUNICATIONS CARRIERS (EXCEPT SATELLITE),,,,,False,False
HC108426FB245,ATT MOBILITY LLC,2026-08-14,2234.66,HC108426FB245,MD,FORT GEORGE G MEADE,20755,ANNE ARUNDEL,DG11,IT AND TELECOM - NETWORK: SATELLITE COMMUNICATIONS AND TELECOM ACCESS SERVICES,517112,WIRELESS TELECOMMUNICATIONS CARRIERS (EXCEPT SATELLITE),,,,,False,False
HC108426FB243,ATT MOBILITY LLC,2026-08-14,2234.66,HC108426FB243,MD,FORT GEORGE G MEADE,20755,ANNE ARUNDEL,DG11,IT AND TELECOM - NETWORK: SATELLITE COMMUNICATIONS AND TELECOM ACCESS SERVICES,517112,WIRELESS TELECOMMUNICATIONS CARRIERS (EXCEPT SATELLITE),,,,,False,False
HC101326FB678,TRACE SYSTEMS INC.,2026-08-13,-75.17,HC101326FB678,FL,MIAMI,33131,MIAMI-DADE,7G22,"IT AND TELECOM - NETWORK: SATELLITE AND RF COMMUNICATIONS PRODUCTS (HW, PERPETUAL LICENSE SOFTWARE)",517410,SATELLITE TELECOMMUNICATIONS,,,,,False,False
W912DQ22F3086,CDM FEDERAL PROGRAMS CORPORATION,2026-08-13,0.0,W912DQ22F3086,NJ,ROEBLING,08554,BURLINGTON,C219,ARCHITECT AND ENGINEERING- GENERAL: OTHER,541330,ENGINEERING SERVICES,,,,,False,False
HC108425FA464,ATT MOBILITY LLC,2026-08-13,-1160.43,HC108425FA464,MD,FORT GEORGE G MEADE,20755,ANNE ARUNDEL,DG11,IT AND TELECOM - NETWORK: SATELLITE COMMUNICATIONS AND TELECOM ACCESS SERVICES,517112,WIRELESS TELECOMMUNICATIONS CARRIERS (EXCEPT SATELLITE),,,,,False,False
HC108426FA193,ATT MOBILITY LLC,2026-08-13,-786.1,HC108426FA193,MD,FORT GEORGE G MEADE,20755,ANNE ARUNDEL,DG11,IT AND TELECOM - NETWORK: SATELLITE COMMUNICATIONS AND TELECOM ACCESS SERVICES,517112,WIRELESS TELECOMMUNICATIONS CARRIERS (EXCEPT SATELLITE),,,,,False,False
HC108425FA641,ATT MOBILITY LLC,2026-08-13,-1160.43,HC108425FA641,MD,FORT GEORGE G MEADE,20755,ANNE ARUNDEL,DG11,IT AND TELECOM - NETWORK: SATELLITE COMMUNICATIONS AND TELECOM ACCESS SERVICES,517112,WIRELESS TELECOMMUNICATIONS CARRIERS (EXCEPT SATELLITE),,,,,False,False
HC101326FB864,TRACE SYSTEMS INC.,2026-08-12,51.13,HC101326FB864,AL,TUSCALOOSA,35401,TUSCALOOSA,7G22,"IT AND TELECOM - NETWORK: SATELLITE AND RF COMMUNICATIONS PRODUCTS (HW, PERPETUAL LICENSE SOFTWARE)",517410,SATELLITE TELECOMMUNICATIONS,,,,,False,False
W9127825CA009,"BIRMINGHAM INDUSTRIAL CONSTRUCTION, LLC",2026-08-12,275000.0,W9127825CA009,MS,STENNIS SPACE CENTER,39529,HANCOCK,Y1JZ,CONSTRUCTION OF MISCELLANEOUS BUILDINGS,236220,COMMERCIAL AND INSTITUTIONAL BUILDING CONSTRUCTION,,,,,False,False
HC101326FB856,TRACE SYSTEMS INC.,2026-08-11,51.13,HC101326FB856,AL,TUSCALOOSA,35401,TUSCALOOSA,7G22,"IT AND TELECOM - NETWORK: SATELLITE AND RF COMMUNICATIONS PRODUCTS (HW, PERPETUAL LICENSE SOFTWARE)",517410,SATELLITE TELECOMMUNICATIONS,,,,,False,False
W912DQ24F3040,"EA ENGINEERING, SCIENCE, AND TECHNOLOGY, INC., PBC",2026-08-11,181418.18,W912DQ24F3040,NY,HICKSVILLE,11801,NASSAU,F108,ENVIRONMENTAL SYSTEMS PROTECTION- ENVIRONMENTAL REMEDIATION,562910,REMEDIATION SERVICES,,,,,False,False
HC108426FB149,ATT MOBILITY LLC,2026-08-11,-3.1,HC108426FB149,MD,FORT GEORGE G MEADE,20755,ANNE ARUNDEL,DG11,IT AND TELECOM - NETWORK: SATELLITE COMMUNICATIONS AND TELECOM ACCESS SERVICES,517112,WIRELESS TELECOMMUNICATIONS CARRIERS (EXCEPT SATELLITE),,,,,False,False
N4033926CF501,FINCANTIERI MARINE REPAIR LLC,2026-08-11,168858.0,N4033926CF501,,,,,J998,NON-NUCLEAR SHIP REPAIR (EAST),336611,SHIP BUILDING AND REPAIRING,,,,,False,False
W912DQ26FA106,HDR-OBG A JOINT VENTURE,2026-08-11,220827.86,W912DQ26FA106,FL,PENSACOLA,32502,ESCAMBIA,C219,ARCHITECT AND ENGINEERING- GENERAL: OTHER,541330,ENGINEERING SERVICES,,,,,False,False
HC101326FB593,TRACE SYSTEMS INC.,2026-08-10,0.0,HC101326FB593,VA,PORTSMOUTH,23703,PORTSMOUTH CITY,7G22,"IT AND TELECOM - NETWORK: SATELLITE AND RF COMMUNICATIONS PRODUCTS (HW, PERPETUAL LICENSE SOFTWARE)",517410,SATELLITE TELECOMMUNICATIONS,,,,,False,False
HC108426FB125,ATT MOBILITY LLC,2026-08-10,-3.1,HC108426FB125,MD,FORT GEORGE G MEADE,20755,ANNE ARUNDEL,DG11,IT AND TELECOM - NETWORK: SATELLITE COMMUNICATIONS AND TELECOM ACCESS SERVICES,517112,WIRELESS TELECOMMUNICATIONS CARRIERS (EXCEPT SATELLITE),,,,,False,False
HC108426FB135,ATT MOBILITY LLC,2026-08-10,-3.1,HC108426FB135,MD,FORT GEORGE G MEADE,20755,ANNE ARUNDEL,DG11,IT AND TELECOM - NETWORK: SATELLITE COMMUNICATIONS AND TELECOM ACCESS SERVICES,517112,WIRELESS TELECOMMUNICATIONS CARRIERS (EXCEPT SATELLITE),,,,,False,False
HC108426FB120,ATT MOBILITY LLC,2026-08-10,-3.1,HC108426FB120,MD,FORT GEORGE G MEADE,20755,ANNE ARUNDEL,DG11,IT AND TELECOM - NETWORK: SATELLITE COMMUNICATIONS AND TELECOM ACCESS SERVICES,517112,WIRELESS TELECOMMUNICATIONS CARRIERS (EXCEPT SATELLITE),,,,,False,False
HC108426FB136,ATT MOBILITY LLC,2026-08-10,-4.2,HC108426FB136,MD,FORT GEORGE G MEADE,20755,ANNE ARUNDEL,DG11,IT AND TELECOM - NETWORK: SATELLITE COMMUNICATIONS AND TELECOM ACCESS SERVICES,517112,WIRELESS TELECOMMUNICATIONS CARRIERS (EXCEPT SATELLITE),,,,,False,False
HC101323FC043,COMCAST GOVERNMENT SERVICES LLC,2026-08-10,574.0,HC101323FC043,VA,RESTON,20190,FAIRFAX,DG11,IT AND TELECOM - NETWORK: SATELLITE COMMUNICATIONS AND TELECOM ACCESS SERVICES,517311,WIRED TELECOMMUNICATIONS CARRIERS,,,,,False,False
HC101321F7119,ARINC INCORPORATED,2026-08-10,14483.52,HC101321F7119,DC,WASHINGTON,20535,DISTRICT OF COLUMBIA,DG10,IT AND TELECOM - NETWORK AS A SERVICE,517410,SATELLITE TELECOMMUNICATIONS,,,,,False,False
HC101326FB654,TRACE SYSTEMS INC.,2026-08-07,0.0,HC101326FB654,VA,PORTSMOUTH,23703,PORTSMOUTH CITY,7G22,"IT AND TELECOM - NETWORK: SATELLITE AND RF COMMUNICATIONS PRODUCTS (HW, PERPETUAL LICENSE SOFTWARE)",517410,SATELLITE TELECOMMUNICATIONS,,,,,False,False
HC101323FC055,COMCAST GOVERNMENT SERVICES LLC,2026-08-07,0.0,HC101323FC055,VA,RESTON,20190,FAIRFAX,DG11,IT AND TELECOM - NETWORK: SATELLITE COMMUNICATIONS AND TELECOM ACCESS SERVICES,517311,WIRED TELECOMMUNICATIONS CARRIERS,,,,,False,False
N0016425FJ597,"TELEDYNE FLIR DEFENSE, INC.",2026-08-07,0.0,N0016425FJ597,MA,NORTH BILLERICA,01862,MIDDLESEX,K058,"MODIFICATION OF EQUIPMENT- COMMUNICATION, DETECTION, AND COHERENT RADIATION EQUIPMENT",334511,"SEARCH, DETECTION, NAVIGATION, GUIDANCE, AERONAUTICAL, AND NAUTICAL SYSTEM AND INSTRUMENT MANUFACTURING",,,,,False,False
HC108422FB425,ATT MOBILITY LLC,2026-08-06,-385.99,HC108422FB425,MD,FORT GEORGE G MEADE,20755,ANNE ARUNDEL,DD01,"IT AND TELECOM - SERVICE DELIVERY SUPPORT SERVICES: ITSM, OPERATIONS CENTER, PROJECT/PM (LABOR)",517312,WIRELESS TELECOMMUNICATIONS CARRIERS (EXCEPT SATELLITE),,,,,False,False
N4033926CF501,FINCANTIERI MARINE REPAIR LLC,2026-08-06,465309.4,N4033926CF501,,,,,J998,NON-NUCLEAR SHIP REPAIR (EAST),336611,SHIP BUILDING AND REPAIRING,,,,,False,False
HC101326FB731,"GENERAL DYNAMICS MISSION SYSTEMS, INC.",2026-08-05,0.0,HC101326FB731,FL,MIAMI,33131,MIAMI-DADE,7G22,"IT AND TELECOM - NETWORK: SATELLITE AND RF COMMUNICATIONS PRODUCTS (HW, PERPETUAL LICENSE SOFTWARE)",334220,RADIO AND TELEVISION BROADCASTING AND WIRELESS COMMUNICATIONS EQUIPMENT MANUFACTURING,,,,,False,False
HC101326FB606,"GENERAL DYNAMICS MISSION SYSTEMS, INC.",2026-08-05,0.0,HC101326FB606,FL,KEY WEST,33040,MONROE,7G22,"IT AND TELECOM - NETWORK: SATELLITE AND RF COMMUNICATIONS PRODUCTS (HW, PERPETUAL LICENSE SOFTWARE)",334220,RADIO AND TELEVISION BROADCASTING AND WIRELESS COMMUNICATIONS EQUIPMENT MANUFACTURING,,,,,False,False
HC108425FA150,ATT MOBILITY LLC,2026-08-05,-794.5,HC108425FA150,MD,FORT GEORGE G MEADE,20755,ANNE ARUNDEL,DG11,IT AND TELECOM - NETWORK: SATELLITE COMMUNICATIONS AND TELECOM ACCESS SERVICES,517112,WIRELESS TELECOMMUNICATIONS CARRIERS (EXCEPT SATELLITE),,,,,False,False
HC101324CA002,"AT&T ENTERPRISES, LLC",2026-08-05,6258552.01,HC101324CA002,MD,COLUMBIA,21046,HOWARD,R426,SUPPORT- PROFESSIONAL: COMMUNICATIONS,517112,WIRELESS TELECOMMUNICATIONS CARRIERS (EXCEPT SATELLITE),,,,,False,False
W81K0424F0148,LABORATORY CORPORATION OF AMERICA,2026-08-04,0.0,W81K0424F0148,DC,WASHINGTON,20593,DISTRICT OF COLUMBIA,Q301,REFERENCE LABORATORY TESTING,621511,MEDICAL LABORATORIES,,,,,False,False
HC108426FB113,ATT MOBILITY LLC,2026-08-04,-1.03,HC108426FB113,MD,FORT GEORGE G MEADE,20755,ANNE ARUNDEL,DG11,IT AND TELECOM - NETWORK: SATELLITE COMMUNICATIONS AND TELECOM ACCESS SERVICES,517112,WIRELESS TELECOMMUNICATIONS CARRIERS (EXCEPT SATELLITE),,,,,False,False
HC108426FB212,ATT MOBILITY LLC,2026-08-04,2779.78,HC108426FB212,MD,FORT GEORGE G MEADE,20755,ANNE ARUNDEL,DG11,IT AND TELECOM - NETWORK: SATELLITE COMMUNICATIONS AND TELECOM ACCESS SERVICES,517112,WIRELESS TELECOMMUNICATIONS CARRIERS (EXCEPT SATELLITE),,,,,False,False
HC101323FC043,COMCAST GOVERNMENT SERVICES LLC,2026-08-04,0.0,HC101323FC043,VA,RESTON,20190,FAIRFAX,DG11,IT AND TELECOM - NETWORK: SATELLITE COMMUNICATIONS AND TELECOM ACCESS SERVICES,517311,WIRED TELECOMMUNICATIONS CARRIERS,,,,,False,False
HC101326FB791,TRACE SYSTEMS INC.,2026-08-03,562.68,HC101326FB791,DC,WASHINGTON,20415,DISTRICT OF COLUMBIA,7G22,"IT AND TELECOM - NETWORK: SATELLITE AND RF COMMUNICATIONS PRODUCTS (HW, PERPETUAL LICENSE SOFTWARE)",517410,SATELLITE TELECOMMUNICATIONS,,,,,False,False
HC108426FB207,ATT MOBILITY LLC,2026-08-03,2241.89,HC108426FB207,MD,FORT GEORGE G MEADE,20755,ANNE ARUNDEL,DG11,IT AND TELECOM - NETWORK: SATELLITE COMMUNICATIONS AND TELECOM ACCESS SERVICES,517112,WIRELESS TELECOMMUNICATIONS CARRIERS (EXCEPT SATELLITE),,,,,False,False
HC108426FB112,ATT MOBILITY LLC,2026-08-03,-1.03,HC108426FB112,MD,FORT GEORGE G MEADE,20755,ANNE ARUNDEL,DG11,IT AND TELECOM - NETWORK: SATELLITE COMMUNICATIONS AND TELECOM ACCESS SERVICES,517112,WIRELESS TELECOMMUNICATIONS CARRIERS (EXCEPT SATELLITE),,,,,False,False
HC101324CA003,VERIZON BUSINESS NETWORK SERVICES LLC,2026-08-03,8437325.03,HC101324CA003,VA,ASHBURN,20147,LOUDOUN,R426,SUPPORT- PROFESSIONAL: COMMUNICATIONS,517112,WIRELESS TELECOMMUNICATIONS CARRIERS (EXCEPT SATELLITE),,,,,False,False
HC101324CA004,T-MOBILE SECURE FEDERAL OPERATIONS LLC,2026-07-31,6318324.39,HC101324CA004,VA,RESTON,20191,FAIRFAX,R426,SUPPORT- PROFESSIONAL: COMMUNICATIONS,517112,WIRELESS TELECOMMUNICATIONS CARRIERS (EXCEPT SATELLITE),,,,,False,False
W912DQ26FA091,GEO CONSULTANTS CORPORATION,2026-07-31,350000.0,W912DQ26FA091,NY,OLEAN,14760,CATTARAUGUS,C219,ARCHITECT AND ENGINEERING- GENERAL: OTHER,541330,ENGINEERING SERVICES,,,,,False,False
N4008526F0697,WATER CHEMISTRY INC,2026-07-30,1026.24,N4008526F0697,VA,VIRGINIA BEACH,23459,NORFOLK CITY,J068,MAINT/REPAIR/REBUILD OF EQUIPMENT- CHEMICALS AND CHEMICAL PRODUCTS,238220,"PLUMBING, HEATING, AND AIR-CONDITIONING CONTRACTORS",,,,,False,False
HC108426FB018,ATT MOBILITY LLC,2026-07-30,-4.9,HC108426FB018,MD,FORT GEORGE G MEADE,20755,ANNE ARUNDEL,DG11,IT AND TELECOM - NETWORK: SATELLITE COMMUNICATIONS AND TELECOM ACCESS SERVICES,517112,WIRELESS TELECOMMUNICATIONS CARRIERS (EXCEPT SATELLITE),,,,,False,False
N4008526F0551,COASTAL ENTERPRISES OF JACKSONVILLE INC,2026-07-30,5628.12,N4008526F0551,NC,CAMP LEJEUNE,28547,ONSLOW,S201,HOUSEKEEPING- CUSTODIAL JANITORIAL,561720,JANITORIAL SERVICES,,,,,False,False
W912DQ26FA096,HDR-OBG A JOINT VENTURE,2026-07-30,150000.0,W912DQ26FA096,NJ,ROCKAWAY,07866,MORRIS,C219,ARCHITECT AND ENGINEERING- GENERAL: OTHER,541330,ENGINEERING SERVICES,,,,,False,False
W912DQ24F3029,HDR-OBG A JOINT VENTURE,2026-07-30,0.0,W912DQ24F3029,NY,HEWLETT,11557,NASSAU,C219,ARCHITECT AND ENGINEERING- GENERAL: OTHER,541330,ENGINEERING SERVICES,,,,,False,False
HC101321F0196,"AT&T ENTERPRISES, LLC",2026-07-30,0.0,HC101321F0196,DC,ALEXANDRIA,20598,LOUDOUN,DG10,IT AND TELECOM - NETWORK AS A SERVICE,517110,WIRED TELECOMMUNICATIONS CARRIERS,,,,,False,False
HC101326FB766,TRACE SYSTEMS INC.,2026-07-29,562.68,HC101326FB766,DC,WASHINGTON,20581,DISTRICT OF COLUMBIA,7G22,"IT AND TELECOM - NETWORK: SATELLITE AND RF COMMUNICATIONS PRODUCTS (HW, PERPETUAL LICENSE SOFTWARE)",517410,SATELLITE TELECOMMUNICATIONS,,,,,False,False
N0002425F8218,THE JOHNS HOPKINS UNIVERSITY APPLIED PHYSICS LABORATORY LLC,2026-07-29,700000.0,N0002425F8218,MD,LAUREL,20723,HOWARD,AC32,NATIONAL DEFENSE R&D SERVICES; DEFENSE-RELATED ACTIVITIES; APPLIED RESEARCH,541715,"RESEARCH AND DEVELOPMENT IN THE PHYSICAL, ENGINEERING, AND LIFE SCIENCES (EXCEPT NANOTECHNOLOGY AND BIOTECHNOLOGY)",,,,,False,False
W912DQ24F3059,SDV E&C JV,2026-07-28,75384.0,W912DQ24F3059,NJ,DOVER,07801,MORRIS,F108,ENVIRONMENTAL SYSTEMS PROTECTION- ENVIRONMENTAL REMEDIATION,562910,REMEDIATION SERVICES,,,,,False,False
HC108426FB048,ATT MOBILITY LLC,2026-07-28,-1.84,HC108426FB048,MD,FORT GEORGE G MEADE,20755,ANNE ARUNDEL,DG11,IT AND TELECOM - NETWORK: SATELLITE COMMUNICATIONS AND TELECOM ACCESS SERVICES,517112,WIRELESS TELECOMMUNICATIONS CARRIERS (EXCEPT SATELLITE),,,,,False,False
HC108424FA375,ATT MOBILITY LLC,2026-07-28,-186.07,HC108424FA375,MD,FORT GEORGE G MEADE,20755,ANNE ARUNDEL,DD01,"IT AND TELECOM - SERVICE DELIVERY SUPPORT SERVICES: ITSM, OPERATIONS CENTER, PROJECT/PM (LABOR)",517312,WIRELESS TELECOMMUNICATIONS CARRIERS (EXCEPT SATELLITE),,,,,False,False
HC101321F0196,"AT&T ENTERPRISES, LLC",2026-07-28,352171.9,HC101321F0196,DC,ALEXANDRIA,20598,LOUDOUN,DG10,IT AND TELECOM - NETWORK AS A SERVICE,517110,WIRED TELECOMMUNICATIONS CARRIERS,,,,,False,False
HC101326FB678,TRACE SYSTEMS INC.,2026-07-27,0.0,HC101326FB678,FL,MIAMI,33131,MIAMI-DADE,7G22,"IT AND TELECOM - NETWORK: SATELLITE AND RF COMMUNICATIONS PRODUCTS (HW, PERPETUAL LICENSE SOFTWARE)",517410,SATELLITE TELECOMMUNICATIONS,,,,,False,False
HC108426FB014,ATT MOBILITY LLC,2026-07-27,-4.9,HC108426FB014,MD,FORT GEORGE G MEADE,20755,ANNE ARUNDEL,DG11,IT AND TELECOM - NETWORK: SATELLITE COMMUNICATIONS AND TELECOM ACCESS SERVICES,517112,WIRELESS TELECOMMUNICATIONS CARRIERS (EXCEPT SATELLITE),,,,,False,False
W912DQ24F3060,"ARCADIS U.S., INC.",2026-07-27,1000000.0,W912DQ24F3060,NJ,FAIR LAWN,07410,BERGEN,C219,ARCHITECT AND ENGINEERING- GENERAL: OTHER,541330,ENGINEERING SERVICES,,,,,False,False
HC108426FB055,ATT MOBILITY LLC,2026-07-27,-1.4,HC108426FB055,MD,FORT GEORGE G MEADE,20755,ANNE ARUNDEL,DG11,IT AND TELECOM - NETWORK: SATELLITE COMMUNICATIONS AND TELECOM ACCESS SERVICES,517112,WIRELESS TELECOMMUNICATIONS CARRIERS (EXCEPT SATELLITE),,,,,False,False
W912DQ26FA092,HDR-OBG A JOINT VENTURE,2026-07-27,106247.0,W912DQ26FA092,NJ,GIBBSBORO,08026,CAMDEN,C219,ARCHITECT AND ENGINEERING- GENERAL: OTHER,541330,ENGINEERING SERVICES,,,,,False,False
HC101326FB686,COMCAST GOVERNMENT SERVICES LLC,2026-07-24,0.0,HC101326FB686,WV,KEARNEYSVILLE,25430,JEFFERSON,DG11,IT AND TELECOM - NETWORK: SATELLITE COMMUNICATIONS AND TELECOM ACCESS SERVICES,517110,WIRED TELECOMMUNICATIONS CARRIERS,,,,,False,False
W912P526FA088,"DRC EMERGENCY SERVICES, LLC",2026-07-24,33758112.27,W912P526FA088,TN,JONESBOROUGH,37659,WASHINGTON,S208,HOUSEKEEPING- LANDSCAPING/GROUNDSKEEPING,562119,OTHER WASTE COLLECTION,,,,,False,False
HC101326FB731,"GENERAL DYNAMICS MISSION SYSTEMS, INC.",2026-07-23,2515.0,HC101326FB731,FL,MIAMI,33131,MIAMI-DADE,7G22,"IT AND TELECOM - NETWORK: SATELLITE AND RF COMMUNICATIONS PRODUCTS (HW, PERPETUAL LICENSE SOFTWARE)",334220,RADIO AND TELEVISION BROADCASTING AND WIRELESS COMMUNICATIONS EQUIPMENT MANUFACTURING,,,,,False,False
HC101326FB596,TRACE SYSTEMS INC.,2026-07-23,0.0,HC101326FB596,VA,PORTSMOUTH,23703,PORTSMOUTH CITY,7G22,"IT AND TELECOM - NETWORK: SATELLITE AND RF COMMUNICATIONS PRODUCTS (HW, PERPETUAL LICENSE SOFTWARE)",517410,SATELLITE TELECOMMUNICATIONS,,,,,False,False
HC101326FB605,TRACE SYSTEMS INC.,2026-07-23,0.0,HC101326FB605,TX,PROGRESO,78579,HIDALGO,7G22,"IT AND TELECOM - NETWORK: SATELLITE AND RF COMMUNICATIONS PRODUCTS (HW, PERPETUAL LICENSE SOFTWARE)",517410,SATELLITE TELECOMMUNICATIONS,,,,,False,False
HC101326FB732,TRACE SYSTEMS INC.,2026-07-23,6267.55,HC101326FB732,FL,MIAMI,33131,MIAMI-DADE,7G22,"IT AND TELECOM - NETWORK: SATELLITE AND RF COMMUNICATIONS PRODUCTS (HW, PERPETUAL LICENSE SOFTWARE)",517410,SATELLITE TELECOMMUNICATIONS,,,,,False,False
HC108426FB050,ATT MOBILITY LLC,2026-07-23,0.0,HC108426FB050,MD,FORT GEORGE G MEADE,20755,ANNE ARUNDEL,DG11,IT AND TELECOM - NETWORK: SATELLITE COMMUNICATIONS AND TELECOM ACCESS SERVICES,517112,WIRELESS TELECOMMUNICATIONS CARRIERS (EXCEPT SATELLITE),,,,,False,False
HC108426FB054,ATT MOBILITY LLC,2026-07-23,-1.4,HC108426FB054,MD,FORT GEORGE G MEADE,20755,ANNE ARUNDEL,DG11,IT AND TELECOM - NETWORK: SATELLITE COMMUNICATIONS AND TELECOM ACCESS SERVICES,517112,WIRELESS TELECOMMUNICATIONS CARRIERS (EXCEPT SATELLITE),,,,,False,False
HC108426FB051,ATT MOBILITY LLC,2026-07-23,-1.4,HC108426FB051,MD,FORT GEORGE G MEADE,20755,ANNE ARUNDEL,DG11,IT AND TELECOM - NETWORK: SATELLITE COMMUNICATIONS AND TELECOM ACCESS SERVICES,517112,WIRELESS TELECOMMUNICATIONS CARRIERS (EXCEPT SATELLITE),,,,,False,False
W912DQ25F3039,WSP USA SOLUTIONS INC,2026-07-23,0.0,W912DQ25F3039,NY,LOCKPORT,14094,NIAGARA,C219,ARCHITECT AND ENGINEERING- GENERAL: OTHER,541330,ENGINEERING SERVICES,,,,,False,False
HC101326FB679,"GENERAL DYNAMICS MISSION SYSTEMS, INC.",2026-07-22,0.0,HC101326FB679,FL,MIAMI,33131,MIAMI-DADE,7G22,"IT AND TELECOM - NETWORK: SATELLITE AND RF COMMUNICATIONS PRODUCTS (HW, PERPETUAL LICENSE SOFTWARE)",334220,RADIO AND TELEVISION BROADCASTING AND WIRELESS COMMUNICATIONS EQUIPMENT MANUFACTURING,,,,,False,False
W81K0425FA101,LABORATORY CORPORATION OF AMERICA,2026-07-22,0.0,W81K0425FA101,DC,WASHINGTON,20593,DISTRICT OF COLUMBIA,Q301,REFERENCE LABORATORY TESTING,621511,MEDICAL LABORATORIES,,,,,False,False
HC108424FA816,ATT MOBILITY LLC,2026-07-22,79.02,HC108424FA816,MD,FORT GEORGE G MEADE,20755,ANNE ARUNDEL,DD01,"IT AND TELECOM - SERVICE DELIVERY SUPPORT SERVICES: ITSM, OPERATIONS CENTER, PROJECT/PM (LABOR)",517312,WIRELESS TELECOMMUNICATIONS CARRIERS (EXCEPT SATELLITE),,,,,False,False
HC108424FA747,ATT MOBILITY LLC,2026-07-22,79.02,HC108424FA747,MD,FORT GEORGE G MEADE,20755,ANNE ARUNDEL,DD01,"IT AND TELECOM - SERVICE DELIVERY SUPPORT SERVICES: ITSM, OPERATIONS CENTER, PROJECT/PM (LABOR)",517312,WIRELESS TELECOMMUNICATIONS CARRIERS (EXCEPT SATELLITE),,,,,False,False
HC108422FA462,ATT MOBILITY LLC,2026-07-22,91.86,HC108422FA462,MD,FORT GEORGE G MEADE,20755,ANNE ARUNDEL,DD01,"IT AND TELECOM - SERVICE DELIVERY SUPPORT SERVICES: ITSM, OPERATIONS CENTER, PROJECT/PM (LABOR)",517312,WIRELESS TELECOMMUNICATIONS CARRIERS (EXCEPT SATELLITE),,,,,False,False
HC108424FA765,ATT MOBILITY LLC,2026-07-22,79.02,HC108424FA765,MD,FORT GEORGE G MEADE,20755,ANNE ARUNDEL,DD01,"IT AND TELECOM - SERVICE DELIVERY SUPPORT SERVICES: ITSM, OPERATIONS CENTER, PROJECT/PM (LABOR)",517312,WIRELESS TELECOMMUNICATIONS CARRIERS (EXCEPT SATELLITE),,,,,False,False
HC108424FA897,ATT MOBILITY LLC,2026-07-22,1197.9,HC108424FA897,MD,FORT GEORGE G MEADE,20755,ANNE ARUNDEL,DD01,"IT AND TELECOM - SERVICE DELIVERY SUPPORT SERVICES: ITSM, OPERATIONS CENTER, PROJECT/PM (LABOR)",517312,WIRELESS TELECOMMUNICATIONS CARRIERS (EXCEPT SATELLITE),,,,,False,False
HC108422FB679,ATT MOBILITY LLC,2026-07-22,170.04,HC108422FB679,MD,FORT GEORGE G MEADE,20755,ANNE ARUNDEL,DD01,"IT AND TELECOM - SERVICE DELIVERY SUPPORT SERVICES: ITSM, OPERATIONS CENTER, PROJECT/PM (LABOR)",517312,WIRELESS TELECOMMUNICATIONS CARRIERS (EXCEPT SATELLITE),,,,,False,False
HC108424FB184,ATT MOBILITY LLC,2026-07-22,1896.48,HC108424FB184,MD,FORT GEORGE G MEADE,20755,ANNE ARUNDEL,DD01,"IT AND TELECOM - SERVICE DELIVERY SUPPORT SERVICES: ITSM, OPERATIONS CENTER, PROJECT/PM (LABOR)",517312,WIRELESS TELECOMMUNICATIONS CARRIERS (EXCEPT SATELLITE),,,,,False,False
HC108422FB425,ATT MOBILITY LLC,2026-07-22,399.3,HC108422FB425,MD,FORT GEORGE G MEADE,20755,ANNE ARUNDEL,DD01,"IT AND TELECOM - SERVICE DELIVERY SUPPORT SERVICES: ITSM, OPERATIONS CENTER, PROJECT/PM (LABOR)",517312,WIRELESS TELECOMMUNICATIONS CARRIERS (EXCEPT SATELLITE),,,,,False,False
HC108423FB144,ATT MOBILITY LLC,2026-07-22,399.3,HC108423FB144,MD,FORT GEORGE G MEADE,20755,ANNE ARUNDEL,DD01,"IT AND TELECOM - SERVICE DELIVERY SUPPORT SERVICES: ITSM, OPERATIONS CENTER, PROJECT/PM (LABOR)",517312,WIRELESS TELECOMMUNICATIONS CARRIERS (EXCEPT SATELLITE),,,,,False,False
HC101319PA584,RX3 COMMUNICATIONS INC,2026-07-21,-5602.8,HC101319PA584,DC,WASHINGTON,20535,DISTRICT OF COLUMBIA,D304,IT AND TELECOM- TELECOMMUNICATIONS AND TRANSMISSION,517911,TELECOMMUNICATIONS RESELLERS,,,,,False,False
HC101326FB607,TRACE SYSTEMS INC.,2026-07-21,0.0,HC101326FB607,AK,VALDEZ,99686,CHUGACH,7G22,"IT AND TELECOM - NETWORK: SATELLITE AND RF COMMUNICATIONS PRODUCTS (HW, PERPETUAL LICENSE SOFTWARE)",517410,SATELLITE TELECOMMUNICATIONS,,,,,False,False
HC101326FB608,TRACE SYSTEMS INC.,2026-07-21,0.0,HC101326FB608,GA,KINGS BAY,31547,CAMDEN,7G22,"IT AND TELECOM - NETWORK: SATELLITE AND RF COMMUNICATIONS PRODUCTS (HW, PERPETUAL LICENSE SOFTWARE)",517410,SATELLITE TELECOMMUNICATIONS,,,,,False,False
W912DQ22F3063,CDM FEDERAL PROGRAMS CORPORATION,2026-07-21,88212.0,W912DQ22F3063,UT,MAGNA,84044,SALT LAKE,C219,ARCHITECT AND ENGINEERING- GENERAL: OTHER,541330,ENGINEERING SERVICES,,,,,False,False
W9123825C0001,"S. J. AMOROSO CONSTRUCTION CO., LLC",2026-07-21,-554674.0,W9123825C0001,CA,FRENCH CAMP,95231,SAN JOAQUIN,Y1DZ,CONSTRUCTION OF OTHER HOSPITAL BUILDINGS,236220,COMMERCIAL AND INSTITUTIONAL BUILDING CONSTRUCTION,,,,,False,False
HC108426FB025,ATT MOBILITY LLC,2026-07-21,0.0,HC108426FB025,MD,FORT GEORGE G MEADE,20755,ANNE ARUNDEL,DG11,IT AND TELECOM - NETWORK: SATELLITE COMMUNICATIONS AND TELECOM ACCESS SERVICES,517112,WIRELESS TELECOMMUNICATIONS CARRIERS (EXCEPT SATELLITE),,,,,False,False
HC108426FB019,ATT MOBILITY LLC,2026-07-20,-4.9,HC108426FB019,MD,FORT GEORGE G MEADE,20755,ANNE ARUNDEL,DG11,IT AND TELECOM - NETWORK: SATELLITE COMMUNICATIONS AND TELECOM ACCESS SERVICES,517112,WIRELESS TELECOMMUNICATIONS CARRIERS (EXCEPT SATELLITE),,,,,False,False
HC108426FB024,ATT MOBILITY LLC,2026-07-20,-7.7,HC108426FB024,MD,FORT GEORGE G MEADE,20755,ANNE ARUNDEL,DG11,IT AND TELECOM - NETWORK: SATELLITE COMMUNICATIONS AND TELECOM ACCESS SERVICES,517112,WIRELESS TELECOMMUNICATIONS CARRIERS (EXCEPT SATELLITE),,,,,False,False
HC108423FB113,ATT MOBILITY LLC,2026-07-17,79.86,HC108423FB113,MD,FORT GEORGE G MEADE,20755,ANNE ARUNDEL,DD01,"IT AND TELECOM - SERVICE DELIVERY SUPPORT SERVICES: ITSM, OPERATIONS CENTER, PROJECT/PM (LABOR)",517312,WIRELESS TELECOMMUNICATIONS CARRIERS (EXCEPT SATELLITE),,,,,False,False
HC108423FB067,ATT MOBILITY LLC,2026-07-17,170.04,HC108423FB067,MD,FORT GEORGE G MEADE,20755,ANNE ARUNDEL,DD01,"IT AND TELECOM - SERVICE DELIVERY SUPPORT SERVICES: ITSM, OPERATIONS CENTER, PROJECT/PM (LABOR)",517312,WIRELESS TELECOMMUNICATIONS CARRIERS (EXCEPT SATELLITE),,,,,False,False
HC108423FB266,ATT MOBILITY LLC,2026-07-17,79.86,HC108423FB266,MD,FORT GEORGE G MEADE,20755,ANNE ARUNDEL,DD01,"IT AND TELECOM - SERVICE DELIVERY SUPPORT SERVICES: ITSM, OPERATIONS CENTER, PROJECT/PM (LABOR)",517312,WIRELESS TELECOMMUNICATIONS CARRIERS (EXCEPT SATELLITE),,,,,False,False
HC108424FA199,ATT MOBILITY LLC,2026-07-17,295.44,HC108424FA199,MD,FORT GEORGE G MEADE,20755,ANNE ARUNDEL,DD01,"IT AND TELECOM - SERVICE DELIVERY SUPPORT SERVICES: ITSM, OPERATIONS CENTER, PROJECT/PM (LABOR)",517312,WIRELESS TELECOMMUNICATIONS CARRIERS (EXCEPT SATELLITE),,,,,False,False
HC108426FB149,ATT MOBILITY LLC,2026-07-17,2262.56,HC108426FB149,MD,FORT GEORGE G MEADE,20755,ANNE ARUNDEL,DG11,IT AND TELECOM - NETWORK: SATELLITE COMMUNICATIONS AND TELECOM ACCESS SERVICES,517112,WIRELESS TELECOMMUNICATIONS CARRIERS (EXCEPT SATELLITE),,,,,False,False
HC101326FB686,COMCAST GOVERNMENT SERVICES LLC,2026-07-17,-5222.59,HC101326FB686,WV,KEARNEYSVILLE,25430,JEFFERSON,DG11,IT AND TELECOM - NETWORK: SATELLITE COMMUNICATIONS AND TELECOM ACCESS SERVICES,517110,WIRED TELECOMMUNICATIONS CARRIERS,,,,,False,False
N0016425FJ597,"TELEDYNE FLIR DEFENSE, INC.",2026-07-17,-3696.0,N0016425FJ597,MA,NORTH BILLERICA,01862,MIDDLESEX,K058,"MODIFICATION OF EQUIPMENT- COMMUNICATION, DETECTION, AND COHERENT RADIATION EQUIPMENT",334511,"SEARCH, DETECTION, NAVIGATION, GUIDANCE, AERONAUTICAL, AND NAUTICAL SYSTEM AND INSTRUMENT MANUFACTURING",,,,,False,False
W912DQ25F3039,WSP USA SOLUTIONS INC,2026-07-17,200000.0,W912DQ25F3039,NY,LOCKPORT,14094,NIAGARA,C219,ARCHITECT AND ENGINEERING- GENERAL: OTHER,541330,ENGINEERING SERVICES,,,,,False,False
HC108426FB146,ATT MOBILITY LLC,2026-07-16,3555.78,HC108426FB146,MD,FORT GEORGE G MEADE,20755,ANNE ARUNDEL,DG11,IT AND TELECOM - NETWORK: SATELLITE COMMUNICATIONS AND TELECOM ACCESS SERVICES,517112,WIRELESS TELECOMMUNICATIONS CARRIERS (EXCEPT SATELLITE),,,,,False,False
HC108423FA769,ATT MOBILITY LLC,2026-07-16,1329.3,HC108423FA769,MD,FORT GEORGE G MEADE,20755,ANNE ARUNDEL,DD01,"IT AND TELECOM - SERVICE DELIVERY SUPPORT SERVICES: ITSM, OPERATIONS CENTER, PROJECT/PM (LABOR)",517312,WIRELESS TELECOMMUNICATIONS CARRIERS (EXCEPT SATELLITE),,,,,False,False
HC108426FB136,ATT MOBILITY LLC,2026-07-15,3555.78,HC108426FB136,MD,FORT GEORGE G MEADE,20755,ANNE ARUNDEL,DG11,IT AND TELECOM - NETWORK: SATELLITE COMMUNICATIONS AND TELECOM ACCESS SERVICES,517112,WIRELESS TELECOMMUNICATIONS CARRIERS (EXCEPT SATELLITE),,,,,False,False
HC108426FB135,ATT MOBILITY LLC,2026-07-15,2158.56,HC108426FB135,MD,FORT GEORGE G MEADE,20755,ANNE ARUNDEL,DG11,IT AND TELECOM - NETWORK: SATELLITE COMMUNICATIONS AND TELECOM ACCESS SERVICES,517112,WIRELESS TELECOMMUNICATIONS CARRIERS (EXCEPT SATELLITE),,,,,False,False
HC108422FB180,ATT MOBILITY LLC,2026-07-15,2212.56,HC108422FB180,MD,FORT GEORGE G MEADE,20755,ANNE ARUNDEL,DD01,"IT AND TELECOM - SERVICE DELIVERY SUPPORT SERVICES: ITSM, OPERATIONS CENTER, PROJECT/PM (LABOR)",517312,WIRELESS TELECOMMUNICATIONS CARRIERS (EXCEPT SATELLITE),,,,,False,False
HC108422FA386,ATT MOBILITY LLC,2026-07-15,5511.6,HC108422FA386,MD,FORT GEORGE G MEADE,20755,ANNE ARUNDEL,DD01,"IT AND TELECOM - SERVICE DELIVERY SUPPORT SERVICES: ITSM, OPERATIONS CENTER, PROJECT/PM (LABOR)",517312,WIRELESS TELECOMMUNICATIONS CARRIERS (EXCEPT SATELLITE),,,,,False,False
HC108426FB120,ATT MOBILITY LLC,2026-07-15,2795.57,HC108426FB120,MD,FORT GEORGE G MEADE,20755,ANNE ARUNDEL,DG11,IT AND TELECOM - NETWORK: SATELLITE COMMUNICATIONS AND TELECOM ACCESS SERVICES,517112,WIRELESS TELECOMMUNICATIONS CARRIERS (EXCEPT SATELLITE),,,,,False,False
HC101326FB686,COMCAST GOVERNMENT SERVICES LLC,2026-07-15,36863.04,HC101326FB686,WV,KEARNEYSVILLE,25430,JEFFERSON,DG11,IT AND TELECOM - NETWORK: SATELLITE COMMUNICATIONS AND TELECOM ACCESS SERVICES,517110,WIRED TELECOMMUNICATIONS CARRIERS,,,,,False,False
HC101326FB679,"GENERAL DYNAMICS MISSION SYSTEMS, INC.",2026-07-14,2480.0,HC101326FB679,FL,MIAMI,33131,MIAMI-DADE,7G22,"IT AND TELECOM - NETWORK: SATELLITE AND RF COMMUNICATIONS PRODUCTS (HW, PERPETUAL LICENSE SOFTWARE)",334220,RADIO AND TELEVISION BROADCASTING AND WIRELESS COMMUNICATIONS EQUIPMENT MANUFACTURING,,,,,False,False
HC101326FB678,TRACE SYSTEMS INC.,2026-07-14,6267.55,HC101326FB678,FL,MIAMI,33131,MIAMI-DADE,7G22,"IT AND TELECOM - NETWORK: SATELLITE AND RF COMMUNICATIONS PRODUCTS (HW, PERPETUAL LICENSE SOFTWARE)",517410,SATELLITE TELECOMMUNICATIONS,,,,,False,False
HC101326FB599,TRACE SYSTEMS INC.,2026-07-14,0.0,HC101326FB599,AK,SITKA,99835,SITKA,7G22,"IT AND TELECOM - NETWORK: SATELLITE AND RF COMMUNICATIONS PRODUCTS (HW, PERPETUAL LICENSE SOFTWARE)",517410,SATELLITE TELECOMMUNICATIONS,,,,,False,False
HC101326FB610,TRACE SYSTEMS INC.,2026-07-14,0.0,HC101326FB610,FL,KEY WEST,33040,MONROE,7G22,"IT AND TELECOM - NETWORK: SATELLITE AND RF COMMUNICATIONS PRODUCTS (HW, PERPETUAL LICENSE SOFTWARE)",517410,SATELLITE TELECOMMUNICATIONS,,,,,False,False
HC108424FA864,ATT MOBILITY LLC,2026-07-14,79.02,HC108424FA864,MD,FORT GEORGE G MEADE,20755,ANNE ARUNDEL,DD01,"IT AND TELECOM - SERVICE DELIVERY SUPPORT SERVICES: ITSM, OPERATIONS CENTER, PROJECT/PM (LABOR)",517312,WIRELESS TELECOMMUNICATIONS CARRIERS (EXCEPT SATELLITE),,,,,False,False
HC108426FB125,ATT MOBILITY LLC,2026-07-14,2795.57,HC108426FB125,MD,FORT GEORGE G MEADE,20755,ANNE ARUNDEL,DG11,IT AND TELECOM - NETWORK: SATELLITE COMMUNICATIONS AND TELECOM ACCESS SERVICES,517112,WIRELESS TELECOMMUNICATIONS CARRIERS (EXCEPT SATELLITE),,,,,False,False
HC101316FB103,"LUMEN TECHNOLOGIES GOVERNMENT SOLUTIONS, INC",2026-07-14,0.0,HC101316FB103,VA,ASHBURN,20147,LOUDOUN,D304,IT AND TELECOM- TELECOMMUNICATIONS AND TRANSMISSION,517110,WIRED TELECOMMUNICATIONS CARRIERS,,,,,False,False
HC108426FB016,ATT MOBILITY LLC,2026-07-14,-4.9,HC108426FB016,MD,FORT GEORGE G MEADE,20755,ANNE ARUNDEL,DG11,IT AND TELECOM - NETWORK: SATELLITE COMMUNICATIONS AND TELECOM ACCESS SERVICES,517112,WIRELESS TELECOMMUNICATIONS CARRIERS (EXCEPT SATELLITE),,,,,False,False
HC108425FA021,ATT MOBILITY LLC,2026-07-14,4390.2,HC108425FA021,MD,FORT GEORGE G MEADE,20755,ANNE ARUNDEL,DD01,"IT AND TELECOM - SERVICE DELIVERY SUPPORT SERVICES: ITSM, OPERATIONS CENTER, PROJECT/PM (LABOR)",517312,WIRELESS TELECOMMUNICATIONS CARRIERS (EXCEPT SATELLITE),,,,,False,False
HC101326FB663,"SATCOM DIRECT GOVERNMENT, LLC",2026-07-13,2458.39,HC101326FB663,VA,ALEXANDRIA,22315,FAIRFAX,DG10,IT AND TELECOM - NETWORK AS A SERVICE,517410,SATELLITE TELECOMMUNICATIONS,,,,,False,False
HC101326FB661,"SATCOM DIRECT GOVERNMENT, LLC",2026-07-13,526117.7,HC101326FB661,VA,ALEXANDRIA,22315,FAIRFAX,DG10,IT AND TELECOM - NETWORK AS A SERVICE,517410,SATELLITE TELECOMMUNICATIONS,,,,,False,False
HC101326FB662,"SATCOM DIRECT GOVERNMENT, LLC",2026-07-13,17524.19,HC101326FB662,VA,ALEXANDRIA,22315,FAIRFAX,DG10,IT AND TELECOM - NETWORK AS A SERVICE,517410,SATELLITE TELECOMMUNICATIONS,,,,,False,False
HC108423FB146,ATT MOBILITY LLC,2026-07-13,79.02,HC108423FB146,MD,FORT GEORGE G MEADE,20755,ANNE ARUNDEL,DD01,"IT AND TELECOM - SERVICE DELIVERY SUPPORT SERVICES: ITSM, OPERATIONS CENTER, PROJECT/PM (LABOR)",517312,WIRELESS TELECOMMUNICATIONS CARRIERS (EXCEPT SATELLITE),,,,,False,False
HC108423FA874,ATT MOBILITY LLC,2026-07-13,1174.2,HC108423FA874,MD,FORT GEORGE G MEADE,20755,ANNE ARUNDEL,DD01,"IT AND TELECOM - SERVICE DELIVERY SUPPORT SERVICES: ITSM, OPERATIONS CENTER, PROJECT/PM (LABOR)",517312,WIRELESS TELECOMMUNICATIONS CARRIERS (EXCEPT SATELLITE),,,,,False,False
HC108423FA700,ATT MOBILITY LLC,2026-07-13,185.04,HC108423FA700,MD,FORT GEORGE G MEADE,20755,ANNE ARUNDEL,DD01,"IT AND TELECOM - SERVICE DELIVERY SUPPORT SERVICES: ITSM, OPERATIONS CENTER, PROJECT/PM (LABOR)",517312,WIRELESS TELECOMMUNICATIONS CARRIERS (EXCEPT SATELLITE),,,,,False,False
HC108423FA682,ATT MOBILITY LLC,2026-07-13,1040.64,HC108423FA682,MD,FORT GEORGE G MEADE,20755,ANNE ARUNDEL,DD01,"IT AND TELECOM - SERVICE DELIVERY SUPPORT SERVICES: ITSM, OPERATIONS CENTER, PROJECT/PM (LABOR)",517312,WIRELESS TELECOMMUNICATIONS CARRIERS (EXCEPT SATELLITE),,,,,False,False
HC108423FA994,ATT MOBILITY LLC,2026-07-13,106.86,HC108423FA994,MD,FORT GEORGE G MEADE,20755,ANNE ARUNDEL,DD01,"IT AND TELECOM - SERVICE DELIVERY SUPPORT SERVICES: ITSM, OPERATIONS CENTER, PROJECT/PM (LABOR)",517312,WIRELESS TELECOMMUNICATIONS CARRIERS (EXCEPT SATELLITE),,,,,False,False
HC108423FA823,ATT MOBILITY LLC,2026-07-13,542.04,HC108423FA823,MD,FORT GEORGE G MEADE,20755,ANNE ARUNDEL,DD01,"IT AND TELECOM - SERVICE DELIVERY SUPPORT SERVICES: ITSM, OPERATIONS CENTER, PROJECT/PM (LABOR)",517312,WIRELESS TELECOMMUNICATIONS CARRIERS (EXCEPT SATELLITE),,,,,False,False
HC108424FA375,ATT MOBILITY LLC,2026-07-13,185.04,HC108424FA375,MD,FORT GEORGE G MEADE,20755,ANNE ARUNDEL,DD01,"IT AND TELECOM - SERVICE DELIVERY SUPPORT SERVICES: ITSM, OPERATIONS CENTER, PROJECT/PM (LABOR)",517312,WIRELESS TELECOMMUNICATIONS CARRIERS (EXCEPT SATELLITE),,,,,False,False
HC108424FA069,ATT MOBILITY LLC,2026-07-13,395.1,HC108424FA069,MD,FORT GEORGE G MEADE,20755,ANNE ARUNDEL,DD01,"IT AND TELECOM - SERVICE DELIVERY SUPPORT SERVICES: ITSM, OPERATIONS CENTER, PROJECT/PM (LABOR)",517312,WIRELESS TELECOMMUNICATIONS CARRIERS (EXCEPT SATELLITE),,,,,False,False
HC101321PA527,"CAVALIER TELEPHONE, L.L.C.",2026-07-13,10342.93,HC101321PA527,VA,CHESAPEAKE,23326,CHESAPEAKE CITY,DG11,IT AND TELECOM - NETWORK: SATELLITE COMMUNICATIONS AND TELECOM ACCESS SERVICES,517311,WIRED TELECOMMUNICATIONS CARRIERS,,,,,False,False
HC101321F0196,"AT&T ENTERPRISES, LLC",2026-07-13,0.0,HC101321F0196,DC,ALEXANDRIA,20598,LOUDOUN,DG10,IT AND TELECOM - NETWORK AS A SERVICE,517110,WIRED TELECOMMUNICATIONS CARRIERS,,,,,False,False
HC101326FB611,"GENERAL DYNAMICS MISSION SYSTEMS, INC.",2026-07-10,0.0,HC101326FB611,DC,WASHINGTON,20546,DISTRICT OF COLUMBIA,7G22,"IT AND TELECOM - NETWORK: SATELLITE AND RF COMMUNICATIONS PRODUCTS (HW, PERPETUAL LICENSE SOFTWARE)",334220,RADIO AND TELEVISION BROADCASTING AND WIRELESS COMMUNICATIONS EQUIPMENT MANUFACTURING,,,,,False,False
HC101326FB654,TRACE SYSTEMS INC.,2026-07-10,460.17,HC101326FB654,VA,PORTSMOUTH,23703,PORTSMOUTH CITY,7G22,"IT AND TELECOM - NETWORK: SATELLITE AND RF COMMUNICATIONS PRODUCTS (HW, PERPETUAL LICENSE SOFTWARE)",517410,SATELLITE TELECOMMUNICATIONS,,,,,False,False
W9126G24C0004,CLARK CONSTRUCTION GROUP LLC,2026-07-10,374282.0,W9126G24C0004,TX,FORT BLISS,79916,EL PASO,Y1DA,CONSTRUCTION OF HOSPITALS AND INFIRMARIES,236220,COMMERCIAL AND INSTITUTIONAL BUILDING CONSTRUCTION,,,,,False,False
HC108426FB109,ATT MOBILITY LLC,2026-07-10,6279.0,HC108426FB109,MD,FORT GEORGE G MEADE,20755,ANNE ARUNDEL,DG11,IT AND TELECOM - NETWORK: SATELLITE COMMUNICATIONS AND TELECOM ACCESS SERVICES,517112,WIRELESS TELECOMMUNICATIONS CARRIERS (EXCEPT SATELLITE),,,,,False,False
HC108426FB112,ATT MOBILITY LLC,2026-07-10,2165.79,HC108426FB112,MD,FORT GEORGE G MEADE,20755,ANNE ARUNDEL,DG11,IT AND TELECOM - NETWORK: SATELLITE COMMUNICATIONS AND TELECOM ACCESS SERVICES,517112,WIRELESS TELECOMMUNICATIONS CARRIERS (EXCEPT SATELLITE),,,,,False,False
HC108422FB490,ATT MOBILITY LLC,2026-07-10,79.02,HC108422FB490,MD,FORT GEORGE G MEADE,20755,ANNE ARUNDEL,DD01,"IT AND TELECOM - SERVICE DELIVERY SUPPORT SERVICES: ITSM, OPERATIONS CENTER, PROJECT/PM (LABOR)",517312,WIRELESS TELECOMMUNICATIONS CARRIERS (EXCEPT SATELLITE),,,,,False,False
HC108426FB115,ATT MOBILITY LLC,2026-07-10,2269.79,HC108426FB115,MD,FORT GEORGE G MEADE,20755,ANNE ARUNDEL,DG11,IT AND TELECOM - NETWORK: SATELLITE COMMUNICATIONS AND TELECOM ACCESS SERVICES,517112,WIRELESS TELECOMMUNICATIONS CARRIERS (EXCEPT SATELLITE),,,,,False,False
HC108426FB113,ATT MOBILITY LLC,2026-07-10,2165.79,HC108426FB113,MD,FORT GEORGE G MEADE,20755,ANNE ARUNDEL,DG11,IT AND TELECOM - NETWORK: SATELLITE COMMUNICATIONS AND TELECOM ACCESS SERVICES,517112,WIRELESS TELECOMMUNICATIONS CARRIERS (EXCEPT SATELLITE),,,,,False,False
HC108426FB015,ATT MOBILITY LLC,2026-07-09,-4.9,HC108426FB015,MD,FORT GEORGE G MEADE,20755,ANNE ARUNDEL,DG11,IT AND TELECOM - NETWORK: SATELLITE COMMUNICATIONS AND TELECOM ACCESS SERVICES,517112,WIRELESS TELECOMMUNICATIONS CARRIERS (EXCEPT SATELLITE),,,,,False,False
HC108426FA996,ATT MOBILITY LLC,2026-07-09,-1.03,HC108426FA996,MD,FORT GEORGE G MEADE,20755,ANNE ARUNDEL,DG11,IT AND TELECOM - NETWORK: SATELLITE COMMUNICATIONS AND TELECOM ACCESS SERVICES,517112,WIRELESS TELECOMMUNICATIONS CARRIERS (EXCEPT SATELLITE),,,,,False,False
HC108426FB005,ATT MOBILITY LLC,2026-07-09,-9.8,HC108426FB005,MD,FORT GEORGE G MEADE,20755,ANNE ARUNDEL,DG11,IT AND TELECOM - NETWORK: SATELLITE COMMUNICATIONS AND TELECOM ACCESS SERVICES,517112,WIRELESS TELECOMMUNICATIONS CARRIERS (EXCEPT SATELLITE),,,,,False,False
HC101323FF709,AT&T CORP.,2026-07-09,0.0,HC101323FF709,VA,OAKTON,22124,FAIRFAX,DG11,IT AND TELECOM - NETWORK: SATELLITE COMMUNICATIONS AND TELECOM ACCESS SERVICES,517919,ALL OTHER TELECOMMUNICATIONS,,,,,False,False
HC101326FB624,"GENERAL DYNAMICS MISSION SYSTEMS, INC.",2026-07-08,165.0,HC101326FB624,,,,,7G22,"IT AND TELECOM - NETWORK: SATELLITE AND RF COMMUNICATIONS PRODUCTS (HW, PERPETUAL LICENSE SOFTWARE)",334220,RADIO AND TELEVISION BROADCASTING AND WIRELESS COMMUNICATIONS EQUIPMENT MANUFACTURING,,,,,False,False
HC101326FB625,TRACE SYSTEMS INC.,2026-07-08,6477.46,HC101326FB625,,,,,7G22,"IT AND TELECOM - NETWORK: SATELLITE AND RF COMMUNICATIONS PRODUCTS (HW, PERPETUAL LICENSE SOFTWARE)",517410,SATELLITE TELECOMMUNICATIONS,,,,,False,False
HC108426FB105,ATT MOBILITY LLC,2026-07-08,1782.79,HC108426FB105,MD,FORT GEORGE G MEADE,20755,ANNE ARUNDEL,DG11,IT AND TELECOM - NETWORK: SATELLITE COMMUNICATIONS AND TELECOM ACCESS SERVICES,517112,WIRELESS TELECOMMUNICATIONS CARRIERS (EXCEPT SATELLITE),,,,,False,False
HC108426FB095,ATT MOBILITY LLC,2026-07-08,1886.79,HC108426FB095,MD,FORT GEORGE G MEADE,20755,ANNE ARUNDEL,DG11,IT AND TELECOM - NETWORK: SATELLITE COMMUNICATIONS AND TELECOM ACCESS SERVICES,517112,WIRELESS TELECOMMUNICATIONS CARRIERS (EXCEPT SATELLITE),,,,,False,False
N4033926CF501,FINCANTIERI MARINE REPAIR LLC,2026-07-08,3023814.67,N4033926CF501,,,,,J998,NON-NUCLEAR SHIP REPAIR (EAST),336611,SHIP BUILDING AND REPAIRING,,,,,False,False
HC101326FB587,AT&T CORP.,2026-07-08,926.09,HC101326FB587,VA,OAKTON,22124,FAIRFAX,DG11,IT AND TELECOM - NETWORK: SATELLITE COMMUNICATIONS AND TELECOM ACCESS SERVICES,517919,ALL OTHER TELECOMMUNICATIONS,,,,,False,False
HC101326FB611,"GENERAL DYNAMICS MISSION SYSTEMS, INC.",2026-07-07,9630.0,HC101326FB611,DC,WASHINGTON,20546,DISTRICT OF COLUMBIA,7G22,"IT AND TELECOM - NETWORK: SATELLITE AND RF COMMUNICATIONS PRODUCTS (HW, PERPETUAL LICENSE SOFTWARE)",334220,RADIO AND TELEVISION BROADCASTING AND WIRELESS COMMUNICATIONS EQUIPMENT MANUFACTURING,,,,,False,False
HC101326FB606,"GENERAL DYNAMICS MISSION SYSTEMS, INC.",2026-07-07,31355.0,HC101326FB606,FL,KEY WEST,33040,MONROE,7G22,"IT AND TELECOM - NETWORK: SATELLITE AND RF COMMUNICATIONS PRODUCTS (HW, PERPETUAL LICENSE SOFTWARE)",334220,RADIO AND TELEVISION BROADCASTING AND WIRELESS COMMUNICATIONS EQUIPMENT MANUFACTURING,,,,,False,False
HC101326FB593,TRACE SYSTEMS INC.,2026-07-07,51.13,HC101326FB593,VA,PORTSMOUTH,23703,PORTSMOUTH CITY,7G22,"IT AND TELECOM - NETWORK: SATELLITE AND RF COMMUNICATIONS PRODUCTS (HW, PERPETUAL LICENSE SOFTWARE)",517410,SATELLITE TELECOMMUNICATIONS,,,,,False,False
HC101326FB608,TRACE SYSTEMS INC.,2026-07-07,1753.14,HC101326FB608,GA,KINGS BAY,31547,CAMDEN,7G22,"IT AND TELECOM - NETWORK: SATELLITE AND RF COMMUNICATIONS PRODUCTS (HW, PERPETUAL LICENSE SOFTWARE)",517410,SATELLITE TELECOMMUNICATIONS,,,,,False,False
HC101326FB596,TRACE SYSTEMS INC.,2026-07-07,51.13,HC101326FB596,VA,PORTSMOUTH,23703,PORTSMOUTH CITY,7G22,"IT AND TELECOM - NETWORK: SATELLITE AND RF COMMUNICATIONS PRODUCTS (HW, PERPETUAL LICENSE SOFTWARE)",517410,SATELLITE TELECOMMUNICATIONS,,,,,False,False
HC101326FB607,TRACE SYSTEMS INC.,2026-07-07,1715.56,HC101326FB607,AK,VALDEZ,99686,CHUGACH,7G22,"IT AND TELECOM - NETWORK: SATELLITE AND RF COMMUNICATIONS PRODUCTS (HW, PERPETUAL LICENSE SOFTWARE)",517410,SATELLITE TELECOMMUNICATIONS,,,,,False,False
HC101326FB599,TRACE SYSTEMS INC.,2026-07-07,7821.77,HC101326FB599,AK,SITKA,99835,SITKA,7G22,"IT AND TELECOM - NETWORK: SATELLITE AND RF COMMUNICATIONS PRODUCTS (HW, PERPETUAL LICENSE SOFTWARE)",517410,SATELLITE TELECOMMUNICATIONS,,,,,False,False
HC101326FB605,TRACE SYSTEMS INC.,2026-07-07,1715.56,HC101326FB605,TX,PROGRESO,78579,HIDALGO,7G22,"IT AND TELECOM - NETWORK: SATELLITE AND RF COMMUNICATIONS PRODUCTS (HW, PERPETUAL LICENSE SOFTWARE)",517410,SATELLITE TELECOMMUNICATIONS,,,,,False,False
HC101326FB609,TRACE SYSTEMS INC.,2026-07-07,562.68,HC101326FB609,DC,WASHINGTON,20593,DISTRICT OF COLUMBIA,7G22,"IT AND TELECOM - NETWORK: SATELLITE AND RF COMMUNICATIONS PRODUCTS (HW, PERPETUAL LICENSE SOFTWARE)",517410,SATELLITE TELECOMMUNICATIONS,,,,,False,False
HC101326FB595,TRACE SYSTEMS INC.,2026-07-07,3183.62,HC101326FB595,,,,,7G22,"IT AND TELECOM - NETWORK: SATELLITE AND RF COMMUNICATIONS PRODUCTS (HW, PERPETUAL LICENSE SOFTWARE)",517410,SATELLITE TELECOMMUNICATIONS,,,,,False,False
HC101326FB610,TRACE SYSTEMS INC.,2026-07-07,19139.3,HC101326FB610,FL,KEY WEST,33040,MONROE,7G22,"IT AND TELECOM - NETWORK: SATELLITE AND RF COMMUNICATIONS PRODUCTS (HW, PERPETUAL LICENSE SOFTWARE)",517410,SATELLITE TELECOMMUNICATIONS,,,,,False,False
HC108426FB092,ATT MOBILITY LLC,2026-07-07,1782.79,HC108426FB092,MD,FORT GEORGE G MEADE,20755,ANNE ARUNDEL,DG11,IT AND TELECOM - NETWORK: SATELLITE COMMUNICATIONS AND TELECOM ACCESS SERVICES,517112,WIRELESS TELECOMMUNICATIONS CARRIERS (EXCEPT SATELLITE),,,,,False,False
HC108426FB086,ATT MOBILITY LLC,2026-07-07,2165.79,HC108426FB086,MD,FORT GEORGE G MEADE,20755,ANNE ARUNDEL,DG11,IT AND TELECOM - NETWORK: SATELLITE COMMUNICATIONS AND TELECOM ACCESS SERVICES,517112,WIRELESS TELECOMMUNICATIONS CARRIERS (EXCEPT SATELLITE),,,,,False,False
HC108426FB089,ATT MOBILITY LLC,2026-07-07,1886.79,HC108426FB089,MD,FORT GEORGE G MEADE,20755,ANNE ARUNDEL,DG11,IT AND TELECOM - NETWORK: SATELLITE COMMUNICATIONS AND TELECOM ACCESS SERVICES,517112,WIRELESS TELECOMMUNICATIONS CARRIERS (EXCEPT SATELLITE),,,,,False,False
HC108426FB088,ATT MOBILITY LLC,2026-07-07,2165.79,HC108426FB088,MD,FORT GEORGE G MEADE,20755,ANNE ARUNDEL,DG11,IT AND TELECOM - NETWORK: SATELLITE COMMUNICATIONS AND TELECOM ACCESS SERVICES,517112,WIRELESS TELECOMMUNICATIONS CARRIERS (EXCEPT SATELLITE),,,,,False,False
HC101323FC055,COMCAST GOVERNMENT SERVICES LLC,2026-07-07,0.0,HC101323FC055,VA,RESTON,20190,FAIRFAX,DG11,IT AND TELECOM - NETWORK: SATELLITE COMMUNICATIONS AND TELECOM ACCESS SERVICES,517311,WIRED TELECOMMUNICATIONS CARRIERS,,,,,False,False
HC101322FA749,COMCAST GOVERNMENT SERVICES LLC,2026-07-07,53018.33,HC101322FA749,VA,RESTON,20190,FAIRFAX,DG11,IT AND TELECOM - NETWORK: SATELLITE COMMUNICATIONS AND TELECOM ACCESS SERVICES,517311,WIRED TELECOMMUNICATIONS CARRIERS,,,,,False,False
HC101321F7125,ARINC INCORPORATED,2026-07-07,-355001.44,HC101321F7125,MD,JB ANDREWS,20762,PRINCE GEORGES,DG10,IT AND TELECOM - NETWORK AS A SERVICE,517410,SATELLITE TELECOMMUNICATIONS,,,,,False,False
HC108425FA503,ATT MOBILITY LLC,2026-07-06,-1202.8,HC108425FA503,MD,FORT GEORGE G MEADE,20755,ANNE ARUNDEL,DG11,IT AND TELECOM - NETWORK: SATELLITE COMMUNICATIONS AND TELECOM ACCESS SERVICES,517112,WIRELESS TELECOMMUNICATIONS CARRIERS (EXCEPT SATELLITE),,,,,False,False
N0002424F8583,UNIVERSITY OF TEXAS AT AUSTIN,2026-07-02,307645.0,N0002424F8583,TX,AUSTIN,78713,TRAVIS,AC32,NATIONAL DEFENSE R&D SERVICES; DEFENSE-RELATED ACTIVITIES; APPLIED RESEARCH,541712,"RESEARCH AND DEVELOPMENT IN THE PHYSICAL, ENGINEERING, AND LIFE SCIENCES (EXCEPT BIOTECHNOLOGY)",,,,,False,False
W912DQ20F0018,HDR-OBG A JOINT VENTURE,2026-07-02,-17446.85,W912DQ20F0018,NJ,EDGEWATER,07020,BERGEN,C219,ARCHITECT AND ENGINEERING- GENERAL: OTHER,541330,ENGINEERING SERVICES,,,,,False,False
HC108425FA509,ATT MOBILITY LLC,2026-07-01,-11407.2,HC108425FA509,MD,FORT GEORGE G MEADE,20755,ANNE ARUNDEL,DG11,IT AND TELECOM - NETWORK: SATELLITE COMMUNICATIONS AND TELECOM ACCESS SERVICES,517112,WIRELESS TELECOMMUNICATIONS CARRIERS (EXCEPT SATELLITE),,,,,False,False
W912DQ26FA051,"EA ENGINEERING, SCIENCE, AND TECHNOLOGY, INC., PBC",2026-06-30,0.0,W912DQ26FA051,NJ,ROCKAWAY,07866,MORRIS,F108,ENVIRONMENTAL SYSTEMS PROTECTION- ENVIRONMENTAL REMEDIATION,562910,REMEDIATION SERVICES,,,,,False,False
W912DQ25F3018,CDM FEDERAL PROGRAMS CORPORATION,2026-06-30,475000.0,W912DQ25F3018,PR,ARECIBO,00612,ARECIBO,C219,ARCHITECT AND ENGINEERING- GENERAL: OTHER,541330,ENGINEERING SERVICES,,,,,False,False
HC101317FA873,"LUMEN TECHNOLOGIES GOVERNMENT SOLUTIONS, INC",2026-06-30,0.0,HC101317FA873,VA,ASHBURN,20147,LOUDOUN,D304,IT AND TELECOM- TELECOMMUNICATIONS AND TRANSMISSION,517110,WIRED TELECOMMUNICATIONS CARRIERS,,,,,False,False
HC108424FA993,ATT MOBILITY LLC,2026-06-30,-158.04,HC108424FA993,MD,FORT GEORGE G MEADE,20755,ANNE ARUNDEL,DD01,"IT AND TELECOM - SERVICE DELIVERY SUPPORT SERVICES: ITSM, OPERATIONS CENTER, PROJECT/PM (LABOR)",517312,WIRELESS TELECOMMUNICATIONS CARRIERS (EXCEPT SATELLITE),,,,,False,False
W912DQ25F3016,HDR-OBG A JOINT VENTURE,2026-06-30,213489.0,W912DQ25F3016,NY,SYRACUSE,13209,ONONDAGA,C219,ARCHITECT AND ENGINEERING- GENERAL: OTHER,541330,ENGINEERING SERVICES,,,,,False,False
HC101325PA509,"LEVEL 3 COMMUNICATIONS, LLC",2026-06-30,-17371.64,HC101325PA509,NJ,PLEASANTVILLE,08232,ATLANTIC,DG11,IT AND TELECOM - NETWORK: SATELLITE COMMUNICATIONS AND TELECOM ACCESS SERVICES,517111,WIRED TELECOMMUNICATIONS CARRIERS,,,,,False,False
W912DQ22F3002,WSP USA SOLUTIONS INC,2026-06-30,500000.0,W912DQ22F3002,NY,VALHALLA,10595,WESTCHESTER,C219,ARCHITECT AND ENGINEERING- GENERAL: OTHER,541330,ENGINEERING SERVICES,,,,,False,False
N4008523F4474,"AMERISTAR CONTRACTING GROUP, INC.",2026-06-25,0.0,N4008523F4474,NJ,COLTS NECK,07722,MONMOUTH,Z2AA,REPAIR OR ALTERATION OF OFFICE BUILDINGS,236220,COMMERCIAL AND INSTITUTIONAL BUILDING CONSTRUCTION,,,,,False,False
W9127824C0002,PACIFIC TECH CONSTRUCTION INC,2026-06-25,0.0,W9127824C0002,MS,STENNIS SPACE CENTER,39529,HANCOCK,Y1JZ,CONSTRUCTION OF MISCELLANEOUS BUILDINGS,238160,ROOFING CONTRACTORS,,,,,False,False
HC108426FB080,ATT MOBILITY LLC,2026-06-25,32254.02,HC108426FB080,MD,FORT GEORGE G MEADE,20755,ANNE ARUNDEL,DG11,IT AND TELECOM - NETWORK: SATELLITE COMMUNICATIONS AND TELECOM ACCESS SERVICES,517112,WIRELESS TELECOMMUNICATIONS CARRIERS (EXCEPT SATELLITE),,,,,False,False
N0002426F8132,THE JOHNS HOPKINS UNIVERSITY APPLIED PHYSICS LABORATORY LLC,2026-06-25,500000.0,N0002426F8132,MD,LAUREL,20723,HOWARD,AC32,NATIONAL DEFENSE R&D SERVICES; DEFENSE-RELATED ACTIVITIES; APPLIED RESEARCH,541715,"RESEARCH AND DEVELOPMENT IN THE PHYSICAL, ENGINEERING, AND LIFE SCIENCES (EXCEPT NANOTECHNOLOGY AND BIOTECHNOLOGY)",,,,,False,False
HC101326FB447,TRACE SYSTEMS INC.,2026-06-23,0.0,HC101326FB447,AL,TUSCALOOSA,35401,TUSCALOOSA,7G22,"IT AND TELECOM - NETWORK: SATELLITE AND RF COMMUNICATIONS PRODUCTS (HW, PERPETUAL LICENSE SOFTWARE)",517410,SATELLITE TELECOMMUNICATIONS,,,,,False,False
HC101326FB460,TRACE SYSTEMS INC.,2026-06-22,0.0,HC101326FB460,VA,CHESAPEAKE,23320,CHESAPEAKE CITY,7G22,"IT AND TELECOM - NETWORK: SATELLITE AND RF COMMUNICATIONS PRODUCTS (HW, PERPETUAL LICENSE SOFTWARE)",517410,SATELLITE TELECOMMUNICATIONS,,,,,False,False
W9126G24C0004,CLARK CONSTRUCTION GROUP LLC,2026-06-22,677400.0,W9126G24C0004,TX,FORT BLISS,79916,EL PASO,Y1DA,CONSTRUCTION OF HOSPITALS AND INFIRMARIES,236220,COMMERCIAL AND INSTITUTIONAL BUILDING CONSTRUCTION,,,,,False,False
W912DQ24F3061,"AECOM TECHNICAL SERVICES, INC.",2026-06-18,150000.0,W912DQ24F3061,NY,MASSENA,13662,SAINT LAWRENCE,C219,ARCHITECT AND ENGINEERING- GENERAL: OTHER,541330,ENGINEERING SERVICES,,,,,False,False
HC108426FB055,ATT MOBILITY LLC,2026-06-17,1797.49,HC108426FB055,MD,FORT GEORGE G MEADE,20755,ANNE ARUNDEL,DG11,IT AND TELECOM - NETWORK: SATELLITE COMMUNICATIONS AND TELECOM ACCESS SERVICES,517112,WIRELESS TELECOMMUNICATIONS CARRIERS (EXCEPT SATELLITE),,,,,False,False
HC108426FB054,ATT MOBILITY LLC,2026-06-17,1797.49,HC108426FB054,MD,FORT GEORGE G MEADE,20755,ANNE ARUNDEL,DG11,IT AND TELECOM - NETWORK: SATELLITE COMMUNICATIONS AND TELECOM ACCESS SERVICES,517112,WIRELESS TELECOMMUNICATIONS CARRIERS (EXCEPT SATELLITE),,,,,False,False
HC101321F0196,"AT&T ENTERPRISES, LLC",2026-06-17,0.0,HC101321F0196,DC,ALEXANDRIA,20598,LOUDOUN,DG10,IT AND TELECOM - NETWORK AS A SERVICE,517110,WIRED TELECOMMUNICATIONS CARRIERS,,,,,False,False
W912DQ24F3056,"APTIM FEDERAL SERVICES, LLC",2026-06-16,1152416.0,W912DQ24F3056,NJ,LINDEN,07036,UNION,F999,OTHER ENVIRONMENTAL SERVICES,562910,REMEDIATION SERVICES,,,,,False,False
HC108426FB051,ATT MOBILITY LLC,2026-06-16,1901.49,HC108426FB051,MD,FORT GEORGE G MEADE,20755,ANNE ARUNDEL,DG11,IT AND TELECOM - NETWORK: SATELLITE COMMUNICATIONS AND TELECOM ACCESS SERVICES,517112,WIRELESS TELECOMMUNICATIONS CARRIERS (EXCEPT SATELLITE),,,,,False,False
HC108426FB048,ATT MOBILITY LLC,2026-06-16,7035.62,HC108426FB048,MD,FORT GEORGE G MEADE,20755,ANNE ARUNDEL,DG11,IT AND TELECOM - NETWORK: SATELLITE COMMUNICATIONS AND TELECOM ACCESS SERVICES,517112,WIRELESS TELECOMMUNICATIONS CARRIERS (EXCEPT SATELLITE),,,,,False,False
HC108426FB050,ATT MOBILITY LLC,2026-06-16,1901.49,HC108426FB050,MD,FORT GEORGE G MEADE,20755,ANNE ARUNDEL,DG11,IT AND TELECOM - NETWORK: SATELLITE COMMUNICATIONS AND TELECOM ACCESS SERVICES,517112,WIRELESS TELECOMMUNICATIONS CARRIERS (EXCEPT SATELLITE),,,,,False,False
N0002426F8117,THE JOHNS HOPKINS UNIVERSITY APPLIED PHYSICS LABORATORY LLC,2026-06-16,2853014.0,N0002426F8117,MD,LAUREL,20723,HOWARD,AC32,NATIONAL DEFENSE R&D SERVICES; DEFENSE-RELATED ACTIVITIES; APPLIED RESEARCH,541715,"RESEARCH AND DEVELOPMENT IN THE PHYSICAL, ENGINEERING, AND LIFE SCIENCES (EXCEPT NANOTECHNOLOGY AND BIOTECHNOLOGY)",,,,,False,False
W912DQ22F3039,"US ECOLOGY HOLDINGS, INC.",2026-06-16,-987358.5,W912DQ22F3039,MI,BELLEVILLE,48111,WAYNE,F999,OTHER ENVIRONMENTAL SERVICES,562211,HAZARDOUS WASTE TREATMENT AND DISPOSAL,,,,,False,False
W912DQ25C3008,"HYDROGEOLOGIC, INC.",2026-06-16,0.0,W912DQ25C3008,NJ,BYRAM TOWNSHIP,07821,SUSSEX,C219,ARCHITECT AND ENGINEERING- GENERAL: OTHER,541330,ENGINEERING SERVICES,,,,,False,False
HC101326FB460,TRACE SYSTEMS INC.,2026-06-15,357.91,HC101326FB460,VA,CHESAPEAKE,23320,CHESAPEAKE CITY,7G22,"IT AND TELECOM - NETWORK: SATELLITE AND RF COMMUNICATIONS PRODUCTS (HW, PERPETUAL LICENSE SOFTWARE)",517410,SATELLITE TELECOMMUNICATIONS,,,,,False,False
N4008526F0551,COASTAL ENTERPRISES OF JACKSONVILLE INC,2026-06-15,320760.86,N4008526F0551,NC,CAMP LEJEUNE,28547,ONSLOW,S201,HOUSEKEEPING- CUSTODIAL JANITORIAL,561720,JANITORIAL SERVICES,,,,,False,False
HC101323FC055,COMCAST GOVERNMENT SERVICES LLC,2026-06-15,0.0,HC101323FC055,VA,RESTON,20190,FAIRFAX,DG11,IT AND TELECOM - NETWORK: SATELLITE COMMUNICATIONS AND TELECOM ACCESS SERVICES,517311,WIRED TELECOMMUNICATIONS CARRIERS,,,,,False,False
N0016423FJ163,"TELEDYNE FLIR DEFENSE, INC.",2026-06-15,8000.0,N0016423FJ163,MA,WOBURN,01801,MIDDLESEX,J020,MAINT/REPAIR/REBUILD OF EQUIPMENT- SHIP AND MARINE EQUIPMENT,334511,"SEARCH, DETECTION, NAVIGATION, GUIDANCE, AERONAUTICAL, AND NAUTICAL SYSTEM AND INSTRUMENT MANUFACTURING",,,,,False,False
N0016425FJ597,"TELEDYNE FLIR DEFENSE, INC.",2026-06-15,227870.0,N0016425FJ597,MA,NORTH BILLERICA,01862,MIDDLESEX,K058,"MODIFICATION OF EQUIPMENT- COMMUNICATION, DETECTION, AND COHERENT RADIATION EQUIPMENT",334511,"SEARCH, DETECTION, NAVIGATION, GUIDANCE, AERONAUTICAL, AND NAUTICAL SYSTEM AND INSTRUMENT MANUFACTURING",,,,,False,False
FA810824FB001,STRATEGIC TECHNOLOGY INSTITUTE INC,2026-06-11,0.0,FA810824FB001,MD,ROCKVILLE,20852,MONTGOMERY,J010,MAINT/REPAIR/REBUILD OF EQUIPMENT- WEAPONS,336411,AIRCRAFT MANUFACTURING,,,,,False,False
W912DQ25F3011,JACOBS GOVERNMENT SERVICES COMPANY,2026-06-11,483485.0,W912DQ25F3011,NJ,PLEASANTVILLE,08232,ATLANTIC,C219,ARCHITECT AND ENGINEERING- GENERAL: OTHER,541330,ENGINEERING SERVICES,,,,,False,False
HC108426FB024,ATT MOBILITY LLC,2026-06-11,4227.97,HC108426FB024,MD,FORT GEORGE G MEADE,20755,ANNE ARUNDEL,DG11,IT AND TELECOM - NETWORK: SATELLITE COMMUNICATIONS AND TELECOM ACCESS SERVICES,517112,WIRELESS TELECOMMUNICATIONS CARRIERS (EXCEPT SATELLITE),,,,,False,False
HC108422FA415,ATT MOBILITY LLC,2026-06-11,-613.89,HC108422FA415,MD,FORT GEORGE G MEADE,20755,ANNE ARUNDEL,DD01,"IT AND TELECOM - SERVICE DELIVERY SUPPORT SERVICES: ITSM, OPERATIONS CENTER, PROJECT/PM (LABOR)",517312,WIRELESS TELECOMMUNICATIONS CARRIERS (EXCEPT SATELLITE),,,,,False,False
HC108426FB025,ATT MOBILITY LLC,2026-06-11,5402.97,HC108426FB025,MD,FORT GEORGE G MEADE,20755,ANNE ARUNDEL,DG11,IT AND TELECOM - NETWORK: SATELLITE COMMUNICATIONS AND TELECOM ACCESS SERVICES,517112,WIRELESS TELECOMMUNICATIONS CARRIERS (EXCEPT SATELLITE),,,,,False,False
HC108422FB136,ATT MOBILITY LLC,2026-06-11,-119.51,HC108422FB136,MD,FORT GEORGE G MEADE,20755,ANNE ARUNDEL,DD01,"IT AND TELECOM - SERVICE DELIVERY SUPPORT SERVICES: ITSM, OPERATIONS CENTER, PROJECT/PM (LABOR)",517312,WIRELESS TELECOMMUNICATIONS CARRIERS (EXCEPT SATELLITE),,,,,False,False
HC101326FA489,"SATCOM DIRECT GOVERNMENT, LLC",2026-06-10,0.0,HC101326FA489,VA,ALEXANDRIA,22315,FAIRFAX,DG10,IT AND TELECOM - NETWORK AS A SERVICE,517410,SATELLITE TELECOMMUNICATIONS,,,,,False,False
HC108426FB018,ATT MOBILITY LLC,2026-06-10,1904.99,HC108426FB018,MD,FORT GEORGE G MEADE,20755,ANNE ARUNDEL,DG11,IT AND TELECOM - NETWORK: SATELLITE COMMUNICATIONS AND TELECOM ACCESS SERVICES,517112,WIRELESS TELECOMMUNICATIONS CARRIERS (EXCEPT SATELLITE),,,,,False,False
HC101326FB381,"GENERAL DYNAMICS MISSION SYSTEMS, INC.",2026-06-09,0.0,HC101326FB381,DC,WASHINGTON,20515,DISTRICT OF COLUMBIA,7G22,"IT AND TELECOM - NETWORK: SATELLITE AND RF COMMUNICATIONS PRODUCTS (HW, PERPETUAL LICENSE SOFTWARE)",334220,RADIO AND TELEVISION BROADCASTING AND WIRELESS COMMUNICATIONS EQUIPMENT MANUFACTURING,,,,,False,False
HC101326FB447,TRACE SYSTEMS INC.,2026-06-09,204.52,HC101326FB447,AL,TUSCALOOSA,35401,TUSCALOOSA,7G22,"IT AND TELECOM - NETWORK: SATELLITE AND RF COMMUNICATIONS PRODUCTS (HW, PERPETUAL LICENSE SOFTWARE)",517410,SATELLITE TELECOMMUNICATIONS,,,,,False,False
HC108426FB014,ATT MOBILITY LLC,2026-06-09,1904.99,HC108426FB014,MD,FORT GEORGE G MEADE,20755,ANNE ARUNDEL,DG11,IT AND TELECOM - NETWORK: SATELLITE COMMUNICATIONS AND TELECOM ACCESS SERVICES,517112,WIRELESS TELECOMMUNICATIONS CARRIERS (EXCEPT SATELLITE),,,,,False,False
HC108426FB019,ATT MOBILITY LLC,2026-06-09,1904.99,HC108426FB019,MD,FORT GEORGE G MEADE,20755,ANNE ARUNDEL,DG11,IT AND TELECOM - NETWORK: SATELLITE COMMUNICATIONS AND TELECOM ACCESS SERVICES,517112,WIRELESS TELECOMMUNICATIONS CARRIERS (EXCEPT SATELLITE),,,,,False,False
HC108425FA323,ATT MOBILITY LLC,2026-06-09,-1229.67,HC108425FA323,MD,FORT GEORGE G MEADE,20755,ANNE ARUNDEL,DG11,IT AND TELECOM - NETWORK: SATELLITE COMMUNICATIONS AND TELECOM ACCESS SERVICES,517112,WIRELESS TELECOMMUNICATIONS CARRIERS (EXCEPT SATELLITE),,,,,False,False
HC108426FB016,ATT MOBILITY LLC,2026-06-09,1904.99,HC108426FB016,MD,FORT GEORGE G MEADE,20755,ANNE ARUNDEL,DG11,IT AND TELECOM - NETWORK: SATELLITE COMMUNICATIONS AND TELECOM ACCESS SERVICES,517112,WIRELESS TELECOMMUNICATIONS CARRIERS (EXCEPT SATELLITE),,,,,False,False
HC108426FB015,ATT MOBILITY LLC,2026-06-09,1904.99,HC108426FB015,MD,FORT GEORGE G MEADE,20755,ANNE ARUNDEL,DG11,IT AND TELECOM - NETWORK: SATELLITE COMMUNICATIONS AND TELECOM ACCESS SERVICES,517112,WIRELESS TELECOMMUNICATIONS CARRIERS (EXCEPT SATELLITE),,,,,False,False
HC108426FB005,ATT MOBILITY LLC,2026-06-08,1821.0,HC108426FB005,MD,FORT GEORGE G MEADE,20755,ANNE ARUNDEL,DG11,IT AND TELECOM - NETWORK: SATELLITE COMMUNICATIONS AND TELECOM ACCESS SERVICES,517112,WIRELESS TELECOMMUNICATIONS CARRIERS (EXCEPT SATELLITE),,,,,False,False
