Award Id,Recipient Name,Action Date,Award Amount,Piid,Place Of Performance State Code,Place Of Performance City Name,Place Of Performance ZIP Code,Place Of Performance County Name,Product Or Service Code (Psc),Psc Description,Naics Code,Naics Description,Type Of Set Aside,Type Of Set Aside Description,Contracting Officer Business Size Determination,Last Modified Date,Is Small Business,Is 8a Set-Aside
DEDT0011770,SITELOGIQ GOVERNMENT SOLUTIONS LLC,2026-09-14,298563.0,DEDT0011770,DC,WASHINGTON,20585,DISTRICT OF COLUMBIA,Y1AA,CONSTRUCTION OF OFFICE BUILDINGS,541330,ENGINEERING SERVICES,,,,,False,False
DEDT0001059,"NORESCO, LLC",2026-09-14,2653493.0,DEDT0001059,DC,WASHINGTON,20585,DISTRICT OF COLUMBIA,B540,SPECIAL STUDIES/ANALYSIS- BUILDING TECHNOLOGY,541330,ENGINEERING SERVICES,,,,,False,False
89233125FNA400697,THE AEROSPACE CORPORATION,2026-09-14,4830736.47,89233125FNA400697,CA,EL SEGUNDO,90245,LOS ANGELES,AR14,"SPACE R&D SERVICES; SPACE FLIGHT, RESEARCH AND SUPPORTING ACTIVITIES; R&D ADMINISTRATIVE EXPENSES",541715,"RESEARCH AND DEVELOPMENT IN THE PHYSICAL, ENGINEERING, AND LIFE SCIENCES (EXCEPT NANOTECHNOLOGY AND BIOTECHNOLOGY)",,,,,False,False
89233122FNA400406,CHENEGA PROFESSIONAL & TECHNICAL SERVICES LLC,2026-09-14,400000.0,89233122FNA400406,NM,KIRTLAND AFB,87117,BERNALILLO,R499,SUPPORT- PROFESSIONAL: OTHER,541611,ADMINISTRATIVE MANAGEMENT AND GENERAL MANAGEMENT CONSULTING SERVICES,,,,,False,False
DEAC3608GO28308,"ALLIANCE FOR ENERGY INNOVATION, LLC",2026-09-14,1299806.45,DEAC3608GO28308,CO,LAKEWOOD,80401,JEFFERSON,M181,OPER OF GOVT R&D GOCO FACILITIES,541711,RESEARCH AND DEVELOPMENT IN BIOTECHNOLOGY,,,,,False,False
89303024CMA000120,WILBURN HAULING INC,2026-09-14,0.0,89303024CMA000120,DC,WASHINGTON,20585,DISTRICT OF COLUMBIA,S205,HOUSEKEEPING- TRASH/GARBAGE COLLECTION,562111,SOLID WASTE COLLECTION,,,,,False,False
89303326PEM000271,AMERICAN BUSINESS SOLUTIONS INC,2026-09-14,14144.0,89303326PEM000271,OH,CINCINNATI,45202,HAMILTON,7A20,IT AND TELECOM - APPLICATION DEVELOPMENT SOFTWARE (PERPETUAL LICENSE SOFTWARE),541512,COMPUTER SYSTEMS DESIGN SERVICES,,,,,False,False
89243126CSC000213,SURATECH LLC,2026-09-14,0.0,89243126CSC000213,VA,NEWPORT NEWS,23606,NEWPORT NEWS CITY,M1HA,OPERATION OF GOVERNMENT-OWNED CONTRACTOR-OPERATED (GOCO) R&D FACILITIES,541715,"RESEARCH AND DEVELOPMENT IN THE PHYSICAL, ENGINEERING, AND LIFE SCIENCES (EXCEPT NANOTECHNOLOGY AND BIOTECHNOLOGY)",,,,,False,False
89303026FMA401031,"THE FIELDS GROUP, LLC",2026-09-14,137398.07,89303026FMA401031,DC,WASHINGTON,20585,DISTRICT OF COLUMBIA,C1AZ,ARCHITECT AND ENGINEERING- CONSTRUCTION: OTHER ADMINISTRATIVE FACILITIES/SERVICE BUILDINGS,236220,COMMERCIAL AND INSTITUTIONAL BUILDING CONSTRUCTION,,,,,False,False
89243326PFE001008,"FRANKLIN YOUNG INTERNATIONAL, INCORPORATED",2026-09-14,134983.0,89243326PFE001008,CA,UPLAND,91786,SAN BERNARDINO,6640,LABORATORY EQUIPMENT AND SUPPLIES,334516,ANALYTICAL LABORATORY INSTRUMENT MANUFACTURING,,,,,False,False
89243224CNE000035,NORTH WIND GENERAL CONTRACTORS LLC,2026-09-14,0.0,89243224CNE000035,ID,IDAHO FALLS,83402,BONNEVILLE,J035,MAINT/REPAIR/REBUILD OF EQUIPMENT- SERVICE AND TRADE EQUIPMENT,238210,ELECTRICAL CONTRACTORS AND OTHER WIRING INSTALLATION CONTRACTORS,,,,,False,False
89233125FNA400718,COGENT SECURITY CONSULTING LLC,2026-09-14,1675000.0,89233125FNA400718,VA,ALEXANDRIA,22314,ALEXANDRIA CITY,R499,SUPPORT- PROFESSIONAL: OTHER,541611,ADMINISTRATIVE MANAGEMENT AND GENERAL MANAGEMENT CONSULTING SERVICES,,,,,False,False
DEAC0576RL01830,BATTELLE MEMORIAL INSTITUTE,2026-09-14,29485446.46,DEAC0576RL01830,WA,RICHLAND,99354,BENTON,M181,OPER OF GOVT R&D GOCO FACILITIES,541710,"RESEARCH AND DEVELOPMENT IN THE PHYSICAL, ENGINEERING, AND LIFE SCIENCES",,,,,False,False
89233120FNA400264,INNOVATIVE TECHNOLOGY PARTNERSHIPS LLC,2026-09-14,2111124.31,89233120FNA400264,AR,FORT SMITH,72916,SEBASTIAN,R706,SUPPORT- MANAGEMENT: LOGISTICS SUPPORT,561210,FACILITIES SUPPORT SERVICES,,,,,False,False
89303026FET400042,PERATON INC.,2026-09-14,800000.0,89303026FET400042,DC,WASHINGTON,20585,DISTRICT OF COLUMBIA,DA01,IT AND TELECOM - BUSINESS APPLICATION/APPLICATION DEVELOPMENT SUPPORT SERVICES (LABOR),541511,CUSTOM COMPUTER PROGRAMMING SERVICES,,,,,False,False
89233125FNA400737,SEATECH GLOBAL SECURITY SOLUTIONS,2026-09-14,486147.0,89233125FNA400737,,,,,R425,SUPPORT- PROFESSIONAL: ENGINEERING/TECHNICAL,541990,"ALL OTHER PROFESSIONAL, SCIENTIFIC, AND TECHNICAL SERVICES",,,,,False,False
89233126FNA400799,VECTOR RESOURCE INC,2026-09-14,0.0,89233126FNA400799,DC,WASHINGTON,20585,DISTRICT OF COLUMBIA,R425,SUPPORT- PROFESSIONAL: ENGINEERING/TECHNICAL,541611,ADMINISTRATIVE MANAGEMENT AND GENERAL MANAGEMENT CONSULTING SERVICES,,,,,False,False
89303924FEM000258,STREET LEGAL INDUSTRIES LLC,2026-09-14,1112045.94,89303924FEM000258,WA,RICHLAND,99354,BENTON,R699,SUPPORT- ADMINISTRATIVE: OTHER,541611,ADMINISTRATIVE MANAGEMENT AND GENERAL MANAGEMENT CONSULTING SERVICES,,,,,False,False
89233123CNA000303,THE BOEING COMPANY,2026-09-14,197800.0,89233123CNA000303,WA,SEATTLE,98124,KING,1510,"AIRCRAFT, FIXED WING",336411,AIRCRAFT MANUFACTURING,,,,,False,False
DEDT0009408,POTOMAC ELECTRIC POWER CO,2026-09-14,456668.88,DEDT0009408,MD,GERMANTOWN,20874,MONTGOMERY,C1AZ,ARCHITECT AND ENGINEERING- CONSTRUCTION: OTHER ADMINISTRATIVE FACILITIES/SERVICE BUILDINGS,221122,ELECTRIC POWER DISTRIBUTION,,,,,False,False
89303024FSE000005,DELOITTE CONSULTING LLP,2026-09-14,-520811.97,89303024FSE000005,DC,WASHINGTON,20585,DISTRICT OF COLUMBIA,R699,SUPPORT- ADMINISTRATIVE: OTHER,541611,ADMINISTRATIVE MANAGEMENT AND GENERAL MANAGEMENT CONSULTING SERVICES,,,,,False,False
89303425FEM400025,NEWPORT NEWS NUCLEAR BWXT-LOS ALAMOS LLC,2026-09-14,-62823.0,89303425FEM400025,NM,LOS ALAMOS,87544,LOS ALAMOS,F999,OTHER ENVIRONMENTAL SERVICES,562910,REMEDIATION SERVICES,,,,,False,False
89233026FNR400148,"KEARNEY & COMPANY, P.C.",2026-09-14,366010.06,89233026FNR400148,VA,ALEXANDRIA,22314,ALEXANDRIA CITY,R704,SUPPORT- MANAGEMENT: AUDITING,541211,OFFICES OF CERTIFIED PUBLIC ACCOUNTANTS,,,,,False,False
89303025CMA000136,SIEMENS INDUSTRY INC,2026-09-14,74240.41,89303025CMA000136,DC,WASHINGTON,20585,DISTRICT OF COLUMBIA,DF01,IT AND TELECOM - IT MANAGEMENT SUPPORT SERVICES (LABOR),423430,COMPUTER AND COMPUTER PERIPHERAL EQUIPMENT AND SOFTWARE MERCHANT WHOLESALERS,,,,,False,False
89243425FEE000517,ENERGY TECHNOLOGY ALLIANCE LLC,2026-09-14,-56.89,89243425FEE000517,DC,WASHINGTON,20585,DISTRICT OF COLUMBIA,R425,SUPPORT- PROFESSIONAL: ENGINEERING/TECHNICAL,562910,REMEDIATION SERVICES,,,,,False,False
89303024FMA000524,"SYSTEMATIC MANAGEMENT SERVICES, INC.",2026-09-14,-14136.46,89303024FMA000524,DC,WASHINGTON,20585,DISTRICT OF COLUMBIA,R499,SUPPORT- PROFESSIONAL: OTHER,541330,ENGINEERING SERVICES,,,,,False,False
DEAT5210NA29497,SES-TECH GLOBAL SOLUTIONS,2026-09-14,-259674.91,DEAT5210NA29497,,,,,Y299,CONTRUCT/ALL OTHER NON-BLDG FACS,237990,OTHER HEAVY AND CIVIL ENGINEERING CONSTRUCTION,,,,,False,False
89243326PFE001007,"SECURE SUPPLY, INC",2026-09-14,149056.5,89243326PFE001007,ID,POST FALLS,83854,KOOTENAI,6640,LABORATORY EQUIPMENT AND SUPPLIES,334516,ANALYTICAL LABORATORY INSTRUMENT MANUFACTURING,,,,,False,False
89233122FNA400452,SIGMA SCIENCE INC,2026-09-14,46000.0,89233122FNA400452,TN,OAK RIDGE,37830,ANDERSON,R408,SUPPORT- PROFESSIONAL: PROGRAM MANAGEMENT/SUPPORT,541330,ENGINEERING SERVICES,,,,,False,False
89303325CEM000135,"ASRC FEDERAL TECHNOLOGY SOLUTIONS, LLC",2026-09-14,532695.09,89303325CEM000135,MD,GERMANTOWN,20874,MONTGOMERY,DF01,IT AND TELECOM - IT MANAGEMENT SUPPORT SERVICES (LABOR),541519,OTHER COMPUTER RELATED SERVICES,,,,,False,False
89243323CFE000074,KBC ENERGY SOLUTIONS LLC,2026-09-14,950000.0,89243323CFE000074,WV,MORGANTOWN,26505,MONONGALIA,R425,SUPPORT- PROFESSIONAL: ENGINEERING/TECHNICAL,541330,ENGINEERING SERVICES,,,,,False,False
89243325FFE400652,"MAXIMUS FEDERAL SERVICES, INC.",2026-09-14,426492.0,89243325FFE400652,WV,MORGANTOWN,26501,MONONGALIA,DF01,IT AND TELECOM - IT MANAGEMENT SUPPORT SERVICES (LABOR),541512,COMPUTER SYSTEMS DESIGN SERVICES,,,,,False,False
89303723FEM400272,"SAVANNAH RIVER MISSION COMPLETION, LLC",2026-09-14,3000000.0,89303723FEM400272,SC,AIKEN,29802,AIKEN,R499,SUPPORT- PROFESSIONAL: OTHER,562910,REMEDIATION SERVICES,,,,,False,False
89303026CTT000007,"KONIAG ADVISORY AND BUSINESS SOLUTIONS, LLC",2026-09-14,200000.0,89303026CTT000007,DC,WASHINGTON,20585,DISTRICT OF COLUMBIA,DF01,IT AND TELECOM - IT MANAGEMENT SUPPORT SERVICES (LABOR),561110,OFFICE ADMINISTRATIVE SERVICES,,,,,False,False
89303322FEM400259,"NORTH WIND PORTAGE, INC.",2026-09-14,-77.12,89303322FEM400259,UT,MOAB,84532,GRAND,F108,ENVIRONMENTAL SYSTEMS PROTECTION- ENVIRONMENTAL REMEDIATION,562910,REMEDIATION SERVICES,,,,,False,False
89303024CMA000119,ALEXTON INCORPORATED,2026-09-14,160000.0,89303024CMA000119,DC,WASHINGTON,20585,DISTRICT OF COLUMBIA,R602,SUPPORT- ADMINISTRATIVE: COURIER/MESSENGER,492110,COURIERS AND EXPRESS DELIVERY SERVICES,,,,,False,False
89303326FEM400476,S & K LOGISTICS SERVICES LLC,2026-09-14,299326.72,89303326FEM400476,SC,AIKEN,29802,AIKEN,R425,SUPPORT- PROFESSIONAL: ENGINEERING/TECHNICAL,541330,ENGINEERING SERVICES,,,,,False,False
89303326PEM000273,"FCN, INC.",2026-09-14,32272.91,89303326PEM000273,OH,CINCINNATI,45202,HAMILTON,7B20,IT AND TELECOM - HIGH PERFORMANCE COMPUTE (HARDWARE AND PERPETUAL LICENSE SOFTWARE),518210,"COMPUTING INFRASTRUCTURE PROVIDERS, DATA PROCESSING, WEB HOSTING, AND RELATED SERVICES",,,,,False,False
89303024CMA000113,ALEXTON INCORPORATED,2026-09-14,334500.0,89303024CMA000113,DC,WASHINGTON,20585,DISTRICT OF COLUMBIA,R699,SUPPORT- ADMINISTRATIVE: OTHER,238210,ELECTRICAL CONTRACTORS AND OTHER WIRING INSTALLATION CONTRACTORS,,,,,False,False
89303024CMA000102,ALEXTON INCORPORATED,2026-09-14,145000.0,89303024CMA000102,DC,WASHINGTON,20585,DISTRICT OF COLUMBIA,R499,SUPPORT- PROFESSIONAL: OTHER,561410,DOCUMENT PREPARATION SERVICES,,,,,False,False
89303026FPM000005,"TECHSOURCE, LLC",2026-09-14,519000.0,89303026FPM000005,DC,WASHINGTON,20585,DISTRICT OF COLUMBIA,R499,SUPPORT- PROFESSIONAL: OTHER,541330,ENGINEERING SERVICES,,,,,False,False
89303023FMA400660,FEDERAL EXPRESS CORPORATION,2026-09-14,4000.0,89303023FMA400660,DC,WASHINGTON,20585,DISTRICT OF COLUMBIA,R604,SUPPORT- ADMINISTRATIVE: MAILING/DISTRIBUTION,492110,COURIERS AND EXPRESS DELIVERY SERVICES,,,,,False,False
89303324FEM400420,"APTIM FEDERAL SERVICES, LLC",2026-09-14,0.0,89303324FEM400420,NY,NISKAYUNA,12309,SCHENECTADY,F999,OTHER ENVIRONMENTAL SERVICES,562910,REMEDIATION SERVICES,,,,,False,False
89303324FEM400420,"APTIM FEDERAL SERVICES, LLC",2026-09-14,71032000.0,89303324FEM400420,NY,NISKAYUNA,12309,SCHENECTADY,F999,OTHER ENVIRONMENTAL SERVICES,562910,REMEDIATION SERVICES,,,,,False,False
89243625FCD000014,"PROFESSIONAL VETS CONSULTING GROUP, LLC",2026-09-14,949066.56,89243625FCD000014,DC,WASHINGTON,20585,DISTRICT OF COLUMBIA,R699,SUPPORT- ADMINISTRATIVE: OTHER,541611,ADMINISTRATIVE MANAGEMENT AND GENERAL MANAGEMENT CONSULTING SERVICES,,,,,False,False
89243326PFE000999,"ANDOR TECHNOLOGY, INC.",2026-09-14,94648.0,89243326PFE000999,WV,MORGANTOWN,26505,MONONGALIA,6640,LABORATORY EQUIPMENT AND SUPPLIES,334516,ANALYTICAL LABORATORY INSTRUMENT MANUFACTURING,,,,,False,False
89303026FPM000006,"LONGENECKER & ASSOCIATES, LLC",2026-09-14,40000.0,89303026FPM000006,DC,WASHINGTON,20585,DISTRICT OF COLUMBIA,R499,SUPPORT- PROFESSIONAL: OTHER,541330,ENGINEERING SERVICES,,,,,False,False
DEAC0276SF00515,THE LELAND STANFORD JUNIOR UNIVERSITY,2026-09-14,4452283.74,DEAC0276SF00515,CA,MENLO PARK,94025,SAN MATEO,M181,OPER OF GOVT R&D GOCO FACILITIES,541710,"RESEARCH AND DEVELOPMENT IN THE PHYSICAL, ENGINEERING, AND LIFE SCIENCES",,,,,False,False
89503226FWA400875,"ADVANCED COMPUTER CONCEPTS, INC.",2026-09-14,62715.24,89503226FWA400875,VA,MCLEAN,22102,FAIRFAX,5895,MISCELLANEOUS COMMUNICATION EQUIPMENT,541519,OTHER COMPUTER RELATED SERVICES,,,,,False,False
89303326PEM000278,"CTG FEDERAL, LLC",2026-09-14,59580.15,89303326PEM000278,OH,CINCINNATI,45202,HAMILTON,7A20,IT AND TELECOM - APPLICATION DEVELOPMENT SOFTWARE (PERPETUAL LICENSE SOFTWARE),513210,SOFTWARE PUBLISHERS,,,,,False,False
89243318CFE000003,"LEIDOS, INC.",2026-09-14,3198939.0,89243318CFE000003,WV,MORGANTOWN,26507,MONONGALIA,R425,SUPPORT- PROFESSIONAL: ENGINEERING/TECHNICAL,541715,"RESEARCH AND DEVELOPMENT IN THE PHYSICAL, ENGINEERING, AND LIFE SCIENCES (EXCEPT NANOTECHNOLOGY AND BIOTECHNOLOGY)",,,,,False,False
89303023FMA400637,"EMCOR GOVERNMENT SERVICES, INC",2026-09-14,0.0,89303023FMA400637,DC,WASHINGTON,20585,DISTRICT OF COLUMBIA,M1AZ,OPERATION OF OTHER ADMINISTRATIVE FACILITIES AND SERVICE BUILDINGS,561210,FACILITIES SUPPORT SERVICES,,,,,False,False
89303026FIM000217,"MINBURN TECHNOLOGY GROUP, LLC",2026-09-11,160406.25,89303026FIM000217,DC,WASHINGTON,20585,DISTRICT OF COLUMBIA,7A21,IT AND TELECOM - BUSINESS APPLICATION SOFTWARE (PERPETUAL LICENSE SOFTWARE),541519,OTHER COMPUTER RELATED SERVICES,,,,,False,False
DEDT0001059,"NORESCO, LLC",2026-09-11,0.0,DEDT0001059,DC,WASHINGTON,20585,DISTRICT OF COLUMBIA,B540,SPECIAL STUDIES/ANALYSIS- BUILDING TECHNOLOGY,541330,ENGINEERING SERVICES,,,,,False,False
89303021FAU400007,"INTEGRATED SECURITY TECHNOLOGIES, INC",2026-09-11,0.0,89303021FAU400007,DC,WASHINGTON,20585,DISTRICT OF COLUMBIA,DJ01,IT AND TELECOM - SECURITY AND COMPLIANCE SUPPORT SERVICES (LABOR),315999,OTHER APPAREL ACCESSORIES AND OTHER APPAREL MANUFACTURING,,,,,False,False
89503426PWA002371,PARK RIVER IMPLEMENT L.L.C.,2026-09-11,23800.0,89503426PWA002371,ND,PARK RIVER,58270,WALSH,3750,GARDENING IMPLEMENTS AND TOOLS,333112,LAWN AND GARDEN TRACTOR AND HOME LAWN AND GARDEN EQUIPMENT MANUFACTURING,,,,,False,False
89303024CET000022,STRATIVIA LLC,2026-09-11,700000.0,89303024CET000022,DC,WASHINGTON,20585,DISTRICT OF COLUMBIA,R499,SUPPORT- PROFESSIONAL: OTHER,541611,ADMINISTRATIVE MANAGEMENT AND GENERAL MANAGEMENT CONSULTING SERVICES,,,,,False,False
89503023FWA000106,RICOH USA INC,2026-09-11,6660.0,89503023FWA000106,CO,DENVER,80228,JEFFERSON,3610,"PRINTING, DUPLICATING, AND BOOKBINDING EQUIPMENT",333244,PRINTING MACHINERY AND EQUIPMENT MANUFACTURING,,,,,False,False
89303924FEM000248,ATTAINX INC.,2026-09-11,248803.2,89303924FEM000248,WA,RICHLAND,99354,BENTON,R699,SUPPORT- ADMINISTRATIVE: OTHER,541511,CUSTOM COMPUTER PROGRAMMING SERVICES,,,,,False,False
89503026FWA401186,"CENTURY HELICOPTERS, INC.",2026-09-11,910402.94,89503026FWA401186,CO,LAKEWOOD,80228,JEFFERSON,J015,MAINT/REPAIR/REBUILD OF EQUIPMENT- AIRCRAFT AND AIRFRAME STRUCTURAL COMPONENTS,488190,OTHER SUPPORT ACTIVITIES FOR AIR TRANSPORTATION,,,,,False,False
89303023FMA400683,ACME AUTO LEASING LLC,2026-09-11,11762.24,89303023FMA400683,DC,WASHINGTON,20585,DISTRICT OF COLUMBIA,2310,PASSENGER MOTOR VEHICLES,532112,PASSENGER CAR LEASING,,,,,False,False
89303026FMA401001,ARCHETYPE III LLC,2026-09-11,50000.0,89303026FMA401001,DC,WASHINGTON,20585,DISTRICT OF COLUMBIA,R408,SUPPORT- PROFESSIONAL: PROGRAM MANAGEMENT/SUPPORT,541611,ADMINISTRATIVE MANAGEMENT AND GENERAL MANAGEMENT CONSULTING SERVICES,,,,,False,False
89303726FEM400348,CARAHSOFT TECHNOLOGY CORP,2026-09-11,24846.75,89303726FEM400348,SC,AIKEN,29802,AIKEN,7B22,IT AND TELECOM - COMPUTE: SERVERS (HARDWARE AND PERPETUAL LICENSE SOFTWARE),511210,SOFTWARE PUBLISHERS,,,,,False,False
89503326FWA000153,"MOUNTAIN F. ENTERPRISES, INC.",2026-09-11,399733.47,89503326FWA000153,CA,FOLSOM,95630,SACRAMENTO,F014,NATURAL RESOURCES/CONSERVATION- TREE THINNING,561730,LANDSCAPING SERVICES,,,,,False,False
89503226PWA000649,ENERGY BY NATIVE AMERICAN DESIGN CORP,2026-09-11,128684.08,89503226PWA000649,SD,RAPID CITY,57703,PENNINGTON,5340,"HARDWARE, COMMERCIAL",335932,NONCURRENT-CARRYING WIRING DEVICE MANUFACTURING,,,,,False,False
89303325FEM400454,INDEPENDENT STRATEGIC MANAGEMENT SOLUTIONS INC,2026-09-11,24000.0,89303325FEM400454,TN,OAK RIDGE,37830,ANDERSON,R408,SUPPORT- PROFESSIONAL: PROGRAM MANAGEMENT/SUPPORT,541620,ENVIRONMENTAL CONSULTING SERVICES,,,,,False,False
89233126FNA400818,"MCKINSEY & COMPANY, INC. WASHINGTON D.C.",2026-09-11,3072611.27,89233126FNA400818,DC,WASHINGTON,20585,DISTRICT OF COLUMBIA,R499,SUPPORT- PROFESSIONAL: OTHER,541611,ADMINISTRATIVE MANAGEMENT AND GENERAL MANAGEMENT CONSULTING SERVICES,,,,,False,False
89303026CAU000031,OLGOONIK SOLUTIONS LLC,2026-09-11,2349099.51,89303026CAU000031,DC,WASHINGTON,20585,DISTRICT OF COLUMBIA,R499,SUPPORT- PROFESSIONAL: OTHER,561621,SECURITY SYSTEMS SERVICES (EXCEPT LOCKSMITHS),,,,,False,False
89233126FNA400825,"WULCO, INC.",2026-09-11,659642.77,89233126FNA400825,PA,BUTLER,16002,BUTLER,2320,"TRUCKS AND TRUCK TRACTORS, WHEELED",336211,MOTOR VEHICLE BODY MANUFACTURING,,,,,False,False
89303022FCF000026,ACQUISITION RESEARCH & LOGISTICS INC,2026-09-11,1034113.96,89303022FCF000026,DC,WASHINGTON,20585,DISTRICT OF COLUMBIA,R699,SUPPORT- ADMINISTRATIVE: OTHER,541611,ADMINISTRATIVE MANAGEMENT AND GENERAL MANAGEMENT CONSULTING SERVICES,,,,,False,False
89303022CMA000072,"LIVING INVIGORATING VALUABLE EXPERIENCES, LLC (LIVE)",2026-09-11,-78451.06,89303022CMA000072,GA,ATLANTA,30314,FULTON,R799,SUPPORT- MANAGEMENT: OTHER,561499,ALL OTHER BUSINESS SUPPORT SERVICES,,,,,False,False
89303026PAU000057,"STACCATO 2011, LLC",2026-09-11,72500.0,89303026PAU000057,DC,WASHINGTON,20585,DISTRICT OF COLUMBIA,1005,"GUNS, THROUGH 30MM",332994,"SMALL ARMS, ORDNANCE, AND ORDNANCE ACCESSORIES MANUFACTURING",,,,,False,False
89303022FCF000026,ACQUISITION RESEARCH & LOGISTICS INC,2026-09-11,40000.0,89303022FCF000026,DC,WASHINGTON,20585,DISTRICT OF COLUMBIA,R699,SUPPORT- ADMINISTRATIVE: OTHER,541611,ADMINISTRATIVE MANAGEMENT AND GENERAL MANAGEMENT CONSULTING SERVICES,,,,,False,False
89243326PFE001015,PERACTOS LLC,2026-09-11,26771.0,89243326PFE001015,TX,MCKINNEY,75070,COLLIN,6640,LABORATORY EQUIPMENT AND SUPPLIES,334516,ANALYTICAL LABORATORY INSTRUMENT MANUFACTURING,,,,,False,False
89243426FEE000623,THE BUILDING PEOPLE LLC,2026-09-11,91132.8,89243426FEE000623,VA,LEESBURG,20175,LOUDOUN,R699,SUPPORT- ADMINISTRATIVE: OTHER,561210,FACILITIES SUPPORT SERVICES,,,,,False,False
89233125FNA400743,"BWXT ENRICHMENT OPERATIONS, LLC",2026-09-11,36315150.79,89233125FNA400743,TN,ERWIN,37650,UNICOI,R425,SUPPORT- PROFESSIONAL: ENGINEERING/TECHNICAL,541330,ENGINEERING SERVICES,,,,,False,False
89303723FEM400292,"SAVANNAH RIVER MISSION COMPLETION, LLC",2026-09-11,0.0,89303723FEM400292,SC,AIKEN,29802,AIKEN,R499,SUPPORT- PROFESSIONAL: OTHER,562910,REMEDIATION SERVICES,,,,,False,False
89303024FGD400008,ALLEGHENY SCIENCE & TECHNOLOGY CORPORATION,2026-09-11,1885000.0,89303024FGD400008,DC,WASHINGTON,20585,DISTRICT OF COLUMBIA,R699,SUPPORT- ADMINISTRATIVE: OTHER,541330,ENGINEERING SERVICES,,,,,False,False
89303026FEI000065,"V3GATE, LLC",2026-09-11,0.0,89303026FEI000065,CO,COLORADO SPRINGS,80921,EL PASO,7A21,IT AND TELECOM - BUSINESS APPLICATION SOFTWARE (PERPETUAL LICENSE SOFTWARE),541519,OTHER COMPUTER RELATED SERVICES,,,,,False,False
89233124CNA000349,"YULISTA SOLUTIONS, LLC",2026-09-11,0.0,89233124CNA000349,NM,ALBUQUERQUE,87185,BERNALILLO,J015,MAINT/REPAIR/REBUILD OF EQUIPMENT- AIRCRAFT AND AIRFRAME STRUCTURAL COMPONENTS,488190,OTHER SUPPORT ACTIVITIES FOR AIR TRANSPORTATION,,,,,False,False
89303326FEM400473,S & K LOGISTICS SERVICES LLC,2026-09-11,199311.9,89303326FEM400473,SC,AIKEN,29802,AIKEN,R425,SUPPORT- PROFESSIONAL: ENGINEERING/TECHNICAL,541330,ENGINEERING SERVICES,,,,,False,False
89233124FNA400632,"TECHSOURCE, LLC",2026-09-11,553509.41,89233124FNA400632,DC,WASHINGTON,20585,DISTRICT OF COLUMBIA,R499,SUPPORT- PROFESSIONAL: OTHER,541330,ENGINEERING SERVICES,,,,,False,False
89303021FCF400027,TECHNOMICS INC,2026-09-11,900000.0,89303021FCF400027,DC,WASHINGTON,20585,DISTRICT OF COLUMBIA,R699,SUPPORT- ADMINISTRATIVE: OTHER,541330,ENGINEERING SERVICES,,,,,False,False
89233123CNA000311,MERRICK-SMSI JOINT VENTURE LLP,2026-09-11,300000.0,89233123CNA000311,DC,WASHINGTON,20585,DISTRICT OF COLUMBIA,R499,SUPPORT- PROFESSIONAL: OTHER,541715,"RESEARCH AND DEVELOPMENT IN THE PHYSICAL, ENGINEERING, AND LIFE SCIENCES (EXCEPT NANOTECHNOLOGY AND BIOTECHNOLOGY)",,,,,False,False
89303026FMA000643,"MOI, INC.",2026-09-11,5786.58,89303026FMA000643,DC,WASHINGTON,20585,DISTRICT OF COLUMBIA,7110,OFFICE FURNITURE,337214,OFFICE FURNITURE (EXCEPT WOOD) MANUFACTURING,,,,,False,False
89303022CMA000081,"MANOLIS PAINTING, INC.",2026-09-11,45425.07,89303022CMA000081,DC,WASHINGTON,20585,DISTRICT OF COLUMBIA,C1JZ,ARCHITECT AND ENGINEERING- CONSTRUCTION: MISCELLANEOUS BUILDINGS,237110,WATER AND SEWER LINE AND RELATED STRUCTURES CONSTRUCTION,,,,,False,False
89233123FNA000111,PARSONS GOVERNMENT SERVICES INC.,2026-09-11,85435.84,89233123FNA000111,VA,CENTREVILLE,20120,FAIRFAX,R425,SUPPORT- PROFESSIONAL: ENGINEERING/TECHNICAL,541330,ENGINEERING SERVICES,,,,,False,False
89303021FIM400049,VERIZON BUSINESS NETWORK SERVICES LLC,2026-09-11,0.0,89303021FIM400049,DC,WASHINGTON,20585,DISTRICT OF COLUMBIA,DA01,IT AND TELECOM - BUSINESS APPLICATION/APPLICATION DEVELOPMENT SUPPORT SERVICES (LABOR),517110,WIRED TELECOMMUNICATIONS CARRIERS,,,,,False,False
89243419FEE400088,"EMP2, INC.",2026-09-11,-2713.66,89243419FEE400088,WA,RICHLAND,99352,BENTON,R425,SUPPORT- PROFESSIONAL: ENGINEERING/TECHNICAL,541330,ENGINEERING SERVICES,,,,,False,False
DEAC5207NA27344,"LAWRENCE LIVERMORE NATIONAL SECURITY, LLC",2026-09-11,0.0,DEAC5207NA27344,CA,LIVERMORE,94550,ALAMEDA,AZ11,R&D- OTHER RESEARCH AND DEVELOPMENT (BASIC RESEARCH),541710,"RESEARCH AND DEVELOPMENT IN THE PHYSICAL, ENGINEERING, AND LIFE SCIENCES",,,,,False,False
DEFE0011020,"FLUOR FEDERAL PETROLEUM OPERATIONS, LLC",2026-09-11,115865899.73,DEFE0011020,LA,NEW ORLEANS,70123,JEFFERSON,R799,SUPPORT- MANAGEMENT: OTHER,561210,FACILITIES SUPPORT SERVICES,,,,,False,False
89233125FNA400664,"LONGENECKER & ASSOCIATES, LLC",2026-09-11,-721.13,89233125FNA400664,NV,LAS VEGAS,89135,CLARK,R425,SUPPORT- PROFESSIONAL: ENGINEERING/TECHNICAL,541330,ENGINEERING SERVICES,,,,,False,False
89233126FNA400764,"LONGENECKER & ASSOCIATES, LLC",2026-09-11,837602.0,89233126FNA400764,DC,WASHINGTON,20585,DISTRICT OF COLUMBIA,R499,SUPPORT- PROFESSIONAL: OTHER,541330,ENGINEERING SERVICES,,,,,False,False
89503226CWA000126,"FOSSELMAN REFRIGERATION, HEATING & AIR, INC.",2026-09-11,117200.25,89503226CWA000126,WY,CASPER,82604,NATRONA,N041,"INSTALLATION OF EQUIPMENT- REFRIGERATION, AIR CONDITIONING, AND AIR CIRCULATING EQUIPMENT",238220,"PLUMBING, HEATING, AND AIR-CONDITIONING CONTRACTORS",,,,,False,False
89303021FMA400370,"EMCOR GOVERNMENT SERVICES, INC",2026-09-11,900000.0,89303021FMA400370,DC,WASHINGTON,20585,DISTRICT OF COLUMBIA,M1AZ,OPERATION OF OTHER ADMINISTRATIVE FACILITIES AND SERVICE BUILDINGS,561210,FACILITIES SUPPORT SERVICES,,,,,False,False
89503226PWA000655,"ELECTRONIC METROLOGY LABORATORY, LLC",2026-09-11,68411.5,89503226PWA000655,TN,NASHVILLE,37210,DAVIDSON,H266,EQUIPMENT AND MATERIALS TESTING- INSTRUMENTS AND LABORATORY EQUIPMENT,541380,TESTING LABORATORIES AND SERVICES,,,,,False,False
89243126CSC000207,"CHICKASAW SERVICE SOLUTIONS, LLC",2026-09-11,164840.0,89243126CSC000207,OK,NORMAN,73071,CLEVELAND,J063,"MAINT/REPAIR/REBUILD OF EQUIPMENT- ALARM, SIGNAL, AND SECURITY DETECTION SYSTEMS",561621,SECURITY SYSTEMS SERVICES (EXCEPT LOCKSMITHS),,,,,False,False
89303026FMA401027,"EMCOR GOVERNMENT SERVICES, INC",2026-09-11,38180.99,89303026FMA401027,DC,WASHINGTON,20585,DISTRICT OF COLUMBIA,M1AZ,OPERATION OF OTHER ADMINISTRATIVE FACILITIES AND SERVICE BUILDINGS,561210,FACILITIES SUPPORT SERVICES,,,,,False,False
89303025FFE000036,"LEONARDO TECHNOLOGIES, INC.",2026-09-10,0.0,89303025FFE000036,DC,WASHINGTON,20585,DISTRICT OF COLUMBIA,R425,SUPPORT- PROFESSIONAL: ENGINEERING/TECHNICAL,541330,ENGINEERING SERVICES,,,,,False,False
89303025FFE000037,"LEONARDO TECHNOLOGIES, INC.",2026-09-10,0.0,89303025FFE000037,DC,WASHINGTON,20585,DISTRICT OF COLUMBIA,R425,SUPPORT- PROFESSIONAL: ENGINEERING/TECHNICAL,541330,ENGINEERING SERVICES,,,,,False,False
89303025CMA000129,STRATIVIA LLC,2026-09-10,0.0,89303025CMA000129,DC,WASHINGTON,20585,DISTRICT OF COLUMBIA,R699,SUPPORT- ADMINISTRATIVE: OTHER,541611,ADMINISTRATIVE MANAGEMENT AND GENERAL MANAGEMENT CONSULTING SERVICES,,,,,False,False
89503426FWA401884,FEDERAL CONTRACTS LLC,2026-09-10,83685.0,89503426FWA401884,FL,TAMPA,33612,HILLSBOROUGH,3590,MISCELLANEOUS SERVICE AND TRADE EQUIPMENT,336112,LIGHT TRUCK AND UTILITY VEHICLE MANUFACTURING,,,,,False,False
89503424FWA401640,FEDERAL CONTRACTS LLC,2026-09-10,0.0,89503424FWA401640,FL,TAMPA,33612,HILLSBOROUGH,3810,CRANES AND CRANE-SHOVELS,336112,LIGHT TRUCK AND UTILITY VEHICLE MANUFACTURING,,,,,False,False
89303022FCF400030,CANDOR SOLUTIONS LLC,2026-09-10,250000.0,89303022FCF400030,DC,WASHINGTON,20560,DISTRICT OF COLUMBIA,DA01,IT AND TELECOM - BUSINESS APPLICATION/APPLICATION DEVELOPMENT SUPPORT SERVICES (LABOR),541512,COMPUTER SYSTEMS DESIGN SERVICES,,,,,False,False
89303023PFP000001,"EXETER ASSOCIATES, INC.",2026-09-10,1318000.0,89303023PFP000001,MD,COLUMBIA,21044,HOWARD,B543,SPECIAL STUDIES/ANALYSIS- ENERGY,541618,OTHER MANAGEMENT CONSULTING SERVICES,,,,,False,False
89503326FWA000127,"ENVIRONMENTAL RESEARCH GROUP, L.L.C.",2026-09-10,0.0,89503326FWA000127,CA,FOLSOM,95630,SACRAMENTO,R499,SUPPORT- PROFESSIONAL: OTHER,541620,ENVIRONMENTAL CONSULTING SERVICES,,,,,False,False
89603023F0018,UNITED PARCEL SERVICE CO.,2026-09-10,6800.0,89603023F0018,DC,WASHINGTON,20426,DISTRICT OF COLUMBIA,V111,TRANSPORTATION/TRAVEL/RELOCATION- TRANSPORTATION: AIR FREIGHT,492110,COURIERS AND EXPRESS DELIVERY SERVICES,,,,,False,False
89303326FEM400488,FPM-AECOM JV1,2026-09-10,700000.0,89303326FEM400488,OH,CINCINNATI,45202,HAMILTON,F999,OTHER ENVIRONMENTAL SERVICES,562910,REMEDIATION SERVICES,,,,,False,False
89233124CNA000365,GENERAL ATOMICS,2026-09-10,950000.0,89233124CNA000365,CA,SAN DIEGO,92121,SAN DIEGO,AJ12,GENERAL SCIENCE AND TECHNOLOGY R&D SERVICES; GENERAL SCIENCE AND TECHNOLOGY; APPLIED RESEARCH,541715,"RESEARCH AND DEVELOPMENT IN THE PHYSICAL, ENGINEERING, AND LIFE SCIENCES (EXCEPT NANOTECHNOLOGY AND BIOTECHNOLOGY)",,,,,False,False
89303021FIM400050,"LUMEN TECHNOLOGIES GOVERNMENT SOLUTIONS, INC.",2026-09-10,528703.54,89303021FIM400050,DC,WASHINGTON,20585,DISTRICT OF COLUMBIA,DA01,IT AND TELECOM - BUSINESS APPLICATION/APPLICATION DEVELOPMENT SUPPORT SERVICES (LABOR),517110,WIRED TELECOMMUNICATIONS CARRIERS,,,,,False,False
89503226FWA000205,"VEGETATION MANAGEMENT WEST, L.P.",2026-09-10,-1456.92,89503226FWA000205,CO,DELTA,81416,DELTA,F014,NATURAL RESOURCES/CONSERVATION- TREE THINNING,115112,"SOIL PREPARATION, PLANTING, AND CULTIVATING",,,,,False,False
89303021FIM400056,"LUMEN TECHNOLOGIES GOVERNMENT SOLUTIONS, INC.",2026-09-10,118000.0,89303021FIM400056,DC,WASHINGTON,20585,DISTRICT OF COLUMBIA,DA01,IT AND TELECOM - BUSINESS APPLICATION/APPLICATION DEVELOPMENT SUPPORT SERVICES (LABOR),517110,WIRED TELECOMMUNICATIONS CARRIERS,,,,,False,False
89503025PWA000507,"DTN, LLC",2026-09-10,92497.84,89503025PWA000507,CO,LAKEWOOD,80228,JEFFERSON,DA10,IT AND TELECOM - BUSINESS APPLICATION/APPLICATION DEVELOPMENT SOFTWARE AS A SERVICE,513210,SOFTWARE PUBLISHERS,,,,,False,False
89303923FEM000201,STREET LEGAL INDUSTRIES LLC,2026-09-10,-10871.22,89303923FEM000201,WA,RICHLAND,99354,BENTON,R699,SUPPORT- ADMINISTRATIVE: OTHER,541611,ADMINISTRATIVE MANAGEMENT AND GENERAL MANAGEMENT CONSULTING SERVICES,,,,,False,False
89303025FLP400071,ARCHETYPE III LLC,2026-09-10,23560.0,89303025FLP400071,DC,WASHINGTON,20585,DISTRICT OF COLUMBIA,R408,SUPPORT- PROFESSIONAL: PROGRAM MANAGEMENT/SUPPORT,541611,ADMINISTRATIVE MANAGEMENT AND GENERAL MANAGEMENT CONSULTING SERVICES,,,,,False,False
89243521FFE400141,VALI COOPER INTERNATIONAL LLC,2026-09-10,-23278.54,89243521FFE400141,LA,NEW ORLEANS,70123,JEFFERSON,C219,ARCHITECT AND ENGINEERING- GENERAL: OTHER,541330,ENGINEERING SERVICES,,,,,False,False
89503325FWA400188,AURORA SYSTEMS CONSULTING INC,2026-09-10,0.0,89503325FWA400188,CA,ELVERTA,95626,SACRAMENTO,6140,"BATTERIES, RECHARGEABLE",541519,OTHER COMPUTER RELATED SERVICES,,,,,False,False
89233126FNA400810,STREET LEGAL INDUSTRIES LLC,2026-09-10,86110.0,89233126FNA400810,TN,OAK RIDGE,37830,ANDERSON,R699,SUPPORT- ADMINISTRATIVE: OTHER,541611,ADMINISTRATIVE MANAGEMENT AND GENERAL MANAGEMENT CONSULTING SERVICES,,,,,False,False
89603023P0038,ENERGY VISUALS INC,2026-09-10,0.0,89603023P0038,DC,WASHINGTON,20426,DISTRICT OF COLUMBIA,DA10,IT AND TELECOM - BUSINESS APPLICATION/APPLICATION DEVELOPMENT SOFTWARE AS A SERVICE,513210,SOFTWARE PUBLISHERS,,,,,False,False
89503426PWA002174,MGX EQUIPMENT SERVICES LLC,2026-09-10,0.0,89503426PWA002174,WI,MILWAUKEE,53224,MILWAUKEE,J036,MAINT/REPAIR/REBUILD OF EQUIPMENT- SPECIAL INDUSTRY MACHINERY,811310,COMMERCIAL AND INDUSTRIAL MACHINERY AND EQUIPMENT (EXCEPT AUTOMOTIVE AND ELECTRONIC) REPAIR AND MAINTENANCE,,,,,False,False
89233126FNA400765,"SYSTEMS PLANNING AND ANALYSIS, INC.",2026-09-10,4000.0,89233126FNA400765,VA,ALEXANDRIA,22311,ALEXANDRIA CITY,R425,SUPPORT- PROFESSIONAL: ENGINEERING/TECHNICAL,541330,ENGINEERING SERVICES,,,,,False,False
89503426CWA000088,FEDERAL BUILDERS LLC,2026-09-10,0.0,89503426CWA000088,ND,BISMARCK,58501,BURLEIGH,Z1JZ,MAINTENANCE OF MISCELLANEOUS BUILDINGS,238990,ALL OTHER SPECIALTY TRADE CONTRACTORS,,,,,False,False
89233121FNA000091,DELOITTE CONSULTING LLP,2026-09-10,0.0,89233121FNA000091,NM,ALBUQUERQUE,87123,BERNALILLO,R608,SUPPORT- ADMINISTRATIVE: TRANSLATION AND INTERPRETING,541611,ADMINISTRATIVE MANAGEMENT AND GENERAL MANAGEMENT CONSULTING SERVICES,,,,,False,False
89243323CFE000075,"KEYLOGIC, LLC",2026-09-10,1814373.0,89243323CFE000075,WV,MORGANTOWN,26505,MONONGALIA,R425,SUPPORT- PROFESSIONAL: ENGINEERING/TECHNICAL,541330,ENGINEERING SERVICES,,,,,False,False
89243324PFE000820,SINTEF AS,2026-09-10,0.0,89243324PFE000820,,,,,H235,EQUIPMENT AND MATERIALS TESTING- SERVICE AND TRADE EQUIPMENT,541715,"RESEARCH AND DEVELOPMENT IN THE PHYSICAL, ENGINEERING, AND LIFE SCIENCES (EXCEPT NANOTECHNOLOGY AND BIOTECHNOLOGY)",,,,,False,False
DEAD5208NA28790,SES-TECH GLOBAL SOLUTIONS,2026-09-10,-215908.24,DEAD5208NA28790,,,,,Y299,CONTRUCT/ALL OTHER NON-BLDG FACS,237990,OTHER HEAVY AND CIVIL ENGINEERING CONSTRUCTION,,,,,False,False
89303026FIM000188,ACCENTURE FEDERAL SERVICES LLC,2026-09-10,1559870.8,89303026FIM000188,DC,WASHINGTON,20585,DISTRICT OF COLUMBIA,DA01,IT AND TELECOM - BUSINESS APPLICATION/APPLICATION DEVELOPMENT SUPPORT SERVICES (LABOR),541512,COMPUTER SYSTEMS DESIGN SERVICES,,,,,False,False
89703020CAR000005,BOOZ ALLEN HAMILTON INC,2026-09-10,-16505.74,89703020CAR000005,DC,WASHINGTON,20024,DISTRICT OF COLUMBIA,R425,SUPPORT- PROFESSIONAL: ENGINEERING/TECHNICAL,561990,ALL OTHER SUPPORT SERVICES,,,,,False,False
89303021CIM000006,KADIAK LLC,2026-09-10,-167078.54,89303021CIM000006,AK,ANCHORAGE,99503,ANCHORAGE,R799,SUPPORT- MANAGEMENT: OTHER,541618,OTHER MANAGEMENT CONSULTING SERVICES,,,,,False,False
89303022FIM000090,GRANT THORNTON LLP,2026-09-10,1108230.98,89303022FIM000090,DC,WASHINGTON,20585,DISTRICT OF COLUMBIA,R408,SUPPORT- PROFESSIONAL: PROGRAM MANAGEMENT/SUPPORT,541611,ADMINISTRATIVE MANAGEMENT AND GENERAL MANAGEMENT CONSULTING SERVICES,,,,,False,False
89243220FNE400054,ALLEGHENY SCIENCE & TECHNOLOGY CORPORATION,2026-09-10,-9235.83,89243220FNE400054,WV,BRIDGEPORT,26330,HARRISON,R408,SUPPORT- PROFESSIONAL: PROGRAM MANAGEMENT/SUPPORT,541330,ENGINEERING SERVICES,,,,,False,False
89303925FEM000368,COHNREZNICK LLP,2026-09-10,-67.88,89303925FEM000368,WA,RICHLAND,99352,BENTON,R704,SUPPORT- MANAGEMENT: AUDITING,541211,OFFICES OF CERTIFIED PUBLIC ACCOUNTANTS,,,,,False,False
89603026F0060,RED RIVER TECHNOLOGY LLC,2026-09-10,0.0,89603026F0060,DC,WASHINGTON,20426,DISTRICT OF COLUMBIA,DJ01,IT AND TELECOM - SECURITY AND COMPLIANCE SUPPORT SERVICES (LABOR),541519,OTHER COMPUTER RELATED SERVICES,,,,,False,False
89603026F0067,DIGITAL CHECK CORP,2026-09-10,94499.7,89603026F0067,DC,WASHINGTON,20426,DISTRICT OF COLUMBIA,7K20,IT AND TELECOM - STORAGE PRODUCTS (HARDWARE AND PERPETUAL LICENSE SOFTWARE),333316,PHOTOGRAPHIC AND PHOTOCOPYING EQUIPMENT MANUFACTURING,,,,,False,False
89503226FWA400765,G & RK CONSULTING ASSOCIATES LLC,2026-09-10,23494.01,89503226FWA400765,CO,ENGLEWOOD,80112,ARAPAHOE,5925,CIRCUIT BREAKERS,335313,SWITCHGEAR AND SWITCHBOARD APPARATUS MANUFACTURING,,,,,False,False
89503426PWA002259,"AMERICAN WIRE GROUP, LLC",2026-09-10,0.0,89503426PWA002259,FL,MIAMI,33180,MIAMI-DADE,6145,"WIRE AND CABLE, ELECTRICAL",335929,OTHER COMMUNICATION AND ENERGY WIRE MANUFACTURING,,,,,False,False
89243226FNE400241,"THUNDERCAT TECHNOLOGY, LLC",2026-09-10,61487.25,89243226FNE400241,ID,IDAHO FALLS,83402,BONNEVILLE,7J20,IT AND TELECOM - SECURITY AND COMPLIANCE PRODUCTS (HARDWARE AND PERPETUAL LICENSE SOFTWARE),541519,OTHER COMPUTER RELATED SERVICES,,,,,False,False
89503225FWA400622,G & RK CONSULTING ASSOCIATES LLC,2026-09-10,14159.62,89503225FWA400622,CO,ENGLEWOOD,80112,ARAPAHOE,5925,CIRCUIT BREAKERS,335313,SWITCHGEAR AND SWITCHBOARD APPARATUS MANUFACTURING,,,,,False,False
89503224FWA400501,G & RK CONSULTING ASSOCIATES LLC,2026-09-10,28332.04,89503224FWA400501,CO,LITTLETON,80120,ARAPAHOE,5925,CIRCUIT BREAKERS,335313,SWITCHGEAR AND SWITCHBOARD APPARATUS MANUFACTURING,,,,,False,False
89603025F0005,"THUNDERCAT TECHNOLOGY, LLC",2026-09-10,0.0,89603025F0005,DC,WASHINGTON,20426,DISTRICT OF COLUMBIA,7460,VISIBLE RECORD EQUIPMENT,541519,OTHER COMPUTER RELATED SERVICES,,,,,False,False
89503225FWA400702,G & RK CONSULTING ASSOCIATES LLC,2026-09-10,41675.68,89503225FWA400702,CO,ENGLEWOOD,80112,ARAPAHOE,5925,CIRCUIT BREAKERS,335313,SWITCHGEAR AND SWITCHBOARD APPARATUS MANUFACTURING,,,,,False,False
89503126PWA000940,AMERICAN ELECTRICAL ENTERPRISES INC.,2026-09-10,31950.0,89503126PWA000940,AZ,PHOENIX,85009,MARICOPA,5340,"HARDWARE, COMMERCIAL",335929,OTHER COMMUNICATION AND ENERGY WIRE MANUFACTURING,,,,,False,False
89303325CEM000137,FIBER ASSETCO LLC,2026-09-10,0.0,89303325CEM000137,OH,CINCINNATI,45202,HAMILTON,7D20,IT AND TELECOM - SERVICE DELIVERY MANAGEMENT (HARDWARE AND PERPETUAL LICENSE SOFTWARE),517111,WIRED TELECOMMUNICATIONS CARRIERS,,,,,False,False
89503426PWA002370,"DOCKENDORF EQUIPMENT CO., INC.",2026-09-10,20000.0,89503426PWA002370,SD,WATERTOWN,57201,CODINGTON,Z1PZ,MAINTENANCE OF OTHER NON-BUILDING FACILITIES,237120,OIL AND GAS PIPELINE AND RELATED STRUCTURES CONSTRUCTION,,,,,False,False
89233124FNA400630,TI VERBATIM CONSULTING INC.,2026-09-10,0.0,89233124FNA400630,TX,AMARILLO,79120,POTTER,R699,SUPPORT- ADMINISTRATIVE: OTHER,611430,PROFESSIONAL AND MANAGEMENT DEVELOPMENT TRAINING,,,,,False,False
89233125FNA400705,PARSONS GOVERNMENT SERVICES INTERNATIONAL INC.,2026-09-10,3942974.81,89233125FNA400705,CA,PASADENA,91124,LOS ANGELES,R425,SUPPORT- PROFESSIONAL: ENGINEERING/TECHNICAL,541990,"ALL OTHER PROFESSIONAL, SCIENTIFIC, AND TECHNICAL SERVICES",,,,,False,False
89233126FNA400772,U.S. BANK NATIONAL ASSOCIATION,2026-09-10,30000.0,89233126FNA400772,MN,MINNEAPOLIS,55402,HENNEPIN,R711,SUPPORT- MANAGEMENT: BANKING,522110,COMMERCIAL BANKING,,,,,False,False
89603023F0077,WORLD WIDE TECHNOLOGY LLC,2026-09-10,-5795.93,89603023F0077,DC,WASHINGTON,20426,DISTRICT OF COLUMBIA,DJ01,IT AND TELECOM - SECURITY AND COMPLIANCE SUPPORT SERVICES (LABOR),334111,ELECTRONIC COMPUTER MANUFACTURING,,,,,False,False
89503426FWA401837,"AMERICAN MATERIAL HANDLING, INC.",2026-09-10,0.0,89503426FWA401837,ND,BISMARCK,58501,BURLEIGH,3920,"MATERIAL HANDLING EQUIPMENT, NONSELF-PROPELLED",333120,CONSTRUCTION MACHINERY MANUFACTURING,,,,,False,False
89503426FWA401855,FOTRONIC CORPORATION,2026-09-10,0.0,89503426FWA401855,MA,WOBURN,01801,MIDDLESEX,6625,ELECTRICAL AND ELECTRONIC PROPERTIES MEASURING AND TESTING INSTRUMENTS,334515,INSTRUMENT MANUFACTURING FOR MEASURING AND TESTING ELECTRICITY AND ELECTRICAL SIGNALS,,,,,False,False
89303023FIA400001,"LINDAHL REED, INC.",2026-09-10,621823.31,89303023FIA400001,OR,REDMOND,97756,DESCHUTES,R799,SUPPORT- MANAGEMENT: OTHER,541611,ADMINISTRATIVE MANAGEMENT AND GENERAL MANAGEMENT CONSULTING SERVICES,,,,,False,False
89503226PWA000654,UNITED SALES ASSOC INC,2026-09-10,24117.65,89503226PWA000654,OR,LAKE OSWEGO,97035,CLACKAMAS,6150,MISCELLANEOUS ELECTRIC POWER AND DISTRIBUTION EQUIPMENT,335999,ALL OTHER MISCELLANEOUS ELECTRICAL EQUIPMENT AND COMPONENT MANUFACTURING,,,,,False,False
DESC0012704,BROOKHAVEN SCIENCE ASSOCIATES LLC,2026-09-09,0.0,DESC0012704,NY,UPTON,11973,SUFFOLK,M1HA,OPERATION OF GOVERNMENT-OWNED CONTRACTOR-OPERATED (GOCO) R&D FACILITIES,541712,"RESEARCH AND DEVELOPMENT IN THE PHYSICAL, ENGINEERING, AND LIFE SCIENCES (EXCEPT BIOTECHNOLOGY)",,,,,False,False
89233025FNR400123,"FOR THE RECORD, INC",2026-09-09,23765.0,89233025FNR400123,PA,WEST MIFFLIN,15122,ALLEGHENY,R606,SUPPORT- ADMINISTRATIVE: COURT REPORTING,561320,TEMPORARY HELP SERVICES,,,,,False,False
89503426PWA002369,"GUEST, STEVEN G",2026-09-09,30290.0,89503426PWA002369,SD,WESSINGTON SPRINGS,57382,JERAULD,4120,AIR CONDITIONING EQUIPMENT,238220,"PLUMBING, HEATING, AND AIR-CONDITIONING CONTRACTORS",,,,,False,False
89303023FOE000037,GUIDEHOUSE INC.,2026-09-09,0.0,89303023FOE000037,DC,WASHINGTON,20585,DISTRICT OF COLUMBIA,R699,SUPPORT- ADMINISTRATIVE: OTHER,541611,ADMINISTRATIVE MANAGEMENT AND GENERAL MANAGEMENT CONSULTING SERVICES,,,,,False,False
89303024CHC000020,FREDRICK OAK CONSULTING LLC,2026-09-09,0.0,89303024CHC000020,MD,HYATTSVILLE,20785,PRINCE GEORGES,R499,SUPPORT- PROFESSIONAL: OTHER,541611,ADMINISTRATIVE MANAGEMENT AND GENERAL MANAGEMENT CONSULTING SERVICES,,,,,False,False
89243325PFE000889,CEREBRAS SYSTEMS INC.,2026-09-09,296000.0,89243325PFE000889,CA,SUNNYVALE,94085,SANTA CLARA,7H20,"IT AND TELECOM - PLATFORM PRODUCTS: DATABASE, MAINFRAME, MIDDLEWARE (HW, PERPETUAL LICENSE SOFTWARE)",334111,ELECTRONIC COMPUTER MANUFACTURING,,,,,False,False
89303024CHC000020,FREDRICK OAK CONSULTING LLC,2026-09-09,-33196.28,89303024CHC000020,MD,HYATTSVILLE,20785,PRINCE GEORGES,R499,SUPPORT- PROFESSIONAL: OTHER,541611,ADMINISTRATIVE MANAGEMENT AND GENERAL MANAGEMENT CONSULTING SERVICES,,,,,False,False
89503025FWA400977,"CHEROKEE NATION STRATEGIC PROGRAMS, L.L.C.",2026-09-09,14202.6,89503025FWA400977,CO,LAKEWOOD,80228,JEFFERSON,R799,SUPPORT- MANAGEMENT: OTHER,541330,ENGINEERING SERVICES,,,,,False,False
89233126FNA400757,VECTOR RESOURCE INC,2026-09-09,0.0,89233126FNA400757,NM,ALBUQUERQUE,87101,BERNALILLO,R425,SUPPORT- PROFESSIONAL: ENGINEERING/TECHNICAL,541611,ADMINISTRATIVE MANAGEMENT AND GENERAL MANAGEMENT CONSULTING SERVICES,,,,,False,False
89243325CFE000098,"WASEYABEK FEDERAL SERVICES, L.L.C.",2026-09-09,2481662.0,89243325CFE000098,WV,MORGANTOWN,26507,MONONGALIA,S216,HOUSEKEEPING- FACILITIES OPERATIONS SUPPORT,561210,FACILITIES SUPPORT SERVICES,,,,,False,False
89233125FNA400716,SEATECH GLOBAL SECURITY SOLUTIONS,2026-09-09,61984.0,89233125FNA400716,WA,RICHLAND,99354,BENTON,R425,SUPPORT- PROFESSIONAL: ENGINEERING/TECHNICAL,541990,"ALL OTHER PROFESSIONAL, SCIENTIFIC, AND TECHNICAL SERVICES",,,,,False,False
DEDT0002733,"J.G. MANAGEMENT SYSTEMS, INC.",2026-09-09,0.0,DEDT0002733,NV,LAS VEGAS,89193,CLARK,R699,SUPPORT- ADMINISTRATIVE: OTHER,541611,ADMINISTRATIVE MANAGEMENT AND GENERAL MANAGEMENT CONSULTING SERVICES,,,,,False,False
89243124CSC000174,"CORBROOK, LLC",2026-09-09,211577.23,89243124CSC000174,TN,OAK RIDGE,37830,ANDERSON,S201,HOUSEKEEPING- CUSTODIAL JANITORIAL,561720,JANITORIAL SERVICES,,,,,False,False
89603026F0062,"LYME COMPUTER SYSTEMS, INC.",2026-09-09,669744.09,89603026F0062,DC,WASHINGTON,20426,DISTRICT OF COLUMBIA,7B22,IT AND TELECOM - COMPUTE: SERVERS (HARDWARE AND PERPETUAL LICENSE SOFTWARE),541519,OTHER COMPUTER RELATED SERVICES,,,,,False,False
89303924FEM000345,STREET LEGAL INDUSTRIES LLC,2026-09-09,0.0,89303924FEM000345,WA,RICHLAND,99352,BENTON,R699,SUPPORT- ADMINISTRATIVE: OTHER,541611,ADMINISTRATIVE MANAGEMENT AND GENERAL MANAGEMENT CONSULTING SERVICES,,,,,False,False
89243125CSC000190,AKIMA FACILITIES OPERATIONS LLC,2026-09-09,0.0,89243125CSC000190,TN,OAK RIDGE,37830,ANDERSON,Z1JZ,MAINTENANCE OF MISCELLANEOUS BUILDINGS,561210,FACILITIES SUPPORT SERVICES,,,,,False,False
89303021FIM400048,"AT&T ENTERPRISES, LLC",2026-09-09,327354.06,89303021FIM400048,DC,WASHINGTON,20585,DISTRICT OF COLUMBIA,DA01,IT AND TELECOM - BUSINESS APPLICATION/APPLICATION DEVELOPMENT SUPPORT SERVICES (LABOR),517110,WIRED TELECOMMUNICATIONS CARRIERS,,,,,False,False
89303020FCF000016,"GENERAL DYNAMICS INFORMATION TECHNOLOGY, INC.",2026-09-09,1826487.0,89303020FCF000016,VA,FALLS CHURCH,22042,FAIRFAX,D308,IT AND TELECOM- PROGRAMMING,541519,OTHER COMPUTER RELATED SERVICES,,,,,False,False
89303026FIM000203,ACCENTURE FEDERAL SERVICES LLC,2026-09-09,10000.0,89303026FIM000203,DC,WASHINGTON,20585,DISTRICT OF COLUMBIA,DA01,IT AND TELECOM - BUSINESS APPLICATION/APPLICATION DEVELOPMENT SUPPORT SERVICES (LABOR),541512,COMPUTER SYSTEMS DESIGN SERVICES,,,,,False,False
DEDT0002611,SES-TECH GLOBAL SOLUTIONS,2026-09-09,-84233.35,DEDT0002611,,,,,Y299,CONTRUCT/ALL OTHER NON-BLDG FACS,237990,OTHER HEAVY AND CIVIL ENGINEERING CONSTRUCTION,,,,,False,False
89703019CAR000004,BOOZ ALLEN HAMILTON INC,2026-09-09,-463002.53,89703019CAR000004,DC,WASHINGTON,20024,DISTRICT OF COLUMBIA,R425,SUPPORT- PROFESSIONAL: ENGINEERING/TECHNICAL,561990,ALL OTHER SUPPORT SERVICES,,,,,False,False
89303026FIM000195,ACCENTURE FEDERAL SERVICES LLC,2026-09-09,424485.47,89303026FIM000195,DC,WASHINGTON,20585,DISTRICT OF COLUMBIA,DA01,IT AND TELECOM - BUSINESS APPLICATION/APPLICATION DEVELOPMENT SUPPORT SERVICES (LABOR),541512,COMPUTER SYSTEMS DESIGN SERVICES,,,,,False,False
89303026FIM000198,ACCENTURE FEDERAL SERVICES LLC,2026-09-09,0.0,89303026FIM000198,DC,WASHINGTON,20585,DISTRICT OF COLUMBIA,DA01,IT AND TELECOM - BUSINESS APPLICATION/APPLICATION DEVELOPMENT SUPPORT SERVICES (LABOR),541512,COMPUTER SYSTEMS DESIGN SERVICES,,,,,False,False
DEAT5210NA29717,SES-TECH GLOBAL SOLUTIONS,2026-09-09,-8453.8,DEAT5210NA29717,,,,,Y299,CONTRUCT/ALL OTHER NON-BLDG FACS,237990,OTHER HEAVY AND CIVIL ENGINEERING CONSTRUCTION,,,,,False,False
89303020FCF000012,"GENERAL DYNAMICS INFORMATION TECHNOLOGY, INC.",2026-09-09,595595.0,89303020FCF000012,VA,FALLS CHURCH,22042,FAIRFAX,D308,IT AND TELECOM- PROGRAMMING,541519,OTHER COMPUTER RELATED SERVICES,,,,,False,False
DEDT0009737,SES-TECH GLOBAL SOLUTIONS,2026-09-09,-6478.71,DEDT0009737,,,,,Y1PZ,CONSTRUCTION OF OTHER NON-BUILDING FACILITIES,237990,OTHER HEAVY AND CIVIL ENGINEERING CONSTRUCTION,,,,,False,False
89503226FWA400838,"COMPLETE CONCRETE, INC.",2026-09-09,148709.0,89503226FWA400838,WY,ALCOVA,82620,NATRONA,Z2EB,REPAIR OR ALTERATION OF MAINTENANCE BUILDINGS,237130,POWER AND COMMUNICATION LINE AND RELATED STRUCTURES CONSTRUCTION,,,,,False,False
DEDT0004208,SES-TECH GLOBAL SOLUTIONS,2026-09-09,-37480.08,DEDT0004208,,,,,Y1PZ,CONSTRUCTION OF OTHER NON-BUILDING FACILITIES,237990,OTHER HEAVY AND CIVIL ENGINEERING CONSTRUCTION,,,,,False,False
DEDT0008349,SES-TECH GLOBAL SOLUTIONS,2026-09-09,-493.7,DEDT0008349,,,,,Y1PZ,CONSTRUCTION OF OTHER NON-BUILDING FACILITIES,237990,OTHER HEAVY AND CIVIL ENGINEERING CONSTRUCTION,,,,,False,False
DEDT0002971,SES-TECH GLOBAL SOLUTIONS,2026-09-09,-93189.01,DEDT0002971,,,,,Y299,CONTRUCT/ALL OTHER NON-BLDG FACS,237990,OTHER HEAVY AND CIVIL ENGINEERING CONSTRUCTION,,,,,False,False
89603024F0007,DEQUE SYSTEMS INC,2026-09-09,0.0,89603024F0007,DC,WASHINGTON,20426,DISTRICT OF COLUMBIA,U012,EDUCATION/TRAINING- INFORMATION TECHNOLOGY/TELECOMMUNICATIONS TRAINING,541512,COMPUTER SYSTEMS DESIGN SERVICES,,,,,False,False
89303025FOP400009,"STILLWATER ASSOCIATES, LLC",2026-09-09,-60000.0,89303025FOP400009,DC,WASHINGTON,20585,DISTRICT OF COLUMBIA,R408,SUPPORT- PROFESSIONAL: PROGRAM MANAGEMENT/SUPPORT,541611,ADMINISTRATIVE MANAGEMENT AND GENERAL MANAGEMENT CONSULTING SERVICES,,,,,False,False
DEDT0008865,SES-TECH GLOBAL SOLUTIONS,2026-09-09,-129339.47,DEDT0008865,,,,,Y1PZ,CONSTRUCTION OF OTHER NON-BUILDING FACILITIES,237990,OTHER HEAVY AND CIVIL ENGINEERING CONSTRUCTION,,,,,False,False
DEDT0007804,SES-TECH GLOBAL SOLUTIONS,2026-09-09,-169672.77,DEDT0007804,,,,,Y1PZ,CONSTRUCTION OF OTHER NON-BUILDING FACILITIES,237990,OTHER HEAVY AND CIVIL ENGINEERING CONSTRUCTION,,,,,False,False
DEAD5208NA28723,SES-TECH GLOBAL SOLUTIONS,2026-09-09,-357676.94,DEAD5208NA28723,,,,,Y299,CONTRUCT/ALL OTHER NON-BLDG FACS,237990,OTHER HEAVY AND CIVIL ENGINEERING CONSTRUCTION,,,,,False,False
89703024FAR400004,NATIONAL ACADEMY OF SCIENCES,2026-09-09,0.0,89703024FAR400004,DC,WASHINGTON,20585,DISTRICT OF COLUMBIA,B599,SPECIAL STUDIES/ANALYSIS- OTHER,541690,OTHER SCIENTIFIC AND TECHNICAL CONSULTING SERVICES,,,,,False,False
89703026FAR400024,BOOZ ALLEN HAMILTON INC,2026-09-09,0.0,89703026FAR400024,DC,WASHINGTON,20001,DISTRICT OF COLUMBIA,R499,SUPPORT- PROFESSIONAL: OTHER,541990,"ALL OTHER PROFESSIONAL, SCIENTIFIC, AND TECHNICAL SERVICES",,,,,False,False
DEDT0001825,SES-TECH GLOBAL SOLUTIONS,2026-09-09,-3450.8,DEDT0001825,,,,,Y299,CONTRUCT/ALL OTHER NON-BLDG FACS,237990,OTHER HEAVY AND CIVIL ENGINEERING CONSTRUCTION,,,,,False,False
89303020FCF000013,"GENERAL DYNAMICS INFORMATION TECHNOLOGY, INC.",2026-09-09,1040553.0,89303020FCF000013,VA,FALLS CHURCH,22042,FAIRFAX,D308,IT AND TELECOM- PROGRAMMING,541519,OTHER COMPUTER RELATED SERVICES,,,,,False,False
DEDT0004032,SES-TECH GLOBAL SOLUTIONS,2026-09-09,-397963.85,DEDT0004032,,,,,Y1PZ,CONSTRUCTION OF OTHER NON-BUILDING FACILITIES,237990,OTHER HEAVY AND CIVIL ENGINEERING CONSTRUCTION,,,,,False,False
DEDT0002969,SES-TECH GLOBAL SOLUTIONS,2026-09-09,-2569.39,DEDT0002969,,,,,Y299,CONTRUCT/ALL OTHER NON-BLDG FACS,237990,OTHER HEAVY AND CIVIL ENGINEERING CONSTRUCTION,,,,,False,False
DEAT5209NA29506,SES-TECH GLOBAL SOLUTIONS,2026-09-09,-1487.15,DEAT5209NA29506,WA,BELLEVUE,98005,KING,Y299,CONTRUCT/ALL OTHER NON-BLDG FACS,237990,OTHER HEAVY AND CIVIL ENGINEERING CONSTRUCTION,,,,,False,False
89303026FIM000188,ACCENTURE FEDERAL SERVICES LLC,2026-09-09,2000000.0,89303026FIM000188,DC,WASHINGTON,20585,DISTRICT OF COLUMBIA,DA01,IT AND TELECOM - BUSINESS APPLICATION/APPLICATION DEVELOPMENT SUPPORT SERVICES (LABOR),541512,COMPUTER SYSTEMS DESIGN SERVICES,,,,,False,False
89303926FEM000399,"KATMAI INTEGRATED SOLUTIONS, LLC",2026-09-09,0.0,89303926FEM000399,WA,RICHLAND,99352,BENTON,R699,SUPPORT- ADMINISTRATIVE: OTHER,561210,FACILITIES SUPPORT SERVICES,,,,,False,False
89303726FEM400347,BAHFED CORP,2026-09-09,46709.64,89303726FEM400347,SC,AIKEN,29802,AIKEN,7J20,IT AND TELECOM - SECURITY AND COMPLIANCE PRODUCTS (HARDWARE AND PERPETUAL LICENSE SOFTWARE),541519,OTHER COMPUTER RELATED SERVICES,,,,,False,False
89503425PWA001990,"AUTOMATIC BUILDING CONTROLS, INC.",2026-09-09,0.0,89503425PWA001990,SD,SIOUX FALLS,57107,MINNEHAHA,S202,HOUSEKEEPING- FIRE PROTECTION,922160,FIRE PROTECTION,,,,,False,False
89503425FWA401764,M&K IMPORTS LLC,2026-09-09,0.0,89503425FWA401764,NY,MILLBROOK,12545,DUTCHESS,5510,LUMBER AND RELATED BASIC WOOD MATERIALS,321114,WOOD PRESERVATION,,,,,False,False
89303323FEM000028,COHNREZNICK LLP,2026-09-09,-50392.58,89303323FEM000028,VA,VIENNA,22182,FAIRFAX,R704,SUPPORT- MANAGEMENT: AUDITING,541211,OFFICES OF CERTIFIED PUBLIC ACCOUNTANTS,,,,,False,False
89243223FNE400097,ALLEGHENY SCIENCE & TECHNOLOGY CORPORATION,2026-09-09,3448603.92,89243223FNE400097,ID,IDAHO FALLS,83415,BONNEVILLE,R425,SUPPORT- PROFESSIONAL: ENGINEERING/TECHNICAL,541330,ENGINEERING SERVICES,,,,,False,False
89303026CIA000014,BLUEPATH LABS LLC,2026-09-09,1094979.86,89303026CIA000014,DC,WASHINGTON,20585,DISTRICT OF COLUMBIA,R799,SUPPORT- MANAGEMENT: OTHER,541618,OTHER MANAGEMENT CONSULTING SERVICES,,,,,False,False
89303023PMA000306,"NEWLINENOOSH, INC.",2026-09-09,29995.0,89303023PMA000306,DC,WASHINGTON,20585,DISTRICT OF COLUMBIA,DA10,IT AND TELECOM - BUSINESS APPLICATION/APPLICATION DEVELOPMENT SOFTWARE AS A SERVICE,513210,SOFTWARE PUBLISHERS,,,,,False,False
89303026FEI400163,"EDGEWATER FEDERAL SOLUTIONS, INC.",2026-09-09,0.0,89303026FEI400163,MD,FREDERICK,21703,FREDERICK,R702,SUPPORT- MANAGEMENT: DATA COLLECTION,518210,"COMPUTING INFRASTRUCTURE PROVIDERS, DATA PROCESSING, WEB HOSTING, AND RELATED SERVICES",,,,,False,False
89603026F0060,RED RIVER TECHNOLOGY LLC,2026-09-09,531858.01,89603026F0060,DC,WASHINGTON,20426,DISTRICT OF COLUMBIA,DJ01,IT AND TELECOM - SECURITY AND COMPLIANCE SUPPORT SERVICES (LABOR),541519,OTHER COMPUTER RELATED SERVICES,,,,,False,False
89303326FEM400480,S & K LOGISTICS SERVICES LLC,2026-09-09,652338.4,89303326FEM400480,SC,AIKEN,29802,AIKEN,R699,SUPPORT- ADMINISTRATIVE: OTHER,561210,FACILITIES SUPPORT SERVICES,,,,,False,False
89603026F0061,BLUE TECH INC.,2026-09-09,109289.7,89603026F0061,DC,WASHINGTON,20426,DISTRICT OF COLUMBIA,DA01,IT AND TELECOM - BUSINESS APPLICATION/APPLICATION DEVELOPMENT SUPPORT SERVICES (LABOR),541519,OTHER COMPUTER RELATED SERVICES,,,,,False,False
89303326FEM400474,S & K LOGISTICS SERVICES LLC,2026-09-09,74988.15,89303326FEM400474,SC,AIKEN,29802,AIKEN,R425,SUPPORT- PROFESSIONAL: ENGINEERING/TECHNICAL,541330,ENGINEERING SERVICES,,,,,False,False
89233122FNA000107,PARSONS GOVERNMENT SERVICES INC.,2026-09-09,-53000.0,89233122FNA000107,NV,LAS VEGAS,89135,CLARK,R425,SUPPORT- PROFESSIONAL: ENGINEERING/TECHNICAL,541330,ENGINEERING SERVICES,,,,,False,False
89243225FNE400204,COLOSSAL CONTRACTING LLC,2026-09-09,-7929.36,89243225FNE400204,ID,IDAHO FALLS,83415,BONNEVILLE,7C20,IT AND TELECOM - DATA CENTER PRODUCTS (HARDWARE AND PERPETUAL LICENSE SOFTWARE),541519,OTHER COMPUTER RELATED SERVICES,,,,,False,False
89303026FMA401024,MICROHEALTH LLC,2026-09-09,130324.0,89303026FMA401024,DC,WASHINGTON,20585,DISTRICT OF COLUMBIA,R699,SUPPORT- ADMINISTRATIVE: OTHER,541611,ADMINISTRATIVE MANAGEMENT AND GENERAL MANAGEMENT CONSULTING SERVICES,,,,,False,False
89603026F0065,FEDERAL EXPRESS CORPORATION,2026-09-09,0.0,89603026F0065,DC,WASHINGTON,20426,DISTRICT OF COLUMBIA,V111,TRANSPORTATION/TRAVEL/RELOCATION- TRANSPORTATION: AIR FREIGHT,492110,COURIERS AND EXPRESS DELIVERY SERVICES,,,,,False,False
89303022CHC000013,BLOOMSBURIE LLC,2026-09-09,100000.0,89303022CHC000013,DC,WASHINGTON,20585,DISTRICT OF COLUMBIA,R699,SUPPORT- ADMINISTRATIVE: OTHER,541990,"ALL OTHER PROFESSIONAL, SCIENTIFIC, AND TECHNICAL SERVICES",,,,,False,False
89233123FNA400553,MELE ASSOCIATES INC,2026-09-09,7683537.53,89233123FNA400553,DC,WASHINGTON,20585,DISTRICT OF COLUMBIA,R425,SUPPORT- PROFESSIONAL: ENGINEERING/TECHNICAL,541330,ENGINEERING SERVICES,,,,,False,False
89303325CEM000140,CATAWBA TEAPEC LLC,2026-09-09,0.0,89303325CEM000140,SC,ROCK HILL,29730,YORK,F999,OTHER ENVIRONMENTAL SERVICES,562910,REMEDIATION SERVICES,,,,,False,False
DEAC0584OR21400,"LOCKHEED MARTIN SERVICES, LLC",2026-09-09,0.0,DEAC0584OR21400,TN,OAK RIDGE,37830,ANDERSON,M181,OPER OF GOVT R&D GOCO FACILITIES,561210,FACILITIES SUPPORT SERVICES,,,,,False,False
89303021FIM400058,VERIZON BUSINESS NETWORK SERVICES LLC,2026-09-09,54383.95,89303021FIM400058,DC,WASHINGTON,20585,DISTRICT OF COLUMBIA,DA01,IT AND TELECOM - BUSINESS APPLICATION/APPLICATION DEVELOPMENT SUPPORT SERVICES (LABOR),517110,WIRED TELECOMMUNICATIONS CARRIERS,,,,,False,False
89503425PWA002099,"NATIVE SOURCE ENTERPRISES, LLC",2026-09-09,0.0,89503425PWA002099,SD,UTICA,57067,YANKTON,Z2JZ,REPAIR OR ALTERATION OF MISCELLANEOUS BUILDINGS,238160,ROOFING CONTRACTORS,,,,,False,False
89233126FNA400793,"AMERIND, INC.",2026-09-09,2200837.34,89233126FNA400793,AR,FORT SMITH,72916,SEBASTIAN,Y1JZ,CONSTRUCTION OF MISCELLANEOUS BUILDINGS,236220,COMMERCIAL AND INSTITUTIONAL BUILDING CONSTRUCTION,,,,,False,False
89303021FMA400395,"EMCOR GOVERNMENT SERVICES, INC",2026-09-09,0.0,89303021FMA400395,DC,WASHINGTON,20585,DISTRICT OF COLUMBIA,M1AZ,OPERATION OF OTHER ADMINISTRATIVE FACILITIES AND SERVICE BUILDINGS,561210,FACILITIES SUPPORT SERVICES,,,,,False,False
DEAD5204NA25270,"EPSILON SYSTEMS SOLUTIONS, INC.",2026-09-08,0.0,DEAD5204NA25270,NM,ALBUQUERQUE,87185,BERNALILLO,S216,HOUSEKEEPING- FACILITIES OPERATIONS SUPPORT,541611,ADMINISTRATIVE MANAGEMENT AND GENERAL MANAGEMENT CONSULTING SERVICES,,,,,False,False
89233124CNA000336,AKIMA SYSTEMS ENGINEERING LLC,2026-09-08,0.0,89233124CNA000336,NM,WHITE ROCK,87547,LOS ALAMOS,R425,SUPPORT- PROFESSIONAL: ENGINEERING/TECHNICAL,541330,ENGINEERING SERVICES,,,,,False,False
89503326FWA400248,FEDERAL CONTRACTS LLC,2026-09-08,71081.0,89503326FWA400248,CA,ELVERTA,95626,SACRAMENTO,5410,PREFABRICATED AND PORTABLE BUILDINGS,336112,LIGHT TRUCK AND UTILITY VEHICLE MANUFACTURING,,,,,False,False
DENA0003525,"NATIONAL TECHNOLOGY & ENGINEERING SOLUTIONS OF SANDIA, LLC",2026-09-08,0.0,DENA0003525,NM,ALBUQUERQUE,87185,BERNALILLO,M1JZ,OPERATION OF MISCELLANEOUS BUILDINGS,561210,FACILITIES SUPPORT SERVICES,,,,,False,False
89303323CEM000106,"FRONTIER COMMUNICATIONS OF AMERICA, INC",2026-09-08,14640.0,89303323CEM000106,NY,WEST VALLEY,14171,CATTARAUGUS,DG10,IT AND TELECOM - NETWORK AS A SERVICE,517111,WIRED TELECOMMUNICATIONS CARRIERS,,,,,False,False
89233126FNA400807,"ATLANTIC DIVING SUPPLY, INC.",2026-09-08,0.0,89233126FNA400807,VA,VIRGINIA BEACH,23452,VIRGINIA BEACH CITY,8405,"OUTERWEAR, MEN'S",315990,APPAREL ACCESSORIES AND OTHER APPAREL MANUFACTURING,,,,,False,False
89303924FEM400054,"CENTRAL PLATEAU CLEANUP COMPANY, LLC",2026-09-08,0.0,89303924FEM400054,WA,RICHLAND,99352,BENTON,Z1PD,MAINTENANCE OF WASTE TREATMENT AND STORAGE FACILITIES,562910,REMEDIATION SERVICES,,,,,False,False
89233124FNA400627,"CADRE5, LLC",2026-09-08,-687252.27,89233124FNA400627,TN,KNOXVILLE,37932,KNOX,7A20,IT AND TELECOM - APPLICATION DEVELOPMENT SOFTWARE (PERPETUAL LICENSE SOFTWARE),541511,CUSTOM COMPUTER PROGRAMMING SERVICES,,,,,False,False
89503122CWA000075,JNV GROUP,2026-09-08,0.0,89503122CWA000075,AZ,PHOENIX,85009,MARICOPA,Z1AA,MAINTENANCE OF OFFICE BUILDINGS,238220,"PLUMBING, HEATING, AND AIR-CONDITIONING CONTRACTORS",,,,,False,False
89303023FMA400659,UNITED PARCEL SERVICE CO.,2026-09-08,90000.0,89303023FMA400659,DC,WASHINGTON,20585,DISTRICT OF COLUMBIA,R604,SUPPORT- ADMINISTRATIVE: MAILING/DISTRIBUTION,492110,COURIERS AND EXPRESS DELIVERY SERVICES,,,,,False,False
89503125PWA000811,"M&M ALLIANCES, LLC",2026-09-08,8121.82,89503125PWA000811,AZ,PHOENIX,85005,MARICOPA,J061,MAINT/REPAIR/REBUILD OF EQUIPMENT- ELECTRIC WIRE AND POWER DISTRIBUTION EQUIPMENT,811310,COMMERCIAL AND INDUSTRIAL MACHINERY AND EQUIPMENT (EXCEPT AUTOMOTIVE AND ELECTRONIC) REPAIR AND MAINTENANCE,,,,,False,False
89243522FFE400159,VALI COOPER INTERNATIONAL LLC,2026-09-08,-52653.43,89243522FFE400159,LA,NEW ORLEANS,70123,JEFFERSON,C219,ARCHITECT AND ENGINEERING- GENERAL: OTHER,541330,ENGINEERING SERVICES,,,,,False,False
89303924FEM000277,STREET LEGAL INDUSTRIES LLC,2026-09-08,145488.0,89303924FEM000277,WA,RICHLAND,99354,BENTON,R699,SUPPORT- ADMINISTRATIVE: OTHER,541611,ADMINISTRATIVE MANAGEMENT AND GENERAL MANAGEMENT CONSULTING SERVICES,,,,,False,False
89243521FFE400136,VALI COOPER INTERNATIONAL LLC,2026-09-08,-18740.48,89243521FFE400136,LA,NEW ORLEANS,70123,JEFFERSON,C219,ARCHITECT AND ENGINEERING- GENERAL: OTHER,541330,ENGINEERING SERVICES,,,,,False,False
89303924CEM000049,STREET LEGAL INDUSTRIES LLC,2026-09-08,127911.17,89303924CEM000049,WA,RICHLAND,99352,BENTON,R408,SUPPORT- PROFESSIONAL: PROGRAM MANAGEMENT/SUPPORT,561210,FACILITIES SUPPORT SERVICES,,,,,False,False
89243326FFE400804,"KOI COMPUTERS, INC.",2026-09-08,3668410.0,89243326FFE400804,PA,PITTSBURGH,15236,ALLEGHENY,7B20,IT AND TELECOM - HIGH PERFORMANCE COMPUTE (HARDWARE AND PERPETUAL LICENSE SOFTWARE),334111,ELECTRONIC COMPUTER MANUFACTURING,,,,,False,False
89303025FET000022,EVERFOX LLC,2026-09-08,614000.0,89303025FET000022,DC,WASHINGTON,20585,DISTRICT OF COLUMBIA,7A21,IT AND TELECOM - BUSINESS APPLICATION SOFTWARE (PERPETUAL LICENSE SOFTWARE),513210,SOFTWARE PUBLISHERS,,,,,False,False
89233126FNA000239,BGRS RELOCATION INC,2026-09-08,50200.0,89233126FNA000239,NM,KIRTLAND AFB,87117,BERNALILLO,R499,SUPPORT- PROFESSIONAL: OTHER,531390,OTHER ACTIVITIES RELATED TO REAL ESTATE,,,,,False,False
89503026FWA401221,ALVAREZ LLC,2026-09-08,123108.3,89503026FWA401221,CO,LAKEWOOD,80228,JEFFERSON,7A21,IT AND TELECOM - BUSINESS APPLICATION SOFTWARE (PERPETUAL LICENSE SOFTWARE),541519,OTHER COMPUTER RELATED SERVICES,,,,,False,False
89233126FNA000238,BGRS RELOCATION INC,2026-09-08,78000.0,89233126FNA000238,NM,KIRTLAND AFB,87117,BERNALILLO,R499,SUPPORT- PROFESSIONAL: OTHER,531390,OTHER ACTIVITIES RELATED TO REAL ESTATE,,,,,False,False
89503025FWA401094,"BURNS & MCDONNELL ENGINEERING COMPANY, INC.",2026-09-08,0.0,89503025FWA401094,CO,ENGLEWOOD,80112,DOUGLAS,C219,ARCHITECT AND ENGINEERING- GENERAL: OTHER,541330,ENGINEERING SERVICES,,,,,False,False
89303026FSC000022,BGRS RELOCATION INC,2026-09-08,5000.0,89303026FSC000022,DC,WASHINGTON,20585,DISTRICT OF COLUMBIA,R499,SUPPORT- PROFESSIONAL: OTHER,531390,OTHER ACTIVITIES RELATED TO REAL ESTATE,,,,,False,False
89233125FNA400723,DELOITTE CONSULTING LLP,2026-09-08,48057.0,89233125FNA400723,DC,WASHINGTON,20585,DISTRICT OF COLUMBIA,R499,SUPPORT- PROFESSIONAL: OTHER,541611,ADMINISTRATIVE MANAGEMENT AND GENERAL MANAGEMENT CONSULTING SERVICES,,,,,False,False
89303325FEM400454,INDEPENDENT STRATEGIC MANAGEMENT SOLUTIONS INC,2026-09-08,2800000.0,89303325FEM400454,TN,OAK RIDGE,37830,ANDERSON,R408,SUPPORT- PROFESSIONAL: PROGRAM MANAGEMENT/SUPPORT,541620,ENVIRONMENTAL CONSULTING SERVICES,,,,,False,False
DEDT0001863,SES-TECH GLOBAL SOLUTIONS,2026-09-08,-3987.27,DEDT0001863,,,,,Y299,CONTRUCT/ALL OTHER NON-BLDG FACS,237990,OTHER HEAVY AND CIVIL ENGINEERING CONSTRUCTION,,,,,False,False
89503426FWA401882,"COMPLETE CONCRETE, INC.",2026-09-08,118500.0,89503426FWA401882,SD,HURON,57350,BEADLE,Z1JZ,MAINTENANCE OF MISCELLANEOUS BUILDINGS,237130,POWER AND COMMUNICATION LINE AND RELATED STRUCTURES CONSTRUCTION,,,,,False,False
89303026FIM000221,ACCENTURE FEDERAL SERVICES LLC,2026-09-08,263753.5,89303026FIM000221,DC,WASHINGTON,20024,DISTRICT OF COLUMBIA,DA01,IT AND TELECOM - BUSINESS APPLICATION/APPLICATION DEVELOPMENT SUPPORT SERVICES (LABOR),541512,COMPUTER SYSTEMS DESIGN SERVICES,,,,,False,False
89303024FIM000150,ACCENTURE FEDERAL SERVICES LLC,2026-09-08,0.0,89303024FIM000150,DC,WASHINGTON,20585,DISTRICT OF COLUMBIA,DF01,IT AND TELECOM - IT MANAGEMENT SUPPORT SERVICES (LABOR),541512,COMPUTER SYSTEMS DESIGN SERVICES,,,,,False,False
89233123FNA400558,"MANTECH ADVANCED SYSTEMS INTERNATIONAL, INC.",2026-09-08,379274.0,89233123FNA400558,DC,WASHINGTON,20585,DISTRICT OF COLUMBIA,R499,SUPPORT- PROFESSIONAL: OTHER,541511,CUSTOM COMPUTER PROGRAMMING SERVICES,,,,,False,False
89233125FNA000176,ACCENTURE FEDERAL SERVICES LLC,2026-09-08,1142432.0,89233125FNA000176,DC,WASHINGTON,20585,DISTRICT OF COLUMBIA,DA01,IT AND TELECOM - BUSINESS APPLICATION/APPLICATION DEVELOPMENT SUPPORT SERVICES (LABOR),541512,COMPUTER SYSTEMS DESIGN SERVICES,,,,,False,False
89303026FIM000213,ACCENTURE FEDERAL SERVICES LLC,2026-09-08,2101540.67,89303026FIM000213,DC,WASHINGTON,20585,DISTRICT OF COLUMBIA,DA01,IT AND TELECOM - BUSINESS APPLICATION/APPLICATION DEVELOPMENT SUPPORT SERVICES (LABOR),541512,COMPUTER SYSTEMS DESIGN SERVICES,,,,,False,False
DEDT0001911,SES-TECH GLOBAL SOLUTIONS,2026-09-08,-38691.66,DEDT0001911,,,,,Y299,CONTRUCT/ALL OTHER NON-BLDG FACS,237990,OTHER HEAVY AND CIVIL ENGINEERING CONSTRUCTION,,,,,False,False
DEDT0009515,SES-TECH GLOBAL SOLUTIONS,2026-09-08,-108687.52,DEDT0009515,,,,,Y1PZ,CONSTRUCTION OF OTHER NON-BUILDING FACILITIES,237990,OTHER HEAVY AND CIVIL ENGINEERING CONSTRUCTION,,,,,False,False
89303026FIM000198,ACCENTURE FEDERAL SERVICES LLC,2026-09-08,2945427.37,89303026FIM000198,DC,WASHINGTON,20585,DISTRICT OF COLUMBIA,DA01,IT AND TELECOM - BUSINESS APPLICATION/APPLICATION DEVELOPMENT SUPPORT SERVICES (LABOR),541512,COMPUTER SYSTEMS DESIGN SERVICES,,,,,False,False
89503426FWA401879,HUGHES BROTHERS INC,2026-09-08,0.0,89503426FWA401879,SD,RAPID CITY,57701,PENNINGTON,5510,LUMBER AND RELATED BASIC WOOD MATERIALS,321215,ENGINEERED WOOD MEMBER MANUFACTURING,,,,,False,False
89603023F0034,"EDGEWATER FEDERAL SOLUTIONS, INC.",2026-09-08,-27.8,89603023F0034,DC,WASHINGTON,20426,DISTRICT OF COLUMBIA,DJ01,IT AND TELECOM - SECURITY AND COMPLIANCE SUPPORT SERVICES (LABOR),541611,ADMINISTRATIVE MANAGEMENT AND GENERAL MANAGEMENT CONSULTING SERVICES,,,,,False,False
89243323CFE000074,KBC ENERGY SOLUTIONS LLC,2026-09-08,686620.0,89243323CFE000074,WV,MORGANTOWN,26505,MONONGALIA,R425,SUPPORT- PROFESSIONAL: ENGINEERING/TECHNICAL,541330,ENGINEERING SERVICES,,,,,False,False
89603026F0007,"ECO-SHRED, LLC",2026-09-08,0.0,89603026F0007,DC,WASHINGTON,20426,DISTRICT OF COLUMBIA,R614,SUPPORT- ADMINISTRATIVE: PAPER SHREDDING,561990,ALL OTHER SUPPORT SERVICES,,,,,False,False
DEAC0503OR22988,OHIO VALLEY ELECTRIC CORPORATION,2026-09-08,400000.0,DEAC0503OR22988,OH,PIKETON,45661,PIKE,S112,UTILITIES- ELECTRIC,221121,ELECTRIC BULK POWER TRANSMISSION AND CONTROL,,,,,False,False
89233026FNR400134,INFORMATION MANAGEMENT GROUP INCORPORATED,2026-09-08,0.0,89233026FNR400134,DC,WASHINGTON NAVY YARD,20376,DISTRICT OF COLUMBIA,DA01,IT AND TELECOM - BUSINESS APPLICATION/APPLICATION DEVELOPMENT SUPPORT SERVICES (LABOR),541512,COMPUTER SYSTEMS DESIGN SERVICES,,,,,False,False
89503626FSW400397,"THUNDERCAT TECHNOLOGY, LLC",2026-09-08,29175.0,89503626FSW400397,OK,TULSA,74103,TULSA,7A21,IT AND TELECOM - BUSINESS APPLICATION SOFTWARE (PERPETUAL LICENSE SOFTWARE),541519,OTHER COMPUTER RELATED SERVICES,,,,,False,False
89503226PWA000652,BOYD CO. LLC,2026-09-08,15144.0,89503226PWA000652,WY,CHEYENNE,82001,LARAMIE,S205,HOUSEKEEPING- TRASH/GARBAGE COLLECTION,562111,SOLID WASTE COLLECTION,,,,,False,False
89303924FEM000267,"CORPORATE ALLOCATION SERVICES, INC.",2026-09-08,91353.6,89303924FEM000267,WA,RICHLAND,99352,BENTON,R699,SUPPORT- ADMINISTRATIVE: OTHER,541611,ADMINISTRATIVE MANAGEMENT AND GENERAL MANAGEMENT CONSULTING SERVICES,,,,,False,False
89303924FEM000246,"CORPORATE ALLOCATION SERVICES, INC.",2026-09-08,157670.4,89303924FEM000246,WA,RICHLAND,99352,BENTON,R699,SUPPORT- ADMINISTRATIVE: OTHER,541611,ADMINISTRATIVE MANAGEMENT AND GENERAL MANAGEMENT CONSULTING SERVICES,,,,,False,False
89233126FNA000242,SWATMOD LLC,2026-09-08,417531.52,89233126FNA000242,MN,SAINT CLOUD,56304,SHERBURNE,2350,"COMBAT, ASSAULT, AND TACTICAL VEHICLES, TRACKED",336992,"MILITARY ARMORED VEHICLE, TANK, AND TANK COMPONENT MANUFACTURING",,,,,False,False
89243318CFE000003,"LEIDOS, INC.",2026-09-08,2423715.0,89243318CFE000003,WV,MORGANTOWN,26507,MONONGALIA,R425,SUPPORT- PROFESSIONAL: ENGINEERING/TECHNICAL,541715,"RESEARCH AND DEVELOPMENT IN THE PHYSICAL, ENGINEERING, AND LIFE SCIENCES (EXCEPT NANOTECHNOLOGY AND BIOTECHNOLOGY)",,,,,False,False
89303019FCF400018,"VERTOSOFT, LLC",2026-09-08,-0.01,89303019FCF400018,DC,WASHINGTON,20585,DISTRICT OF COLUMBIA,D318,"IT AND TELECOM- INTEGRATED HARDWARE/SOFTWARE/SERVICES SOLUTIONS, PREDOMINANTLY SERVICES",518210,"COMPUTING INFRASTRUCTURE PROVIDERS, DATA PROCESSING, WEB HOSTING, AND RELATED SERVICES",,,,,False,False
89303026FMA401016,"EMCOR GOVERNMENT SERVICES, INC",2026-09-08,0.0,89303026FMA401016,MD,GERMANTOWN,20874,MONTGOMERY,M1AZ,OPERATION OF OTHER ADMINISTRATIVE FACILITIES AND SERVICE BUILDINGS,561210,FACILITIES SUPPORT SERVICES,,,,,False,False
89233125FNA400689,JGMS GOVERNMENT SERVICES LLC,2026-09-08,167484.2,89233125FNA400689,CO,GRAND JUNCTION,81501,MESA,R425,SUPPORT- PROFESSIONAL: ENGINEERING/TECHNICAL,541611,ADMINISTRATIVE MANAGEMENT AND GENERAL MANAGEMENT CONSULTING SERVICES,,,,,False,False
89303026FOE400010,"522 PRODUCTIONS, LLC",2026-09-07,350000.0,89303026FOE400010,DC,WASHINGTON,20585,DISTRICT OF COLUMBIA,T006,PHOTO/MAP/PRINT/PUBLICATION- FILM/VIDEO TAPE PRODUCTION,512110,MOTION PICTURE AND VIDEO PRODUCTION,,,,,False,False
89503026FWA401223,ACCESSAGILITY LLC,2026-09-06,54245.0,89503026FWA401223,CO,LAKEWOOD,80228,JEFFERSON,7A21,IT AND TELECOM - BUSINESS APPLICATION SOFTWARE (PERPETUAL LICENSE SOFTWARE),541519,OTHER COMPUTER RELATED SERVICES,,,,,False,False
89303025CMA000137,"VETERAN ELEVATOR INSPECTION SERVICES, LLC",2026-09-06,0.0,89303025CMA000137,DC,WASHINGTON,20585,DISTRICT OF COLUMBIA,H330,INSPECTION- MECHANICAL POWER TRANSMISSION EQUIPMENT,333921,ELEVATOR AND MOVING STAIRWAY MANUFACTURING,,,,,False,False
89303024CMA000123,MICROHEALTH LLC,2026-09-06,-65051.0,89303024CMA000123,DC,WASHINGTON,20585,DISTRICT OF COLUMBIA,R699,SUPPORT- ADMINISTRATIVE: OTHER,519290,WEB SEARCH PORTALS AND ALL OTHER INFORMATION SERVICES,,,,,False,False
89303023CMA000094,DIDLAKE INC,2026-09-06,0.0,89303023CMA000094,DC,WASHINGTON,20585,DISTRICT OF COLUMBIA,L079,TECHNICAL REPRESENTATIVE- CLEANING EQUIPMENT AND SUPPLIES,561720,JANITORIAL SERVICES,,,,,False,False
89303024FMA400877,"EMCOR GOVERNMENT SERVICES, INC",2026-09-06,0.0,89303024FMA400877,DC,WASHINGTON,20585,DISTRICT OF COLUMBIA,M1AZ,OPERATION OF OTHER ADMINISTRATIVE FACILITIES AND SERVICE BUILDINGS,561210,FACILITIES SUPPORT SERVICES,,,,,False,False
89303021FMA400370,"EMCOR GOVERNMENT SERVICES, INC",2026-09-06,1000000.0,89303021FMA400370,DC,WASHINGTON,20585,DISTRICT OF COLUMBIA,M1AZ,OPERATION OF OTHER ADMINISTRATIVE FACILITIES AND SERVICE BUILDINGS,561210,FACILITIES SUPPORT SERVICES,,,,,False,False
89303024FMA400795,"EMCOR GOVERNMENT SERVICES, INC",2026-09-05,0.0,89303024FMA400795,DC,WASHINGTON,20585,DISTRICT OF COLUMBIA,M1AZ,OPERATION OF OTHER ADMINISTRATIVE FACILITIES AND SERVICE BUILDINGS,561210,FACILITIES SUPPORT SERVICES,,,,,False,False
89303026FMA401014,"EMCOR GOVERNMENT SERVICES, INC",2026-09-05,0.0,89303026FMA401014,DC,WASHINGTON,20585,DISTRICT OF COLUMBIA,M1AZ,OPERATION OF OTHER ADMINISTRATIVE FACILITIES AND SERVICE BUILDINGS,561210,FACILITIES SUPPORT SERVICES,,,,,False,False
89243424FEE400364,"MINBURN TECHNOLOGY GROUP, LLC",2026-09-04,-110000.0,89243424FEE400364,DC,WASHINGTON,20585,DISTRICT OF COLUMBIA,DA10,IT AND TELECOM - BUSINESS APPLICATION/APPLICATION DEVELOPMENT SOFTWARE AS A SERVICE,541519,OTHER COMPUTER RELATED SERVICES,,,,,False,False
89303026PIG000162,"SHAW, BRANSFORD, & ROTH P.C.",2026-09-04,350000.0,89303026PIG000162,DC,WASHINGTON,20036,DISTRICT OF COLUMBIA,R418,SUPPORT- PROFESSIONAL: LEGAL,541110,OFFICES OF LAWYERS,,,,,False,False
89233126FNA400822,"ATLANTIC DIVING SUPPLY, INC.",2026-09-04,22710.75,89233126FNA400822,VA,VIRGINIA BEACH,23452,VIRGINIA BEACH CITY,8405,"OUTERWEAR, MEN'S",315990,APPAREL ACCESSORIES AND OTHER APPAREL MANUFACTURING,,,,,False,False
89303026FIM000224,"OPTIVOR TECHNOLOGIES, LLC",2026-09-04,1753001.2,89303026FIM000224,DC,WASHINGTON,20024,DISTRICT OF COLUMBIA,7A20,IT AND TELECOM - APPLICATION DEVELOPMENT SOFTWARE (PERPETUAL LICENSE SOFTWARE),541519,OTHER COMPUTER RELATED SERVICES,,,,,False,False
89503426PWA002328,"KALIN'S INDOOR COMFORT, INC.",2026-09-04,9948.0,89503426PWA002328,IA,SIOUX CITY,51101,WOODBURY,J045,"MAINT/REPAIR/REBUILD OF EQUIPMENT- PLUMBING, HEATING, AND WASTE DISPOSAL EQUIPMENT",238220,"PLUMBING, HEATING, AND AIR-CONDITIONING CONTRACTORS",,,,,False,False
89503224FWA400538,CARAHSOFT TECHNOLOGY CORP,2026-09-04,479280.46,89503224FWA400538,VA,RESTON,20190,FAIRFAX,7A21,IT AND TELECOM - BUSINESS APPLICATION SOFTWARE (PERPETUAL LICENSE SOFTWARE),541519,OTHER COMPUTER RELATED SERVICES,,,,,False,False
89503426PWA002367,JERRYS SHEET METAL HEATING & COOLING INC,2026-09-04,23600.0,89503426PWA002367,NE,GRAND ISLAND,68801,HALL,J045,"MAINT/REPAIR/REBUILD OF EQUIPMENT- PLUMBING, HEATING, AND WASTE DISPOSAL EQUIPMENT",238220,"PLUMBING, HEATING, AND AIR-CONDITIONING CONTRACTORS",,,,,False,False
89303321FEM400190,"NAVARRO RESEARCH AND ENGINEERING, INC.",2026-09-04,3679000.0,89303321FEM400190,NV,LAS VEGAS,89101,CLARK,F999,OTHER ENVIRONMENTAL SERVICES,562910,REMEDIATION SERVICES,,,,,False,False
89243326FFE400799,PACIFICMARK CONSTRUCTION CORP,2026-09-04,1276101.53,89243326FFE400799,OR,ALBANY,97321,LINN,Z2JZ,REPAIR OR ALTERATION OF MISCELLANEOUS BUILDINGS,236220,COMMERCIAL AND INSTITUTIONAL BUILDING CONSTRUCTION,,,,,False,False
89503426PWA002363,OMICRON ELECTRONICS CORP USA,2026-09-04,15440.0,89503426PWA002363,TX,HOUSTON,77054,HARRIS,J059,MAINT/REPAIR/REBUILD OF EQUIPMENT- ELECTRICAL AND ELECTRONIC EQUIPMENT COMPONENTS,811210,ELECTRONIC AND PRECISION EQUIPMENT REPAIR AND MAINTENANCE,,,,,False,False
89703026FAR000021,"SIGHTLINE ANALYTICS, INC.",2026-09-04,94000.0,89703026FAR000021,DC,WASHINGTON,20010,DISTRICT OF COLUMBIA,DA10,IT AND TELECOM - BUSINESS APPLICATION/APPLICATION DEVELOPMENT SOFTWARE AS A SERVICE,513210,SOFTWARE PUBLISHERS,,,,,False,False
89503426FWA401880,HUGHES BROTHERS INC,2026-09-04,141200.0,89503426FWA401880,SD,BROOKINGS,57006,BROOKINGS,5510,LUMBER AND RELATED BASIC WOOD MATERIALS,321215,ENGINEERED WOOD MEMBER MANUFACTURING,,,,,False,False
89503026PWA000520,MONTANA DAKOTA UTILITIES CO,2026-09-04,1400.0,89503026PWA000520,CO,LAKEWOOD,80228,JEFFERSON,X1BZ,LEASE/RENTAL OF OTHER AIRFIELD STRUCTURES,488119,OTHER AIRPORT OPERATIONS,,,,,False,False
89233126FNA400754,"THUNDERCAT TECHNOLOGY, LLC",2026-09-04,0.0,89233126FNA400754,VA,RESTON,20191,FAIRFAX,7A21,IT AND TELECOM - BUSINESS APPLICATION SOFTWARE (PERPETUAL LICENSE SOFTWARE),541519,OTHER COMPUTER RELATED SERVICES,,,,,False,False
89233126FNA400756,"THUNDERCAT TECHNOLOGY, LLC",2026-09-04,0.0,89233126FNA400756,VA,RESTON,20191,FAIRFAX,7A21,IT AND TELECOM - BUSINESS APPLICATION SOFTWARE (PERPETUAL LICENSE SOFTWARE),541519,OTHER COMPUTER RELATED SERVICES,,,,,False,False
89603026F0058,"OMNI BUSINESS SYSTEMS, INC",2026-09-04,169993.5,89603026F0058,DC,WASHINGTON,20426,DISTRICT OF COLUMBIA,3610,"PRINTING, DUPLICATING, AND BOOKBINDING EQUIPMENT",333310,COMMERCIAL AND SERVICE INDUSTRY MACHINERY MANUFACTURING,,,,,False,False
89303022FEI400123,CONVISO-V LLC,2026-09-04,4794081.06,89303022FEI400123,DC,WASHINGTON,20585,DISTRICT OF COLUMBIA,DA01,IT AND TELECOM - BUSINESS APPLICATION/APPLICATION DEVELOPMENT SUPPORT SERVICES (LABOR),541512,COMPUTER SYSTEMS DESIGN SERVICES,,,,,False,False
89243326CFE000105,THUNDER RIVER CONSTRUCTION LLC,2026-09-04,0.0,89243326CFE000105,WV,MORGANTOWN,26505,MONONGALIA,Z2EZ,REPAIR OR ALTERATION OF OTHER INDUSTRIAL BUILDINGS,236220,COMMERCIAL AND INSTITUTIONAL BUILDING CONSTRUCTION,,,,,False,False
89243426FFP400016,GREEN POWERED TECHNOLOGY LLC,2026-09-04,0.0,89243426FFP400016,VA,ARLINGTON,22205,ARLINGTON,R425,SUPPORT- PROFESSIONAL: ENGINEERING/TECHNICAL,541330,ENGINEERING SERVICES,,,,,False,False
89303021CMA000062,DIDLAKE INC,2026-09-04,0.0,89303021CMA000062,VA,MANASSAS,20110,MANASSAS CITY,S201,HOUSEKEEPING- CUSTODIAL JANITORIAL,561720,JANITORIAL SERVICES,,,,,False,False
89303026FMA000625,DAYTON GROUP INC,2026-09-04,50000.0,89303026FMA000625,DC,WASHINGTON,20585,DISTRICT OF COLUMBIA,Q301,REFERENCE LABORATORY TESTING,541350,BUILDING INSPECTION SERVICES,,,,,False,False
89303021FMA400427,"EMCOR GOVERNMENT SERVICES, INC",2026-09-04,0.0,,DC,,,,M1AZ,OPERATION OF OTHER ADMINISTRATIVE FACILITIES AND SERVICE BUILDINGS,561210,FACILITIES SUPPORT SERVICES,,,,,False,False
89303023FMA400733,"EMCOR GOVERNMENT SERVICES, INC",2026-09-04,0.0,89303023FMA400733,DC,WASHINGTON,20585,DISTRICT OF COLUMBIA,M1AZ,OPERATION OF OTHER ADMINISTRATIVE FACILITIES AND SERVICE BUILDINGS,561210,FACILITIES SUPPORT SERVICES,,,,,False,False
89703026FAR000020,PITCHBOOK DATA INC,2026-09-04,32000.0,89703026FAR000020,DC,WASHINGTON,20010,DISTRICT OF COLUMBIA,DA10,IT AND TELECOM - BUSINESS APPLICATION/APPLICATION DEVELOPMENT SOFTWARE AS A SERVICE,518210,"COMPUTING INFRASTRUCTURE PROVIDERS, DATA PROCESSING, WEB HOSTING, AND RELATED SERVICES",,,,,False,False
89303021FMA400370,"EMCOR GOVERNMENT SERVICES, INC",2026-09-04,0.0,89303021FMA400370,DC,WASHINGTON,20585,DISTRICT OF COLUMBIA,M1AZ,OPERATION OF OTHER ADMINISTRATIVE FACILITIES AND SERVICE BUILDINGS,561210,FACILITIES SUPPORT SERVICES,,,,,False,False
89233126FNA000241,"FACILITY INTERIORS, INC.",2026-09-03,84475.39,89233126FNA000241,TX,CARROLLTON,75007,DENTON,7110,OFFICE FURNITURE,337214,OFFICE FURNITURE (EXCEPT WOOD) MANUFACTURING,,,,,False,False
89503623PSW000184,GERMRIP LLC,2026-09-03,14040.0,89503623PSW000184,MO,NIXA,65714,CHRISTIAN,S201,HOUSEKEEPING- CUSTODIAL JANITORIAL,561720,JANITORIAL SERVICES,,,,,False,False
89303725PEM000311,"CSX TRANSPORTATION, INC",2026-09-03,-65564.0,89303725PEM000311,SC,AIKEN,29802,AIKEN,Z2LB,REPAIR OR ALTERATION OF HIGHWAYS/ROADS/STREETS/BRIDGES/RAILWAYS,488210,SUPPORT ACTIVITIES FOR RAIL TRANSPORTATION,,,,,False,False
89303026FMA401028,"THE FIELDS GROUP, LLC",2026-09-03,17796.75,89303026FMA401028,DC,WASHINGTON,20585,DISTRICT OF COLUMBIA,C1AZ,ARCHITECT AND ENGINEERING- CONSTRUCTION: OTHER ADMINISTRATIVE FACILITIES/SERVICE BUILDINGS,236220,COMMERCIAL AND INSTITUTIONAL BUILDING CONSTRUCTION,,,,,False,False
89503026PWA000541,"ATLANTIC DIVING SUPPLY, INC.",2026-09-03,20953.95,89503026PWA000541,CO,LAKEWOOD,80228,JEFFERSON,1550,UNMANNED AIRCRAFT,336411,AIRCRAFT MANUFACTURING,,,,,False,False
89233126FNA400744,VECTOR RESOURCE INC,2026-09-03,200717.81,89233126FNA400744,SC,AIKEN,29803,AIKEN,R699,SUPPORT- ADMINISTRATIVE: OTHER,541611,ADMINISTRATIVE MANAGEMENT AND GENERAL MANAGEMENT CONSULTING SERVICES,,,,,False,False
89603026F0064,UNITED PARCEL SERVICE CO.,2026-09-03,17400.0,89603026F0064,DC,WASHINGTON,20426,DISTRICT OF COLUMBIA,V111,TRANSPORTATION/TRAVEL/RELOCATION- TRANSPORTATION: AIR FREIGHT,492110,COURIERS AND EXPRESS DELIVERY SERVICES,,,,,False,False
89303026CIM000014,KONIAG EMERGING TECHNOLOGIES LLC,2026-09-03,679233.27,89303026CIM000014,DC,WASHINGTON,20585,DISTRICT OF COLUMBIA,R799,SUPPORT- MANAGEMENT: OTHER,541990,"ALL OTHER PROFESSIONAL, SCIENTIFIC, AND TECHNICAL SERVICES",,,,,False,False
89233126FNA400819,CARAHSOFT TECHNOLOGY CORP,2026-09-03,0.0,89233126FNA400819,DC,WASHINGTON,20585,DISTRICT OF COLUMBIA,7A21,IT AND TELECOM - BUSINESS APPLICATION SOFTWARE (PERPETUAL LICENSE SOFTWARE),511210,SOFTWARE PUBLISHERS,,,,,False,False
89243326PFE000976,GEOTEK LIMITED,2026-09-03,113785.0,89243326PFE000976,OR,ALBANY,97321,LINN,6640,LABORATORY EQUIPMENT AND SUPPLIES,334516,ANALYTICAL LABORATORY INSTRUMENT MANUFACTURING,,,,,False,False
89303325FEM400462,OLD HARBOR SOLUTIONS LLC,2026-09-03,0.0,89303325FEM400462,CO,GRAND JUNCTION,81501,MESA,R699,SUPPORT- ADMINISTRATIVE: OTHER,541990,"ALL OTHER PROFESSIONAL, SCIENTIFIC, AND TECHNICAL SERVICES",,,,,False,False
89233126CNA000439,S & K FEDERAL SERVICES LLC,2026-09-03,196439.0,89233126CNA000439,SC,AIKEN,29802,AIKEN,R699,SUPPORT- ADMINISTRATIVE: OTHER,561110,OFFICE ADMINISTRATIVE SERVICES,,,,,False,False
89303026PAU000056,CHAOS FAB SHOP LLC,2026-09-03,18284.66,89303026PAU000056,DC,WASHINGTON,20585,DISTRICT OF COLUMBIA,R499,SUPPORT- PROFESSIONAL: OTHER,811114,SPECIALIZED AUTOMOTIVE REPAIR,,,,,False,False
89503326FWA400247,"WESTERN METAL SUPPLY COMPANY, INC.",2026-09-03,457777.77,89503326FWA400247,CA,ELVERTA,95626,SACRAMENTO,5410,PREFABRICATED AND PORTABLE BUILDINGS,332311,PREFABRICATED METAL BUILDING AND COMPONENT MANUFACTURING,,,,,False,False
89303023FSE000003,"ICF INCORPORATED, L.L.C.",2026-09-03,0.0,89303023FSE000003,VA,RESTON,20190,FAIRFAX,R707,SUPPORT- MANAGEMENT: CONTRACT/PROCUREMENT/ACQUISITION SUPPORT,541611,ADMINISTRATIVE MANAGEMENT AND GENERAL MANAGEMENT CONSULTING SERVICES,,,,,False,False
89503026PWA000540,POWER PRO 360 LLC,2026-09-03,32984.0,89503026PWA000540,CO,DENVER,80228,JEFFERSON,AF11,"EDUCATION, TRAINING, EMPLOYMENT, & SOCIAL SVCS R&D SVCS; EDUCATION SVCS R&D; BASIC RESEARCH",611430,PROFESSIONAL AND MANAGEMENT DEVELOPMENT TRAINING,,,,,False,False
89233125FNA000186,"""ALUTIIQ LOGISTICS & MAINTENANCE SERVICES, LLC""",2026-09-03,634270.42,89233125FNA000186,NM,ALBUQUERQUE,87185,BERNALILLO,M1EB,OPERATION OF MAINTENANCE BUILDINGS,561210,FACILITIES SUPPORT SERVICES,,,,,False,False
89503426FWA401841,DOCUMENT IMAGING DIMENSIONS INC.,2026-09-03,0.0,89503426FWA401841,ND,BISMARCK,58501,BURLEIGH,3950,"WINCHES, HOISTS, CRANES, AND DERRICKS",322230,STATIONERY PRODUCT MANUFACTURING,,,,,False,False
89233125FNA400723,DELOITTE CONSULTING LLP,2026-09-03,6292586.0,89233125FNA400723,DC,WASHINGTON,20585,DISTRICT OF COLUMBIA,R499,SUPPORT- PROFESSIONAL: OTHER,541611,ADMINISTRATIVE MANAGEMENT AND GENERAL MANAGEMENT CONSULTING SERVICES,,,,,False,False
89303021FIM400048,"AT&T ENTERPRISES, LLC",2026-09-03,30220.95,89303021FIM400048,DC,WASHINGTON,20585,DISTRICT OF COLUMBIA,DA01,IT AND TELECOM - BUSINESS APPLICATION/APPLICATION DEVELOPMENT SUPPORT SERVICES (LABOR),517110,WIRED TELECOMMUNICATIONS CARRIERS,,,,,False,False
89303023FEE000014,ACCENTURE FEDERAL SERVICES LLC,2026-09-03,0.0,89303023FEE000014,VA,ARLINGTON,22203,ARLINGTON,DH10,"IT AND TELECOM - PLATFORM AS A SERVICE: DATABASE, MAINFRAME, MIDDLEWARE",541512,COMPUTER SYSTEMS DESIGN SERVICES,,,,,False,False
89303022FIM000081,ACCENTURE FEDERAL SERVICES LLC,2026-09-03,3888.75,89303022FIM000081,DC,WASHINGTON,20585,DISTRICT OF COLUMBIA,DA01,IT AND TELECOM - BUSINESS APPLICATION/APPLICATION DEVELOPMENT SUPPORT SERVICES (LABOR),541512,COMPUTER SYSTEMS DESIGN SERVICES,,,,,False,False
89243326PFE001004,"FEDCORP SERVICES, INC.",2026-09-03,0.0,89243326PFE001004,CA,EL SOBRANTE,94803,CONTRA COSTA,6640,LABORATORY EQUIPMENT AND SUPPLIES,334516,ANALYTICAL LABORATORY INSTRUMENT MANUFACTURING,,,,,False,False
89303323FEM400332,"TEKPRO SUPPORT SERVICES, LLC",2026-09-03,-52060.2,89303323FEM400332,OH,CINCINNATI,45202,HAMILTON,F999,OTHER ENVIRONMENTAL SERVICES,561499,ALL OTHER BUSINESS SUPPORT SERVICES,,,,,False,False
89503226PWA000647,BEAR COMMUNICATIONS INC,2026-09-03,-97500.0,89503226PWA000647,CO,LOVELAND,80538,LARIMER,J025,MAINT/REPAIR/REBUILD OF EQUIPMENT- VEHICULAR EQUIPMENT COMPONENTS,517121,TELECOMMUNICATIONS RESELLERS,,,,,False,False
89243422FEE400297,BOOZ ALLEN HAMILTON INC,2026-09-03,-128640.04,89243422FEE400297,VA,ASHBURN,20148,LOUDOUN,R425,SUPPORT- PROFESSIONAL: ENGINEERING/TECHNICAL,541330,ENGINEERING SERVICES,,,,,False,False
89243426FEE000582,ACCENTURE FEDERAL SERVICES LLC,2026-09-03,0.0,89243426FEE000582,DC,WASHINGTON,20585,DISTRICT OF COLUMBIA,DA01,IT AND TELECOM - BUSINESS APPLICATION/APPLICATION DEVELOPMENT SUPPORT SERVICES (LABOR),541512,COMPUTER SYSTEMS DESIGN SERVICES,,,,,False,False
89243425FEE000475,ENERGY TECHNOLOGY ALLIANCE LLC,2026-09-03,0.0,89243425FEE000475,DC,WASHINGTON,20585,DISTRICT OF COLUMBIA,R425,SUPPORT- PROFESSIONAL: ENGINEERING/TECHNICAL,562910,REMEDIATION SERVICES,,,,,False,False
89243426FEE000581,ACCENTURE FEDERAL SERVICES LLC,2026-09-03,0.0,89243426FEE000581,DC,WASHINGTON,20585,DISTRICT OF COLUMBIA,DA01,IT AND TELECOM - BUSINESS APPLICATION/APPLICATION DEVELOPMENT SUPPORT SERVICES (LABOR),541512,COMPUTER SYSTEMS DESIGN SERVICES,,,,,False,False
89243423FEE000261,ACCENTURE FEDERAL SERVICES LLC,2026-09-03,0.0,89243423FEE000261,DC,WASHINGTON,20585,DISTRICT OF COLUMBIA,DA01,IT AND TELECOM - BUSINESS APPLICATION/APPLICATION DEVELOPMENT SUPPORT SERVICES (LABOR),541512,COMPUTER SYSTEMS DESIGN SERVICES,,,,,False,False
89303022FCF000025,"GENERAL DYNAMICS INFORMATION TECHNOLOGY, INC.",2026-09-03,120000.0,89303022FCF000025,MD,GERMANTOWN,20874,MONTGOMERY,DD01,"IT AND TELECOM - SERVICE DELIVERY SUPPORT SERVICES: ITSM, OPERATIONS CENTER, PROJECT/PM (LABOR)",541519,OTHER COMPUTER RELATED SERVICES,,,,,False,False
89303024FIM000147,ACCENTURE FEDERAL SERVICES LLC,2026-09-03,-769990.9,89303024FIM000147,DC,WASHINGTON,20585,DISTRICT OF COLUMBIA,DA01,IT AND TELECOM - BUSINESS APPLICATION/APPLICATION DEVELOPMENT SUPPORT SERVICES (LABOR),541512,COMPUTER SYSTEMS DESIGN SERVICES,,,,,False,False
89303026FIM000213,ACCENTURE FEDERAL SERVICES LLC,2026-09-03,8182558.44,89303026FIM000213,DC,WASHINGTON,20585,DISTRICT OF COLUMBIA,DA01,IT AND TELECOM - BUSINESS APPLICATION/APPLICATION DEVELOPMENT SUPPORT SERVICES (LABOR),541512,COMPUTER SYSTEMS DESIGN SERVICES,,,,,False,False
89243323CFE000075,"KEYLOGIC, LLC",2026-09-03,1380123.0,89243323CFE000075,WV,MORGANTOWN,26505,MONONGALIA,R425,SUPPORT- PROFESSIONAL: ENGINEERING/TECHNICAL,541330,ENGINEERING SERVICES,,,,,False,False
89233122FNA400487,"WULCO, INC.",2026-09-03,2481262.0,89233122FNA400487,PA,BUTLER,16002,BUTLER,2320,"TRUCKS AND TRUCK TRACTORS, WHEELED",336211,MOTOR VEHICLE BODY MANUFACTURING,,,,,False,False
89303222FEM400018,CAST SPECIALTY TRANSPORTATION INC,2026-09-03,825000.0,89303222FEM400018,NM,CARLSBAD,88220,EDDY,V112,TRANSPORTATION/TRAVEL/RELOCATION- TRANSPORTATION: MOTOR FREIGHT,484230,"SPECIALIZED FREIGHT (EXCEPT USED GOODS) TRUCKING, LONG-DISTANCE",,,,,False,False
89303024FIM000148,"V3GATE, LLC",2026-09-03,1980230.56,89303024FIM000148,DC,WASHINGTON,20585,DISTRICT OF COLUMBIA,7A21,IT AND TELECOM - BUSINESS APPLICATION SOFTWARE (PERPETUAL LICENSE SOFTWARE),541519,OTHER COMPUTER RELATED SERVICES,,,,,False,False
DEDT0011049,"NORTH WIND PORTAGE, INC.",2026-09-03,-10660.38,DEDT0011049,UT,MOAB,84532,GRAND,F999,OTHER ENVIRONMENTAL SERVICES,562910,REMEDIATION SERVICES,,,,,False,False
89303326FEM400476,S & K LOGISTICS SERVICES LLC,2026-09-03,0.0,89303326FEM400476,SC,AIKEN,29802,AIKEN,R425,SUPPORT- PROFESSIONAL: ENGINEERING/TECHNICAL,541330,ENGINEERING SERVICES,,,,,False,False
89303323FLM400010,TI VERBATIM CONSULTING INC.,2026-09-03,-143892.2,89303323FLM400010,WV,CHARLES TOWN,25414,JEFFERSON,R799,SUPPORT- MANAGEMENT: OTHER,541618,OTHER MANAGEMENT CONSULTING SERVICES,,,,,False,False
89303324FLM400012,TI VERBATIM CONSULTING INC.,2026-09-03,-78944.53,89303324FLM400012,WV,CHARLES TOWN,25414,JEFFERSON,R799,SUPPORT- MANAGEMENT: OTHER,541618,OTHER MANAGEMENT CONSULTING SERVICES,,,,,False,False
89503425FWA401746,"ADVANCED COMPUTER CONCEPTS, INC.",2026-09-03,0.0,89503425FWA401746,ND,BISMARCK,58501,BURLEIGH,6150,MISCELLANEOUS ELECTRIC POWER AND DISTRIBUTION EQUIPMENT,541519,OTHER COMPUTER RELATED SERVICES,,,,,False,False
89703026FAR000017,PITCHBOOK DATA INC,2026-09-03,96000.0,89703026FAR000017,DC,WASHINGTON,20010,DISTRICT OF COLUMBIA,DA10,IT AND TELECOM - BUSINESS APPLICATION/APPLICATION DEVELOPMENT SOFTWARE AS A SERVICE,518210,"COMPUTING INFRASTRUCTURE PROVIDERS, DATA PROCESSING, WEB HOSTING, AND RELATED SERVICES",,,,,False,False
89503026FWA401213,"STANDARD-BLAZAR, LLC",2026-09-03,1401821.64,89503026FWA401213,CO,LAKEWOOD,80228,JEFFERSON,7A21,IT AND TELECOM - BUSINESS APPLICATION SOFTWARE (PERPETUAL LICENSE SOFTWARE),541519,OTHER COMPUTER RELATED SERVICES,,,,,False,False
89703026FAR000018,PITCHBOOK DATA INC,2026-09-03,80206.26,89703026FAR000018,DC,WASHINGTON,20010,DISTRICT OF COLUMBIA,DA10,IT AND TELECOM - BUSINESS APPLICATION/APPLICATION DEVELOPMENT SOFTWARE AS A SERVICE,518210,"COMPUTING INFRASTRUCTURE PROVIDERS, DATA PROCESSING, WEB HOSTING, AND RELATED SERVICES",,,,,False,False
89233124FNA400565,JGMS GOVERNMENT SERVICES LLC,2026-09-03,130000.0,89233124FNA400565,CO,GRAND JUNCTION,81501,MESA,R425,SUPPORT- PROFESSIONAL: ENGINEERING/TECHNICAL,541611,ADMINISTRATIVE MANAGEMENT AND GENERAL MANAGEMENT CONSULTING SERVICES,,,,,False,False
89303025CCF000025,"CHICKASAW SERVICE SOLUTIONS, LLC",2026-09-03,395065.0,89303025CCF000025,DC,WASHINGTON,20585,DISTRICT OF COLUMBIA,DA01,IT AND TELECOM - BUSINESS APPLICATION/APPLICATION DEVELOPMENT SUPPORT SERVICES (LABOR),541519,OTHER COMPUTER RELATED SERVICES,,,,,False,False
89503025FWA000146,"MINBURN TECHNOLOGY GROUP, LLC",2026-09-02,0.0,89503025FWA000146,CO,LAKEWOOD,80228,JEFFERSON,7A21,IT AND TELECOM - BUSINESS APPLICATION SOFTWARE (PERPETUAL LICENSE SOFTWARE),541519,OTHER COMPUTER RELATED SERVICES,,,,,False,False
89603021P0027,OPEN ACCESS TECHNOLOGY INTERNATIONAL INC,2026-09-02,1688.25,89603021P0027,MN,MINNEAPOLIS,55418,HENNEPIN,7A21,IT AND TELECOM - BUSINESS APPLICATION SOFTWARE (PERPETUAL LICENSE SOFTWARE),511210,SOFTWARE PUBLISHERS,,,,,False,False
89503025PWA000491,POWERTECH LABS INC,2026-09-02,0.0,89503025PWA000491,CO,LAKEWOOD,80228,JEFFERSON,7A21,IT AND TELECOM - BUSINESS APPLICATION SOFTWARE (PERPETUAL LICENSE SOFTWARE),541519,OTHER COMPUTER RELATED SERVICES,,,,,False,False
89503023FWA400818,AKIMA SYSTEMS ENGINEERING LLC,2026-09-02,27551.49,89503023FWA400818,CO,LOVELAND,80538,LARIMER,5810,COMMUNICATIONS SECURITY EQUIPMENT AND COMPONENTS,541330,ENGINEERING SERVICES,,,,,False,False
89303022FIM000092,AMVET TECHNOLOGIES LLC,2026-09-02,13110.62,89303022FIM000092,DC,WASHINGTON,20585,DISTRICT OF COLUMBIA,R410,SUPPORT- PROFESSIONAL: PROGRAM EVALUATION/REVIEW/DEVELOPMENT,541519,OTHER COMPUTER RELATED SERVICES,,,,,False,False
89303924FEM400054,"CENTRAL PLATEAU CLEANUP COMPANY, LLC",2026-09-02,0.0,89303924FEM400054,WA,RICHLAND,99352,BENTON,Z1PD,MAINTENANCE OF WASTE TREATMENT AND STORAGE FACILITIES,562910,REMEDIATION SERVICES,,,,,False,False
89233125FNA400660,COGENT SECURITY CONSULTING LLC,2026-09-02,49060.7,89233125FNA400660,DC,WASHINGTON,20585,DISTRICT OF COLUMBIA,R699,SUPPORT- ADMINISTRATIVE: OTHER,541611,ADMINISTRATIVE MANAGEMENT AND GENERAL MANAGEMENT CONSULTING SERVICES,,,,,False,False
DEAC0507OR23310,BECHTEL JACOBS COMPANY LLC,2026-09-02,0.0,DEAC0507OR23310,TN,OAK RIDGE,37830,ANDERSON,R499,SUPPORT- PROFESSIONAL: OTHER,561210,FACILITIES SUPPORT SERVICES,,,,,False,False
89233125CNA000421,"TEAM B MARKETING, INC",2026-09-02,0.0,89233125CNA000421,DC,WASHINGTON,20585,DISTRICT OF COLUMBIA,R499,SUPPORT- PROFESSIONAL: OTHER,541611,ADMINISTRATIVE MANAGEMENT AND GENERAL MANAGEMENT CONSULTING SERVICES,,,,,False,False
89233024FNR400111,VECTOR RESOURCE INC,2026-09-02,-171293.32,89233024FNR400111,PA,ERIE,16501,ERIE,R499,SUPPORT- PROFESSIONAL: OTHER,541611,ADMINISTRATIVE MANAGEMENT AND GENERAL MANAGEMENT CONSULTING SERVICES,,,,,False,False
89303026PAU000055,"AMBITEC, INC.",2026-09-02,15973.75,89303026PAU000055,DC,WASHINGTON,20585,DISTRICT OF COLUMBIA,4240,SAFETY AND RESCUE EQUIPMENT,423490,OTHER PROFESSIONAL EQUIPMENT AND SUPPLIES MERCHANT WHOLESALERS,,,,,False,False
89233125FNA400740,SEATECH GLOBAL SECURITY SOLUTIONS,2026-09-02,0.0,89233125FNA400740,,,,,R425,SUPPORT- PROFESSIONAL: ENGINEERING/TECHNICAL,541990,"ALL OTHER PROFESSIONAL, SCIENTIFIC, AND TECHNICAL SERVICES",,,,,False,False
89503025FWA401007,"NEW TECH SOLUTIONS, INC.",2026-09-02,0.0,89503025FWA401007,CO,LAKEWOOD,80228,JEFFERSON,7A21,IT AND TELECOM - BUSINESS APPLICATION SOFTWARE (PERPETUAL LICENSE SOFTWARE),541519,OTHER COMPUTER RELATED SERVICES,,,,,False,False
89233126FNA400811,"ENVIRONMENTAL SYSTEMS RESEARCH INSTITUTE, INC.",2026-09-02,0.0,89233126FNA400811,DC,WASHINGTON,20585,DISTRICT OF COLUMBIA,R499,SUPPORT- PROFESSIONAL: OTHER,511210,SOFTWARE PUBLISHERS,,,,,False,False
89233125FNA400740,SEATECH GLOBAL SECURITY SOLUTIONS,2026-09-02,727549.0,89233125FNA400740,,,,,R425,SUPPORT- PROFESSIONAL: ENGINEERING/TECHNICAL,541990,"ALL OTHER PROFESSIONAL, SCIENTIFIC, AND TECHNICAL SERVICES",,,,,False,False
89303022FEI400111,THE EFFICIENCY GROUP LLC,2026-09-02,0.0,89303022FEI400111,DC,WASHINGTON,20585,DISTRICT OF COLUMBIA,R799,SUPPORT- MANAGEMENT: OTHER,611430,PROFESSIONAL AND MANAGEMENT DEVELOPMENT TRAINING,,,,,False,False
89503126FWA400727,CIVIL DESIGN & ENGINEERING INC,2026-09-02,45262.5,89503126FWA400727,AZ,PHOENIX,85009,MARICOPA,C214,ARCHITECT AND ENGINEERING- GENERAL: MANAGEMENT ENGINEERING,541330,ENGINEERING SERVICES,,,,,False,False
89233125FNA400737,SEATECH GLOBAL SECURITY SOLUTIONS,2026-09-02,1412627.0,89233125FNA400737,,,,,R425,SUPPORT- PROFESSIONAL: ENGINEERING/TECHNICAL,541990,"ALL OTHER PROFESSIONAL, SCIENTIFIC, AND TECHNICAL SERVICES",,,,,False,False
89603025P0024,CARAHSOFT TECHNOLOGY CORP,2026-09-02,9670.32,89603025P0024,DC,WASHINGTON,20426,DISTRICT OF COLUMBIA,7A20,IT AND TELECOM - APPLICATION DEVELOPMENT SOFTWARE (PERPETUAL LICENSE SOFTWARE),513210,SOFTWARE PUBLISHERS,,,,,False,False
89503026FWA401209,"BURNS & MCDONNELL ENGINEERING COMPANY, INC.",2026-09-02,1332.66,89503026FWA401209,CO,LOVELAND,80538,LARIMER,C219,ARCHITECT AND ENGINEERING- GENERAL: OTHER,541330,ENGINEERING SERVICES,,,,,False,False
89303025FGD000008,BGRS RELOCATION INC,2026-09-02,-20895.52,89303025FGD000008,DC,WASHINGTON,20024,DISTRICT OF COLUMBIA,R499,SUPPORT- PROFESSIONAL: OTHER,531390,OTHER ACTIVITIES RELATED TO REAL ESTATE,,,,,False,False
89303026PET000035,"AMAZON WEB SERVICES, INC.",2026-09-02,360024.0,89303026PET000035,DC,WASHINGTON,20585,DISTRICT OF COLUMBIA,7A21,IT AND TELECOM - BUSINESS APPLICATION SOFTWARE (PERPETUAL LICENSE SOFTWARE),518210,"COMPUTING INFRASTRUCTURE PROVIDERS, DATA PROCESSING, WEB HOSTING, AND RELATED SERVICES",,,,,False,False
89503026FWA401097,"SERVITECH, INC.",2026-09-02,0.0,89503026FWA401097,TX,GEORGETOWN,78633,WILLIAMSON,6110,ELECTRICAL CONTROL EQUIPMENT,335313,SWITCHGEAR AND SWITCHBOARD APPARATUS MANUFACTURING,,,,,False,False
89233121FNA400365,MCLANE ADVANCED TECHNOLOGIES LLC,2026-09-02,0.0,89233121FNA400365,NM,ALBUQUERQUE,87185,BERNALILLO,DJ01,IT AND TELECOM - SECURITY AND COMPLIANCE SUPPORT SERVICES (LABOR),541519,OTHER COMPUTER RELATED SERVICES,,,,,False,False
89303023FSE000002,ACCENTURE FEDERAL SERVICES LLC,2026-09-02,0.0,89303023FSE000002,VA,ARLINGTON,22203,ARLINGTON,DA01,IT AND TELECOM - BUSINESS APPLICATION/APPLICATION DEVELOPMENT SUPPORT SERVICES (LABOR),541512,COMPUTER SYSTEMS DESIGN SERVICES,,,,,False,False
89603024F0002,ACCENTURE FEDERAL SERVICES LLC,2026-09-02,0.0,89603024F0002,DC,WASHINGTON,20426,DISTRICT OF COLUMBIA,DF01,IT AND TELECOM - IT MANAGEMENT SUPPORT SERVICES (LABOR),541512,COMPUTER SYSTEMS DESIGN SERVICES,,,,,False,False
89233126FNA000228,S C & A INC,2026-09-02,0.0,89233126FNA000228,VA,ARLINGTON,22201,ARLINGTON,B510,SPECIAL STUDIES/ANALYSIS- ENVIRONMENTAL ASSESSMENTS,541620,ENVIRONMENTAL CONSULTING SERVICES,,,,,False,False
89503426FWA401865,"COMPLETE CONCRETE, INC.",2026-09-02,117431.0,89503426FWA401865,ND,BISMARCK,58501,BURLEIGH,Z1PZ,MAINTENANCE OF OTHER NON-BUILDING FACILITIES,237130,POWER AND COMMUNICATION LINE AND RELATED STRUCTURES CONSTRUCTION,,,,,False,False
89603024F0075,DISTRIBUTED TECHNOLOGY GROUP LLC,2026-09-02,125848.93,89603024F0075,DC,WASHINGTON,20426,DISTRICT OF COLUMBIA,7A21,IT AND TELECOM - BUSINESS APPLICATION SOFTWARE (PERPETUAL LICENSE SOFTWARE),541519,OTHER COMPUTER RELATED SERVICES,,,,,False,False
89303021FCR000002,ACCENTURE FEDERAL SERVICES LLC,2026-09-02,-310715.04,89303021FCR000002,DC,WASHINGTON,20585,DISTRICT OF COLUMBIA,DA10,IT AND TELECOM - BUSINESS APPLICATION/APPLICATION DEVELOPMENT SOFTWARE AS A SERVICE,541512,COMPUTER SYSTEMS DESIGN SERVICES,,,,,False,False
89503126CWA000142,ECONOSMART PROPERTY SERVICES LLC,2026-09-02,0.0,89503126CWA000142,AZ,PHOENIX,85009,MARICOPA,Z2AA,REPAIR OR ALTERATION OF OFFICE BUILDINGS,236220,COMMERCIAL AND INSTITUTIONAL BUILDING CONSTRUCTION,,,,,False,False
89303024FIM000152,ACCENTURE FEDERAL SERVICES LLC,2026-09-02,172449.13,89303024FIM000152,DC,WASHINGTON,20585,DISTRICT OF COLUMBIA,DA01,IT AND TELECOM - BUSINESS APPLICATION/APPLICATION DEVELOPMENT SUPPORT SERVICES (LABOR),541512,COMPUTER SYSTEMS DESIGN SERVICES,,,,,False,False
89503426PWA002356,NASSAU ELECTRICAL SUPPLY CORP,2026-09-02,20314.8,89503426PWA002356,SD,PIERRE,57501,HUGHES,5975,ELECTRICAL HARDWARE AND SUPPLIES,332510,HARDWARE MANUFACTURING,,,,,False,False
89503122PWA000543,INVADER PEST MANAGEMENT INC,2026-09-02,375.0,89503122PWA000543,AZ,PHOENIX,85009,MARICOPA,S207,HOUSEKEEPING- INSECT/RODENT CONTROL,561710,EXTERMINATING AND PEST CONTROL SERVICES,,,,,False,False
89233122CNA000261,COUNTY OF AUGUSTA-RICHMOND,2026-09-02,171368.43,89233122CNA000261,GA,AUGUSTA,30906,RICHMOND,M1BD,OPERATION OF AIRPORT RUNWAYS AND TAXIWAYS,488119,OTHER AIRPORT OPERATIONS,,,,,False,False
89243423FEE000260,ACCENTURE FEDERAL SERVICES LLC,2026-09-02,0.0,89243423FEE000260,DC,WASHINGTON,20585,DISTRICT OF COLUMBIA,DA01,IT AND TELECOM - BUSINESS APPLICATION/APPLICATION DEVELOPMENT SUPPORT SERVICES (LABOR),541512,COMPUTER SYSTEMS DESIGN SERVICES,,,,,False,False
89303026FIM000188,ACCENTURE FEDERAL SERVICES LLC,2026-09-02,2284608.64,89303026FIM000188,DC,WASHINGTON,20585,DISTRICT OF COLUMBIA,DA01,IT AND TELECOM - BUSINESS APPLICATION/APPLICATION DEVELOPMENT SUPPORT SERVICES (LABOR),541512,COMPUTER SYSTEMS DESIGN SERVICES,,,,,False,False
89233126FNA400770,SIGMA SCIENCE INC,2026-09-02,0.0,89233126FNA400770,SC,AIKEN,29803,AIKEN,R499,SUPPORT- PROFESSIONAL: OTHER,541330,ENGINEERING SERVICES,,,,,False,False
89503026FWA401220,"RARESTEP, INC.",2026-09-02,30240.0,89503026FWA401220,AZ,PHOENIX,85009,MARICOPA,7A21,IT AND TELECOM - BUSINESS APPLICATION SOFTWARE (PERPETUAL LICENSE SOFTWARE),518210,"COMPUTING INFRASTRUCTURE PROVIDERS, DATA PROCESSING, WEB HOSTING, AND RELATED SERVICES",,,,,False,False
89503026FWA401218,"RARESTEP, INC.",2026-09-02,22950.0,89503026FWA401218,CA,FOLSOM,95630,SACRAMENTO,7A21,IT AND TELECOM - BUSINESS APPLICATION SOFTWARE (PERPETUAL LICENSE SOFTWARE),518210,"COMPUTING INFRASTRUCTURE PROVIDERS, DATA PROCESSING, WEB HOSTING, AND RELATED SERVICES",,,,,False,False
89233122PNA000166,TIERRA RIGHT OF WAY SERVICES LTD,2026-09-02,0.0,89233122PNA000166,MO,KANSAS CITY,64147,JACKSON,R402,SUPPORT- PROFESSIONAL: REAL ESTATE BROKERAGE,531210,OFFICES OF REAL ESTATE AGENTS AND BROKERS,,,,,False,False
89243226FNE400240,"AUGUST SCHELL ENTERPRISES, INC.",2026-09-02,29282.38,89243226FNE400240,ID,IDAHO FALLS,83402,BONNEVILLE,7J20,IT AND TELECOM - SECURITY AND COMPLIANCE PRODUCTS (HARDWARE AND PERPETUAL LICENSE SOFTWARE),541519,OTHER COMPUTER RELATED SERVICES,,,,,False,False
89303726FEM000082,COHNREZNICK LLP,2026-09-02,0.0,89303726FEM000082,SC,AIKEN,29803,AIKEN,R704,SUPPORT- MANAGEMENT: AUDITING,541211,OFFICES OF CERTIFIED PUBLIC ACCOUNTANTS,,,,,False,False
89303024CMA000111,ALEXTON INCORPORATED,2026-09-02,7200.0,89303024CMA000111,DC,WASHINGTON,20585,DISTRICT OF COLUMBIA,R699,SUPPORT- ADMINISTRATIVE: OTHER,561110,OFFICE ADMINISTRATIVE SERVICES,,,,,False,False
89503023FWA400796,"THUNDERCAT TECHNOLOGY, LLC",2026-09-02,0.0,89503023FWA400796,CO,DENVER,80228,JEFFERSON,7A20,IT AND TELECOM - APPLICATION DEVELOPMENT SOFTWARE (PERPETUAL LICENSE SOFTWARE),541519,OTHER COMPUTER RELATED SERVICES,,,,,False,False
89243221FEM400010,PROTECTION STRATEGIES INC,2026-09-02,650000.0,89243221FEM400010,CO,PLATTEVILLE,80651,WELD,R430,SUPPORT- PROFESSIONAL: PHYSICAL SECURITY AND BADGING,561612,SECURITY GUARDS AND PATROL SERVICES,,,,,False,False
89303026FET400040,DECK PRISM LLC,2026-09-02,539438.0,89303026FET400040,DC,WASHINGTON,20585,DISTRICT OF COLUMBIA,R499,SUPPORT- PROFESSIONAL: OTHER,541690,OTHER SCIENTIFIC AND TECHNICAL CONSULTING SERVICES,,,,,False,False
89303022PEI000089,"INTELLIGENCE PRESS, INC.",2026-09-02,53566.0,89303022PEI000089,DC,WASHINGTON,20585,DISTRICT OF COLUMBIA,7630,NEWSPAPERS AND PERIODICALS,519130,INTERNET PUBLISHING AND BROADCASTING AND WEB SEARCH PORTALS,,,,,False,False
89303026FOE000047,SIDEM LLC,2026-09-02,60000.0,89303026FOE000047,DC,WASHINGTON,20585,DISTRICT OF COLUMBIA,R499,SUPPORT- PROFESSIONAL: OTHER,561920,CONVENTION AND TRADE SHOW ORGANIZERS,,,,,False,False
89503425CWA000079,BRN GROUP LLC,2026-09-02,0.0,89503425CWA000079,SD,SIOUX FALLS,57110,MINNEHAHA,Z1EB,MAINTENANCE OF MAINTENANCE BUILDINGS,238160,ROOFING CONTRACTORS,,,,,False,False
89503425CWA000081,ADDISON CONSTRUCTION CO,2026-09-02,0.0,89503425CWA000081,SD,SIOUX FALLS,57104,MINNEHAHA,Y1PZ,CONSTRUCTION OF OTHER NON-BUILDING FACILITIES,237130,POWER AND COMMUNICATION LINE AND RELATED STRUCTURES CONSTRUCTION,,,,,False,False
89503425PWA002117,NEXUS POWER SOLUTIONS LLC,2026-09-02,0.0,89503425PWA002117,UT,SOUTH SALT LAKE,84115,SALT LAKE,R425,SUPPORT- PROFESSIONAL: ENGINEERING/TECHNICAL,541330,ENGINEERING SERVICES,,,,,False,False
89503019CWA000004,E FLOW ELECTRIC INC,2026-09-02,0.0,89503019CWA000004,TX,HELOTES,78023,BEXAR,5925,CIRCUIT BREAKERS,335313,SWITCHGEAR AND SWITCHBOARD APPARATUS MANUFACTURING,,,,,False,False
89303021FIM400049,VERIZON BUSINESS NETWORK SERVICES LLC,2026-09-02,279022.12,89303021FIM400049,DC,WASHINGTON,20585,DISTRICT OF COLUMBIA,DA01,IT AND TELECOM - BUSINESS APPLICATION/APPLICATION DEVELOPMENT SUPPORT SERVICES (LABOR),517110,WIRED TELECOMMUNICATIONS CARRIERS,,,,,False,False
89503422PWA001274,"BYER, MARILYN",2026-09-02,-63348.31,89503422PWA001274,SD,WATERTOWN,57201,CODINGTON,S201,HOUSEKEEPING- CUSTODIAL JANITORIAL,561720,JANITORIAL SERVICES,,,,,False,False
89503426FWA401881,"MIDWAY TRAILERS, INC.",2026-09-02,51766.36,89503426FWA401881,MO,BENTON,63736,SCOTT,2330,TRAILERS,336212,TRUCK TRAILER MANUFACTURING,,,,,False,False
89243318CFE000003,"LEIDOS, INC.",2026-09-02,4601090.0,89243318CFE000003,WV,MORGANTOWN,26507,MONONGALIA,R425,SUPPORT- PROFESSIONAL: ENGINEERING/TECHNICAL,541715,"RESEARCH AND DEVELOPMENT IN THE PHYSICAL, ENGINEERING, AND LIFE SCIENCES (EXCEPT NANOTECHNOLOGY AND BIOTECHNOLOGY)",,,,,False,False
DENA0001942,"CONSOLIDATED NUCLEAR SECURITY, LLC",2026-09-02,0.0,DENA0001942,TN,OAK RIDGE,37830,ANDERSON,M1JZ,OPERATION OF MISCELLANEOUS BUILDINGS,561210,FACILITIES SUPPORT SERVICES,,,,,False,False
89503426PWA002209,NORTHERN CRANE & RAIL SERVICES LLC,2026-09-02,0.0,89503426PWA002209,ND,BISMARCK,58501,BURLEIGH,J024,MAINT/REPAIR/REBUILD OF EQUIPMENT- TRACTORS,811310,COMMERCIAL AND INDUSTRIAL MACHINERY AND EQUIPMENT (EXCEPT AUTOMOTIVE AND ELECTRONIC) REPAIR AND MAINTENANCE,,,,,False,False
89233218CNA000001,"TRIAD NATIONAL SECURITY, LLC",2026-09-01,0.0,89233218CNA000001,NM,LOS ALAMOS,87545,LOS ALAMOS,M1JZ,OPERATION OF MISCELLANEOUS BUILDINGS,561210,FACILITIES SUPPORT SERVICES,,,,,False,False
89503126PWA000935,REINHAUSEN INC.,2026-09-01,549280.37,89503126PWA000935,AZ,PARKER,85344,LA PAZ,6120,TRANSFORMERS: DISTRIBUTION AND POWER STATION,335311,"POWER, DISTRIBUTION, AND SPECIALTY TRANSFORMER MANUFACTURING",,,,,False,False
89603026P0011,POWERWORLD CORP,2026-09-01,36344.0,89603026P0011,DC,WASHINGTON,20426,DISTRICT OF COLUMBIA,7A21,IT AND TELECOM - BUSINESS APPLICATION SOFTWARE (PERPETUAL LICENSE SOFTWARE),513210,SOFTWARE PUBLISHERS,,,,,False,False
89503224FWA400564,CHLOETA HOLDINGS LLC,2026-09-01,0.0,89503224FWA400564,OK,OKLAHOMA CITY,73114,OKLAHOMA,R799,SUPPORT- MANAGEMENT: OTHER,562910,REMEDIATION SERVICES,,,,,False,False
89503626FSW400398,DYNAMIC SYSTEMS INC,2026-09-01,0.0,89503626FSW400398,OK,TULSA,74103,TULSA,7A21,IT AND TELECOM - BUSINESS APPLICATION SOFTWARE (PERPETUAL LICENSE SOFTWARE),541519,OTHER COMPUTER RELATED SERVICES,,,,,False,False
89603026F0022,"IMPRES TECHNOLOGY SOLUTIONS, INC",2026-09-01,48963.78,89603026F0022,DC,WASHINGTON,20426,DISTRICT OF COLUMBIA,7A21,IT AND TELECOM - BUSINESS APPLICATION SOFTWARE (PERPETUAL LICENSE SOFTWARE),541519,OTHER COMPUTER RELATED SERVICES,,,,,False,False
89233126FNA400821,"ATLANTIC DIVING SUPPLY, INC.",2026-09-01,152246.25,89233126FNA400821,VA,VIRGINIA BEACH,23452,VIRGINIA BEACH CITY,8405,"OUTERWEAR, MEN'S",315990,APPAREL ACCESSORIES AND OTHER APPAREL MANUFACTURING,,,,,False,False
89303024PEI000111,ZEN INNOVATIONS AG,2026-09-01,39195.1,89303024PEI000111,DC,WASHINGTON,20585,DISTRICT OF COLUMBIA,R702,SUPPORT- MANAGEMENT: DATA COLLECTION,518210,"COMPUTING INFRASTRUCTURE PROVIDERS, DATA PROCESSING, WEB HOSTING, AND RELATED SERVICES",,,,,False,False
89303019FMA400210,"MOCA SYSTEMS, INC",2026-09-01,-77954.1,89303019FMA400210,DC,WASHINGTON,20585,DISTRICT OF COLUMBIA,R499,SUPPORT- PROFESSIONAL: OTHER,541611,ADMINISTRATIVE MANAGEMENT AND GENERAL MANAGEMENT CONSULTING SERVICES,,,,,False,False
89503226CWA000134,MAYOINTHEMIX LLC,2026-09-01,45763.76,89503226CWA000134,CO,LOVELAND,80538,LARIMER,Z2AZ,REPAIR OR ALTERATION OF OTHER ADMINISTRATIVE FACILITIES AND SERVICE BUILDINGS,238290,OTHER BUILDING EQUIPMENT CONTRACTORS,,,,,False,False
89233124FNA400602,CARAHSOFT TECHNOLOGY CORP,2026-09-01,2200000.0,89233124FNA400602,DC,WASHINGTON,20585,DISTRICT OF COLUMBIA,7A20,IT AND TELECOM - APPLICATION DEVELOPMENT SOFTWARE (PERPETUAL LICENSE SOFTWARE),541519,OTHER COMPUTER RELATED SERVICES,,,,,False,False
DENA0003624,MISSION SUPPORT & TEST SERVICES LLC,2026-09-01,0.0,DENA0003624,NV,LAS VEGAS,89193,CLARK,M1JZ,OPERATION OF MISCELLANEOUS BUILDINGS,561210,FACILITIES SUPPORT SERVICES,,,,,False,False
89303021FIM400053,MANHATTAN TELECOMMUNICATIONS CORPORATION LLC,2026-09-01,0.0,89303021FIM400053,DC,WASHINGTON,20585,DISTRICT OF COLUMBIA,DA01,IT AND TELECOM - BUSINESS APPLICATION/APPLICATION DEVELOPMENT SUPPORT SERVICES (LABOR),517110,WIRED TELECOMMUNICATIONS CARRIERS,,,,,False,False
89243125FSC400823,"GOVPLACE, LLC",2026-09-01,339671.04,89243125FSC400823,TN,OAK RIDGE,37830,ANDERSON,DB10,IT AND TELECOM - COMPUTE AS A SERVICE: MAINFRAME/SERVERS,541519,OTHER COMPUTER RELATED SERVICES,,,,,False,False
89303019FET400014,"MAXIMUS FEDERAL TECHNOLOGY SOLUTIONS, LLC",2026-09-01,-260563.35,89303019FET400014,DC,WASHINGTON,20585,DISTRICT OF COLUMBIA,7035,INFORMATION TECHNOLOGY SUPPORT EQUIPMENT,541511,CUSTOM COMPUTER PROGRAMMING SERVICES,,,,,False,False
89233126FNA400765,"SYSTEMS PLANNING AND ANALYSIS, INC.",2026-09-01,46000.0,89233126FNA400765,VA,ALEXANDRIA,22311,ALEXANDRIA CITY,R425,SUPPORT- PROFESSIONAL: ENGINEERING/TECHNICAL,541330,ENGINEERING SERVICES,,,,,False,False
89233122FNA400419,INTUITIVE INFORMATION SYSTEMS TECHNOLOGIES LLC,2026-09-01,333082.31,89233122FNA400419,DC,WASHINGTON,20585,DISTRICT OF COLUMBIA,R617,SUPPORT - ADMINISTRATIVE: ELECTRONIC RECORDS MANAGEMENT SERVICES,541512,COMPUTER SYSTEMS DESIGN SERVICES,,,,,False,False
89233122FNA400419,INTUITIVE INFORMATION SYSTEMS TECHNOLOGIES LLC,2026-09-01,49766.5,89233122FNA400419,DC,WASHINGTON,20585,DISTRICT OF COLUMBIA,R617,SUPPORT - ADMINISTRATIVE: ELECTRONIC RECORDS MANAGEMENT SERVICES,541512,COMPUTER SYSTEMS DESIGN SERVICES,,,,,False,False
89243326PFE001006,"NEW ENGLAND RESEARCH, INC.",2026-09-01,173150.0,89243326PFE001006,VT,WHITE RIVER JUNCTION,05001,WINDSOR,6640,LABORATORY EQUIPMENT AND SUPPLIES,334516,ANALYTICAL LABORATORY INSTRUMENT MANUFACTURING,,,,,False,False
89503424PWA001950,"ROYAL MEDIA NETWORK, INC.",2026-09-01,0.0,89503424PWA001950,MD,WINDSOR MILL,21244,BALTIMORE,2510,"VEHICULAR CAB, BODY, AND FRAME STRUCTURAL COMPONENTS",336211,MOTOR VEHICLE BODY MANUFACTURING,,,,,False,False
89503426PWA002364,GASQUIP LLC,2026-09-01,95999.97,89503426PWA002364,TX,COLLEGE STATION,77845,BRAZOS,6630,CHEMICAL ANALYSIS INSTRUMENTS,334513,"INSTRUMENTS AND RELATED PRODUCTS MANUFACTURING FOR MEASURING, DISPLAYING, AND CONTROLLING INDUSTRIAL PROCESS VARIABLES",,,,,False,False
89303926FEM000389,"BOOTH MANAGEMENT CONSULTING, LLC",2026-09-01,0.0,89303926FEM000389,WA,RICHLAND,99354,BENTON,R699,SUPPORT- ADMINISTRATIVE: OTHER,541611,ADMINISTRATIVE MANAGEMENT AND GENERAL MANAGEMENT CONSULTING SERVICES,,,,,False,False
89303325FEM400438,TUKNIK GOVERNMENT SERVICES LLC,2026-09-01,-105452.57,89303325FEM400438,OH,CINCINNATI,45202,HAMILTON,R426,SUPPORT- PROFESSIONAL: COMMUNICATIONS,541519,OTHER COMPUTER RELATED SERVICES,,,,,False,False
89243425FEE000492,ENERGY TECHNOLOGY ALLIANCE LLC,2026-09-01,-370123.6,89243425FEE000492,OR,BEND,97703,DESCHUTES,R425,SUPPORT- PROFESSIONAL: ENGINEERING/TECHNICAL,562910,REMEDIATION SERVICES,,,,,False,False
89303925FEM000354,SALMON GROUP INC,2026-09-01,0.0,89303925FEM000354,WA,RICHLAND,99354,BENTON,R699,SUPPORT- ADMINISTRATIVE: OTHER,541519,OTHER COMPUTER RELATED SERVICES,,,,,False,False
89303024FMA400753,WITS SOLUTIONS INC.,2026-09-01,409455.71,89303024FMA400753,VA,ASHBURN,20147,LOUDOUN,R408,SUPPORT- PROFESSIONAL: PROGRAM MANAGEMENT/SUPPORT,541330,ENGINEERING SERVICES,,,,,False,False
89303126FEM400505,"V3GATE, LLC",2026-09-01,33480.0,89303126FEM400505,KY,LEXINGTON,40513,FAYETTE,7A21,IT AND TELECOM - BUSINESS APPLICATION SOFTWARE (PERPETUAL LICENSE SOFTWARE),541519,OTHER COMPUTER RELATED SERVICES,,,,,False,False
89503426FWA401879,HUGHES BROTHERS INC,2026-09-01,330364.88,89503426FWA401879,SD,RAPID CITY,57701,PENNINGTON,5510,LUMBER AND RELATED BASIC WOOD MATERIALS,321215,ENGINEERED WOOD MEMBER MANUFACTURING,,,,,False,False
89303321CEM000080,"BATTELLE SAVANNAH RIVER ALLIANCE, LLC",2026-09-01,0.0,89303321CEM000080,SC,AIKEN,29803,AIKEN,AJ12,GENERAL SCIENCE AND TECHNOLOGY R&D SERVICES; GENERAL SCIENCE AND TECHNOLOGY; APPLIED RESEARCH,541715,"RESEARCH AND DEVELOPMENT IN THE PHYSICAL, ENGINEERING, AND LIFE SCIENCES (EXCEPT NANOTECHNOLOGY AND BIOTECHNOLOGY)",,,,,False,False
89303320CEM000075,HANFORD LABORATORY MANAGEMENT AND INTEGRATION LLC,2026-09-01,13598153.83,89303320CEM000075,WA,RICHLAND,99352,BENTON,F999,OTHER ENVIRONMENTAL SERVICES,562910,REMEDIATION SERVICES,,,,,False,False
89243518CFE000004,SUNOCO PARTNERS MARKETING & TERMINALS L.P.,2026-09-01,850000.0,89243518CFE000004,TX,NEDERLAND,77627,JEFFERSON,V119,TRANSPORTATION/TRAVEL/RELOCATION- TRANSPORTATION: OTHER,488320,MARINE CARGO HANDLING,,,,,False,False
89303024CMA000102,ALEXTON INCORPORATED,2026-09-01,70000.0,89303024CMA000102,DC,WASHINGTON,20585,DISTRICT OF COLUMBIA,R499,SUPPORT- PROFESSIONAL: OTHER,561410,DOCUMENT PREPARATION SERVICES,,,,,False,False
89233123FNA000132,PARSONS GOVERNMENT SERVICES INC.,2026-09-01,0.0,89233123FNA000132,VA,CENTREVILLE,20120,FAIRFAX,R425,SUPPORT- PROFESSIONAL: ENGINEERING/TECHNICAL,541330,ENGINEERING SERVICES,,,,,False,False
89303021FIM400054,"GRANITE TELECOMMUNICATIONS, LLC",2026-09-01,0.0,89303021FIM400054,DC,WASHINGTON,20585,DISTRICT OF COLUMBIA,DA01,IT AND TELECOM - BUSINESS APPLICATION/APPLICATION DEVELOPMENT SUPPORT SERVICES (LABOR),517110,WIRED TELECOMMUNICATIONS CARRIERS,,,,,False,False
89303326FEM400489,RSI SERVICES LLC,2026-09-01,900216.37,89303326FEM400489,PA,WEST MIFFLIN,15122,ALLEGHENY,F108,ENVIRONMENTAL SYSTEMS PROTECTION- ENVIRONMENTAL REMEDIATION,562910,REMEDIATION SERVICES,,,,,False,False
89304223FEM400000,IDAHO ENVIRONMENTAL COALITION LLC,2026-09-01,0.0,89304223FEM400000,ID,IDAHO FALLS,83402,BONNEVILLE,F999,OTHER ENVIRONMENTAL SERVICES,562910,REMEDIATION SERVICES,,,,,False,False
89303026PAU000054,"ADVANCED COMPUTER CONCEPTS, INC.",2026-09-01,37343.5,89303026PAU000054,VA,MCLEAN,22102,FAIRFAX,5820,"RADIO AND TELEVISION COMMUNICATION EQUIPMENT, EXCEPT AIRBORNE",541519,OTHER COMPUTER RELATED SERVICES,,,,,False,False
89243326PFE000986,49CHESTNUT LLC,2026-09-01,23786.0,89243326PFE000986,WV,MORGANTOWN,26505,MONONGALIA,6640,LABORATORY EQUIPMENT AND SUPPLIES,423690,OTHER ELECTRONIC PARTS AND EQUIPMENT MERCHANT WHOLESALERS,,,,,False,False
89503626FSW400399,"STANDARD-BLAZAR, LLC",2026-09-01,34548.0,89503626FSW400399,OK,TULSA,74103,TULSA,7J20,IT AND TELECOM - SECURITY AND COMPLIANCE PRODUCTS (HARDWARE AND PERPETUAL LICENSE SOFTWARE),541519,OTHER COMPUTER RELATED SERVICES,,,,,False,False
89503425PWA002085,UNITED SALES ASSOC INC,2026-09-01,0.0,89503425PWA002085,OR,LAKE OSWEGO,97035,CLACKAMAS,6160,"MISCELLANEOUS BATTERY RETAINING FIXTURES, LINERS AND ANCILLARY ITEMS",335910,BATTERY MANUFACTURING,,,,,False,False
89243126CSC000207,"CHICKASAW SERVICE SOLUTIONS, LLC",2026-09-01,0.0,89243126CSC000207,OK,NORMAN,73071,CLEVELAND,J063,"MAINT/REPAIR/REBUILD OF EQUIPMENT- ALARM, SIGNAL, AND SECURITY DETECTION SYSTEMS",561621,SECURITY SYSTEMS SERVICES (EXCEPT LOCKSMITHS),,,,,False,False
89243124CSC000173,"L3HARRIS TECHNOLOGIES, INC.",2026-08-31,300.16,89243124CSC000173,TN,OAK RIDGE,37830,ANDERSON,J059,MAINT/REPAIR/REBUILD OF EQUIPMENT- ELECTRICAL AND ELECTRONIC EQUIPMENT COMPONENTS,811210,ELECTRONIC AND PRECISION EQUIPMENT REPAIR AND MAINTENANCE,,,,,False,False
DEAC0908SR22470,SAVANNAH RIVER NUCLEAR SOLUTIONS LLC,2026-08-31,30060794.26,DEAC0908SR22470,SC,AIKEN,29803,AIKEN,M159,OPER OF GOVT OTHER INDUSTRIAL BLDG,561210,FACILITIES SUPPORT SERVICES,,,,,False,False
89233018CNR000004,"FLUOR MARINE PROPULSION, LLC",2026-08-31,4885000.0,89233018CNR000004,PA,WEST MIFFLIN,15122,ALLEGHENY,M1HA,OPERATION OF GOVERNMENT-OWNED CONTRACTOR-OPERATED (GOCO) R&D FACILITIES,541715,"RESEARCH AND DEVELOPMENT IN THE PHYSICAL, ENGINEERING, AND LIFE SCIENCES (EXCEPT NANOTECHNOLOGY AND BIOTECHNOLOGY)",,,,,False,False
89303926FEM000411,ABT GLOBAL LLC,2026-08-31,1561298.98,89303926FEM000411,WA,RICHLAND,99354,BENTON,R425,SUPPORT- PROFESSIONAL: ENGINEERING/TECHNICAL,541611,ADMINISTRATIVE MANAGEMENT AND GENERAL MANAGEMENT CONSULTING SERVICES,,,,,False,False
DEAC0908SR22470,SAVANNAH RIVER NUCLEAR SOLUTIONS LLC,2026-08-31,0.0,DEAC0908SR22470,SC,AIKEN,29803,AIKEN,M159,OPER OF GOVT OTHER INDUSTRIAL BLDG,561210,FACILITIES SUPPORT SERVICES,,,,,False,False
89233218CNA000001,"TRIAD NATIONAL SECURITY, LLC",2026-08-31,24551315.38,89233218CNA000001,NM,LOS ALAMOS,87545,LOS ALAMOS,M1JZ,OPERATION OF MISCELLANEOUS BUILDINGS,561210,FACILITIES SUPPORT SERVICES,,,,,False,False
89233218CNA000001,"TRIAD NATIONAL SECURITY, LLC",2026-08-31,30306017.09,89233218CNA000001,NM,LOS ALAMOS,87545,LOS ALAMOS,M1JZ,OPERATION OF MISCELLANEOUS BUILDINGS,561210,FACILITIES SUPPORT SERVICES,,,,,False,False
89503426PWA002360,SALTER COREY,2026-08-31,23777.0,89503426PWA002360,SD,ELKTON,57026,BROOKINGS,5650,ROOFING AND SIDING MATERIALS,238160,ROOFING CONTRACTORS,,,,,False,False
89243323CFE000082,PEOPLES NATURAL GAS COMPANY LLC,2026-08-31,297644.0,89243323CFE000082,PA,PITTSBURGH,15236,ALLEGHENY,S111,UTILITIES- GAS,221210,NATURAL GAS DISTRIBUTION,,,,,False,False
89243121CSC000084,RED HERITAGE MEDIA LLC,2026-08-31,0.0,89243121CSC000084,TN,OAK RIDGE,37831,ANDERSON,J063,"MAINT/REPAIR/REBUILD OF EQUIPMENT- ALARM, SIGNAL, AND SECURITY DETECTION SYSTEMS",811213,COMMUNICATION EQUIPMENT REPAIR AND MAINTENANCE,,,,,False,False
89233126FNA400813,"ATLANTIC DIVING SUPPLY, INC.",2026-08-31,0.0,89233126FNA400813,VA,VIRGINIA BEACH,23452,VIRGINIA BEACH CITY,8405,"OUTERWEAR, MEN'S",315990,APPAREL ACCESSORIES AND OTHER APPAREL MANUFACTURING,,,,,False,False
89233126FNA400820,"ATLANTIC DIVING SUPPLY, INC.",2026-08-31,555396.44,89233126FNA400820,VA,VIRGINIA BEACH,23452,VIRGINIA BEACH CITY,8405,"OUTERWEAR, MEN'S",315990,APPAREL ACCESSORIES AND OTHER APPAREL MANUFACTURING,,,,,False,False
89503626FSW400398,DYNAMIC SYSTEMS INC,2026-08-31,37026.61,89503626FSW400398,OK,TULSA,74103,TULSA,7A21,IT AND TELECOM - BUSINESS APPLICATION SOFTWARE (PERPETUAL LICENSE SOFTWARE),541519,OTHER COMPUTER RELATED SERVICES,,,,,False,False
89233123CNA000325,QAYAQ GOVERNMENT SOLUTIONS LLC,2026-08-31,0.0,89233123CNA000325,TX,AMARILLO,79120,POTTER,C1NZ,ARCHITECT AND ENGINEERING- CONSTRUCTION: OTHER UTILITIES,237990,OTHER HEAVY AND CIVIL ENGINEERING CONSTRUCTION,,,,,False,False
89233224CNA000004,"PANTEXAS DETERRENCE, LLC",2026-08-31,-131039.6,89233224CNA000004,TX,AMARILLO,79120,POTTER,M1JZ,OPERATION OF MISCELLANEOUS BUILDINGS,561210,FACILITIES SUPPORT SERVICES,,,,,False,False
89233126CNA000437,KASTEL ENTERPRISES MK LLC,2026-08-31,135444.66,89233126CNA000437,NM,LOS ALAMOS,87544,LOS ALAMOS,R699,SUPPORT- ADMINISTRATIVE: OTHER,561110,OFFICE ADMINISTRATIVE SERVICES,,,,,False,False
89233224CNA000004,"PANTEXAS DETERRENCE, LLC",2026-08-31,27905682.65,89233224CNA000004,TX,AMARILLO,79120,POTTER,M1JZ,OPERATION OF MISCELLANEOUS BUILDINGS,561210,FACILITIES SUPPORT SERVICES,,,,,False,False
89233126FNA400811,"ENVIRONMENTAL SYSTEMS RESEARCH INSTITUTE, INC.",2026-08-31,0.0,89233126FNA400811,DC,WASHINGTON,20585,DISTRICT OF COLUMBIA,R499,SUPPORT- PROFESSIONAL: OTHER,511210,SOFTWARE PUBLISHERS,,,,,False,False
89233126PNA000219,STREET LEGAL INDUSTRIES LLC,2026-08-31,74319.39,89233126PNA000219,NM,KIRTLAND AFB,87117,BERNALILLO,S205,HOUSEKEEPING- TRASH/GARBAGE COLLECTION,562111,SOLID WASTE COLLECTION,,,,,False,False
DEAC0504OR22860,"ISOTEK SYSTEMS, LLC",2026-08-31,12000000.0,DEAC0504OR22860,TN,OAK RIDGE,37830,ANDERSON,Z235,MAINT-REP-ALT/EPG - NUCLEAR,561990,ALL OTHER SUPPORT SERVICES,,,,,False,False
DENA0003624,MISSION SUPPORT & TEST SERVICES LLC,2026-08-31,0.0,DENA0003624,NV,LAS VEGAS,89193,CLARK,M1JZ,OPERATION OF MISCELLANEOUS BUILDINGS,561210,FACILITIES SUPPORT SERVICES,,,,,False,False
89243324FFE400598,"HOPE GAS, INC.",2026-08-31,280000.0,89243324FFE400598,WV,MORGANTOWN,26505,MONONGALIA,S111,UTILITIES- GAS,221122,ELECTRIC POWER DISTRIBUTION,,,,,False,False
89243423FEE000249,ACCENTURE FEDERAL SERVICES LLC,2026-08-31,0.0,89243423FEE000249,DC,WASHINGTON,20585,DISTRICT OF COLUMBIA,DA01,IT AND TELECOM - BUSINESS APPLICATION/APPLICATION DEVELOPMENT SUPPORT SERVICES (LABOR),541512,COMPUTER SYSTEMS DESIGN SERVICES,,,,,False,False
89243426FEE000580,ACCENTURE FEDERAL SERVICES LLC,2026-08-31,0.0,89243426FEE000580,DC,WASHINGTON,20585,DISTRICT OF COLUMBIA,DA01,IT AND TELECOM - BUSINESS APPLICATION/APPLICATION DEVELOPMENT SUPPORT SERVICES (LABOR),541512,COMPUTER SYSTEMS DESIGN SERVICES,,,,,False,False
89303025FIM000170,ACCENTURE FEDERAL SERVICES LLC,2026-08-31,93727.34,89303025FIM000170,DC,WASHINGTON,20585,DISTRICT OF COLUMBIA,DA01,IT AND TELECOM - BUSINESS APPLICATION/APPLICATION DEVELOPMENT SUPPORT SERVICES (LABOR),541512,COMPUTER SYSTEMS DESIGN SERVICES,,,,,False,False
89503226PWA000647,BEAR COMMUNICATIONS INC,2026-08-31,97500.0,89503226PWA000647,CO,LOVELAND,80538,LARIMER,J025,MAINT/REPAIR/REBUILD OF EQUIPMENT- VEHICULAR EQUIPMENT COMPONENTS,517121,TELECOMMUNICATIONS RESELLERS,,,,,False,False
89303026FIM000203,ACCENTURE FEDERAL SERVICES LLC,2026-08-31,1050000.0,89303026FIM000203,DC,WASHINGTON,20585,DISTRICT OF COLUMBIA,DA01,IT AND TELECOM - BUSINESS APPLICATION/APPLICATION DEVELOPMENT SUPPORT SERVICES (LABOR),541512,COMPUTER SYSTEMS DESIGN SERVICES,,,,,False,False
89303026FIM000203,ACCENTURE FEDERAL SERVICES LLC,2026-08-31,0.0,89303026FIM000203,DC,WASHINGTON,20585,DISTRICT OF COLUMBIA,DA01,IT AND TELECOM - BUSINESS APPLICATION/APPLICATION DEVELOPMENT SUPPORT SERVICES (LABOR),541512,COMPUTER SYSTEMS DESIGN SERVICES,,,,,False,False
89303125FEM400428,SOUTHERN OHIO CLEANUP COMPANY LLC,2026-08-31,0.0,89303125FEM400428,OH,PIKETON,45661,PIKE,F999,OTHER ENVIRONMENTAL SERVICES,562910,REMEDIATION SERVICES,,,,,False,False
89243326PFE000993,LITHOS INDUSTRIES INC.,2026-08-31,739452.8,89243326PFE000993,OR,ALBANY,97321,LINN,6640,LABORATORY EQUIPMENT AND SUPPLIES,334516,ANALYTICAL LABORATORY INSTRUMENT MANUFACTURING,,,,,False,False
89303023FMA000497,THE BUILDING PEOPLE LLC,2026-08-31,66165.56,89303023FMA000497,DC,WASHINGTON,20585,DISTRICT OF COLUMBIA,R699,SUPPORT- ADMINISTRATIVE: OTHER,541611,ADMINISTRATIVE MANAGEMENT AND GENERAL MANAGEMENT CONSULTING SERVICES,,,,,False,False
DEAC0500OR22777,CITY OF OAK RIDGE,2026-08-31,0.0,DEAC0500OR22777,TN,OAK RIDGE,37831,ANDERSON,S114,UTILITIES- WATER,221310,WATER SUPPLY AND IRRIGATION SYSTEMS,,,,,False,False
89303326FEM000043,COHNREZNICK LLP,2026-08-31,140000.0,89303326FEM000043,MD,BETHESDA,20814,MONTGOMERY,R704,SUPPORT- MANAGEMENT: AUDITING,541211,OFFICES OF CERTIFIED PUBLIC ACCOUNTANTS,,,,,False,False
89503425PWA002140,MARY HELEN PARKEY,2026-08-31,0.0,89503425PWA002140,MT,BILLINGS,59107,YELLOWSTONE,5910,CAPACITORS,335999,ALL OTHER MISCELLANEOUS ELECTRICAL EQUIPMENT AND COMPONENT MANUFACTURING,,,,,False,False
89243122FSC400412,"EDGEWATER FEDERAL SOLUTIONS, INC.",2026-08-31,0.0,89243122FSC400412,TN,OAK RIDGE,37830,ANDERSON,R499,SUPPORT- PROFESSIONAL: OTHER,541330,ENGINEERING SERVICES,,,,,False,False
89503226FWA000225,"V3GATE, LLC",2026-08-31,99000.0,89503226FWA000225,CO,COLORADO SPRINGS,80921,EL PASO,7A21,IT AND TELECOM - BUSINESS APPLICATION SOFTWARE (PERPETUAL LICENSE SOFTWARE),541519,OTHER COMPUTER RELATED SERVICES,,,,,False,False
89303326FEM400480,S & K LOGISTICS SERVICES LLC,2026-08-31,0.0,89303326FEM400480,SC,AIKEN,29802,AIKEN,R699,SUPPORT- ADMINISTRATIVE: OTHER,561210,FACILITIES SUPPORT SERVICES,,,,,False,False
DEAC0205CH11231,THE REGENTS OF THE UNIVERSITY OF CALIFORNIA,2026-08-31,4615000.0,DEAC0205CH11231,CA,BERKELEY,94720,ALAMEDA,M181,OPER OF GOVT R&D GOCO FACILITIES,541710,"RESEARCH AND DEVELOPMENT IN THE PHYSICAL, ENGINEERING, AND LIFE SCIENCES",,,,,False,False
89303019FMA400212,TECHNOMICS INC,2026-08-31,-386431.03,89303019FMA400212,DC,WASHINGTON,20585,DISTRICT OF COLUMBIA,R499,SUPPORT- PROFESSIONAL: OTHER,541330,ENGINEERING SERVICES,,,,,False,False
89303025COP000004,BLOOMBERG FINANCE LP,2026-08-31,78600.0,89303025COP000004,DC,WASHINGTON,20585,DISTRICT OF COLUMBIA,DA10,IT AND TELECOM - BUSINESS APPLICATION/APPLICATION DEVELOPMENT SOFTWARE AS A SERVICE,519290,WEB SEARCH PORTALS AND ALL OTHER INFORMATION SERVICES,,,,,False,False
89233126CNA000436,INCORPORATED COUNTY OF LOS ALAMOS,2026-08-31,0.0,89233126CNA000436,NM,LOS ALAMOS,87545,LOS ALAMOS,S112,UTILITIES- ELECTRIC,221111,HYDROELECTRIC POWER GENERATION,,,,,False,False
89303021FIM400058,VERIZON BUSINESS NETWORK SERVICES LLC,2026-08-31,23033.0,89303021FIM400058,DC,WASHINGTON,20585,DISTRICT OF COLUMBIA,DA01,IT AND TELECOM - BUSINESS APPLICATION/APPLICATION DEVELOPMENT SUPPORT SERVICES (LABOR),517110,WIRED TELECOMMUNICATIONS CARRIERS,,,,,False,False
89303325CEM000140,CATAWBA TEAPEC LLC,2026-08-31,150000.0,89303325CEM000140,SC,ROCK HILL,29730,YORK,F999,OTHER ENVIRONMENTAL SERVICES,562910,REMEDIATION SERVICES,,,,,False,False
89303021FIM400049,VERIZON BUSINESS NETWORK SERVICES LLC,2026-08-31,0.0,89303021FIM400049,DC,WASHINGTON,20585,DISTRICT OF COLUMBIA,DA01,IT AND TELECOM - BUSINESS APPLICATION/APPLICATION DEVELOPMENT SUPPORT SERVICES (LABOR),517110,WIRED TELECOMMUNICATIONS CARRIERS,,,,,False,False
DEDT0014004,SIKICH FEDERAL INC.,2026-08-31,-328920.95,DEDT0014004,WV,MORGANTOWN,26507,MONONGALIA,7030,INFORMATION TECHNOLOGY SOFTWARE,541512,COMPUTER SYSTEMS DESIGN SERVICES,,,,,False,False
89303022FCF400032,UNISON SOFTWARE INC,2026-08-31,1136761.09,89303022FCF400032,DC,WASHINGTON,20585,DISTRICT OF COLUMBIA,7A21,IT AND TELECOM - BUSINESS APPLICATION SOFTWARE (PERPETUAL LICENSE SOFTWARE),511210,SOFTWARE PUBLISHERS,,,,,False,False
89233126FNA400772,U.S. BANK NATIONAL ASSOCIATION,2026-08-31,9633.43,89233126FNA400772,MN,MINNEAPOLIS,55402,HENNEPIN,R711,SUPPORT- MANAGEMENT: BANKING,522110,COMMERCIAL BANKING,,,,,False,False
DEAC0276SF00515,THE LELAND STANFORD JUNIOR UNIVERSITY,2026-08-31,0.0,DEAC0276SF00515,CA,MENLO PARK,94025,SAN MATEO,M181,OPER OF GOVT R&D GOCO FACILITIES,541710,"RESEARCH AND DEVELOPMENT IN THE PHYSICAL, ENGINEERING, AND LIFE SCIENCES",,,,,False,False
89243318CFE000003,"LEIDOS, INC.",2026-08-31,6991900.0,89243318CFE000003,WV,MORGANTOWN,26507,MONONGALIA,R425,SUPPORT- PROFESSIONAL: ENGINEERING/TECHNICAL,541715,"RESEARCH AND DEVELOPMENT IN THE PHYSICAL, ENGINEERING, AND LIFE SCIENCES (EXCEPT NANOTECHNOLOGY AND BIOTECHNOLOGY)",,,,,False,False
89233119FNA400238,PROJECT ENHANCEMENT CORPORATION,2026-08-31,0.0,89233119FNA400238,AR,BARLING,72923,SEBASTIAN,U008,EDUCATION/TRAINING- TRAINING/CURRICULUM DEVELOPMENT,541620,ENVIRONMENTAL CONSULTING SERVICES,,,,,False,False
89243126CSC000207,"CHICKASAW SERVICE SOLUTIONS, LLC",2026-08-31,0.0,89243126CSC000207,OK,NORMAN,73071,CLEVELAND,J063,"MAINT/REPAIR/REBUILD OF EQUIPMENT- ALARM, SIGNAL, AND SECURITY DETECTION SYSTEMS",561621,SECURITY SYSTEMS SERVICES (EXCEPT LOCKSMITHS),,,,,False,False
89503223FWA400422,G & RK CONSULTING ASSOCIATES LLC,2026-08-30,1036.36,89503223FWA400422,CO,LITTLETON,80120,ARAPAHOE,5925,CIRCUIT BREAKERS,335313,SWITCHGEAR AND SWITCHBOARD APPARATUS MANUFACTURING,,,,,False,False
89303025CET000023,GOLDEN TECH SYSTEMS INC,2026-08-28,750000.0,89303025CET000023,DC,WASHINGTON,20585,DISTRICT OF COLUMBIA,L063,"TECHNICAL REPRESENTATIVE- ALARM, SIGNAL, AND SECURITY DETECTION SYSTEMS",561621,SECURITY SYSTEMS SERVICES (EXCEPT LOCKSMITHS),,,,,False,False
89303024CMA000125,ARTICUS SOLUTIONS LLC,2026-08-28,200000.0,89303024CMA000125,DC,WASHINGTON,20585,DISTRICT OF COLUMBIA,V999,TRANSPORTATION/TRAVEL/RELOCATION- OTHER: OTHER,561599,ALL OTHER TRAVEL ARRANGEMENT AND RESERVATION SERVICES,,,,,False,False
DEAC3608GO28308,"ALLIANCE FOR ENERGY INNOVATION, LLC",2026-08-28,78302821.4,DEAC3608GO28308,CO,LAKEWOOD,80401,JEFFERSON,M181,OPER OF GOVT R&D GOCO FACILITIES,541711,RESEARCH AND DEVELOPMENT IN BIOTECHNOLOGY,,,,,False,False
DENA0003525,"NATIONAL TECHNOLOGY & ENGINEERING SOLUTIONS OF SANDIA, LLC",2026-08-28,201748856.42,DENA0003525,NM,ALBUQUERQUE,87185,BERNALILLO,M1JZ,OPERATION OF MISCELLANEOUS BUILDINGS,561210,FACILITIES SUPPORT SERVICES,,,,,False,False
DENA0003525,"NATIONAL TECHNOLOGY & ENGINEERING SOLUTIONS OF SANDIA, LLC",2026-08-28,222649364.32,DENA0003525,NM,ALBUQUERQUE,87185,BERNALILLO,M1JZ,OPERATION OF MISCELLANEOUS BUILDINGS,561210,FACILITIES SUPPORT SERVICES,,,,,False,False
89603022P0030,THE REGENTS OF THE UNIVERSITY OF COLORADO,2026-08-28,11911.0,89603022P0030,DC,WASHINGTON,20426,DISTRICT OF COLUMBIA,7A20,IT AND TELECOM - APPLICATION DEVELOPMENT SOFTWARE (PERPETUAL LICENSE SOFTWARE),511210,SOFTWARE PUBLISHERS,,,,,False,False
89303324FEM400421,CCS IVORY CLOUD JV LLC,2026-08-28,32553.28,89303324FEM400421,NM,CARLSBAD,88220,EDDY,R499,SUPPORT- PROFESSIONAL: OTHER,517810,ALL OTHER TELECOMMUNICATIONS,,,,,False,False
89503126FWA400726,VERNADERO GROUP INC,2026-08-28,207621.11,89503126FWA400726,AZ,PHOENIX,85009,MARICOPA,F999,OTHER ENVIRONMENTAL SERVICES,541620,ENVIRONMENTAL CONSULTING SERVICES,,,,,False,False
89303024FGD400006,"522 PRODUCTIONS, LLC",2026-08-28,-17486.03,89303024FGD400006,DC,WASHINGTON,20585,DISTRICT OF COLUMBIA,T006,PHOTO/MAP/PRINT/PUBLICATION- FILM/VIDEO TAPE PRODUCTION,512110,MOTION PICTURE AND VIDEO PRODUCTION,,,,,False,False
89503223PWA000431,"FOUR CORNERS WEED CONTROL, INC",2026-08-28,3859.73,89503223PWA000431,NM,FARMINGTON,87499,SAN JUAN,F006,NATURAL RESOURCES/CONSERVATION- LAND TREATMENT PRACTICES,561730,LANDSCAPING SERVICES,,,,,False,False
89503025FWA400976,"CENTURY HELICOPTERS, INC.",2026-08-28,0.0,89503025FWA400976,CO,LAKEWOOD,80228,JEFFERSON,J015,MAINT/REPAIR/REBUILD OF EQUIPMENT- AIRCRAFT AND AIRFRAME STRUCTURAL COMPONENTS,488190,OTHER SUPPORT ACTIVITIES FOR AIR TRANSPORTATION,,,,,False,False
89303026FEI000066,"AFFIGENT, LLC",2026-08-28,192000.0,89303026FEI000066,VA,HERNDON,20171,FAIRFAX,7A21,IT AND TELECOM - BUSINESS APPLICATION SOFTWARE (PERPETUAL LICENSE SOFTWARE),541519,OTHER COMPUTER RELATED SERVICES,,,,,False,False
89303524CEM000016,MANAGEMENT SOLUTIONS LLC,2026-08-28,0.0,89303524CEM000016,TN,OAK RIDGE,37830,ANDERSON,R699,SUPPORT- ADMINISTRATIVE: OTHER,561110,OFFICE ADMINISTRATIVE SERVICES,,,,,False,False
89233124CNA000367,THE MITRE CORPORATION,2026-08-28,0.0,89233124CNA000367,VA,MCLEAN,22102,FAIRFAX,R499,SUPPORT- PROFESSIONAL: OTHER,541990,"ALL OTHER PROFESSIONAL, SCIENTIFIC, AND TECHNICAL SERVICES",,,,,False,False
89303026PET000036,EVERFOX LLC,2026-08-28,962357.49,89303026PET000036,DC,WASHINGTON,20585,DISTRICT OF COLUMBIA,7A21,IT AND TELECOM - BUSINESS APPLICATION SOFTWARE (PERPETUAL LICENSE SOFTWARE),513210,SOFTWARE PUBLISHERS,,,,,False,False
DENA0002839,"HONEYWELL FEDERAL MANUFACTURING & TECHNOLOGIES, LLC",2026-08-28,58640858.67,DENA0002839,MO,KANSAS CITY,64147,JACKSON,M1JZ,OPERATION OF MISCELLANEOUS BUILDINGS,561210,FACILITIES SUPPORT SERVICES,,,,,False,False
DENA0002839,"HONEYWELL FEDERAL MANUFACTURING & TECHNOLOGIES, LLC",2026-08-28,22634969.83,DENA0002839,MO,KANSAS CITY,64147,JACKSON,M1JZ,OPERATION OF MISCELLANEOUS BUILDINGS,561210,FACILITIES SUPPORT SERVICES,,,,,False,False
DELM0000421,"NAVARRO RESEARCH AND ENGINEERING, INC.",2026-08-28,0.0,DELM0000421,CO,GRAND JUNCTION,81501,MESA,R799,SUPPORT- MANAGEMENT: OTHER,562910,REMEDIATION SERVICES,,,,,False,False
89303324FEM400431,OLD HARBOR SOLUTIONS LLC,2026-08-28,0.0,89303324FEM400431,OH,CINCINNATI,45202,HAMILTON,R699,SUPPORT- ADMINISTRATIVE: OTHER,541990,"ALL OTHER PROFESSIONAL, SCIENTIFIC, AND TECHNICAL SERVICES",,,,,False,False
89303425FEM400027,NEWPORT NEWS NUCLEAR BWXT-LOS ALAMOS LLC,2026-08-28,3784596.0,89303425FEM400027,NM,LOS ALAMOS,87544,LOS ALAMOS,F999,OTHER ENVIRONMENTAL SERVICES,562910,REMEDIATION SERVICES,,,,,False,False
89503026FWA401219,"BURNS & MCDONNELL ENGINEERING COMPANY, INC.",2026-08-28,131680.08,89503026FWA401219,MT,BUSBY,59016,BIG HORN,C219,ARCHITECT AND ENGINEERING- GENERAL: OTHER,541330,ENGINEERING SERVICES,,,,,False,False
89303026FSC000023,BGRS RELOCATION INC,2026-08-28,36000.0,89303026FSC000023,DC,WASHINGTON,20585,DISTRICT OF COLUMBIA,R499,SUPPORT- PROFESSIONAL: OTHER,531390,OTHER ACTIVITIES RELATED TO REAL ESTATE,,,,,False,False
89233126FNA000215,BGRS RELOCATION INC,2026-08-28,3000.0,89233126FNA000215,NM,KIRTLAND AFB,87117,BERNALILLO,R499,SUPPORT- PROFESSIONAL: OTHER,531390,OTHER ACTIVITIES RELATED TO REAL ESTATE,,,,,False,False
89303022FIM000088,ACCENTURE FEDERAL SERVICES LLC,2026-08-28,164114.66,89303022FIM000088,DC,WASHINGTON,20585,DISTRICT OF COLUMBIA,DD01,"IT AND TELECOM - SERVICE DELIVERY SUPPORT SERVICES: ITSM, OPERATIONS CENTER, PROJECT/PM (LABOR)",541512,COMPUTER SYSTEMS DESIGN SERVICES,,,,,False,False
89303026FIM000191,ACCENTURE FEDERAL SERVICES LLC,2026-08-28,155000.0,89303026FIM000191,VA,ARLINGTON,22203,ARLINGTON,DA01,IT AND TELECOM - BUSINESS APPLICATION/APPLICATION DEVELOPMENT SUPPORT SERVICES (LABOR),541512,COMPUTER SYSTEMS DESIGN SERVICES,,,,,False,False
89243326PFE001004,"FEDCORP SERVICES, INC.",2026-08-28,23377.75,89243326PFE001004,CA,EL SOBRANTE,94803,CONTRA COSTA,6640,LABORATORY EQUIPMENT AND SUPPLIES,334516,ANALYTICAL LABORATORY INSTRUMENT MANUFACTURING,,,,,False,False
89303026FIM000213,ACCENTURE FEDERAL SERVICES LLC,2026-08-28,7223803.5,89303026FIM000213,DC,WASHINGTON,20585,DISTRICT OF COLUMBIA,DA01,IT AND TELECOM - BUSINESS APPLICATION/APPLICATION DEVELOPMENT SUPPORT SERVICES (LABOR),541512,COMPUTER SYSTEMS DESIGN SERVICES,,,,,False,False
89303726CEM000021,"DOMINION ENERGY SOUTH CAROLINA, INC.",2026-08-28,0.0,89303726CEM000021,SC,AIKEN,29802,AIKEN,S112,UTILITIES- ELECTRIC,221122,ELECTRIC POWER DISTRIBUTION,,,,,False,False
89503026PWA000532,UMBC TRAINING CENTERS LLC,2026-08-28,0.0,89503026PWA000532,CO,LAKEWOOD,80228,JEFFERSON,U008,EDUCATION/TRAINING- TRAINING/CURRICULUM DEVELOPMENT,611430,PROFESSIONAL AND MANAGEMENT DEVELOPMENT TRAINING,,,,,False,False
DEAC0500OR22777,CITY OF OAK RIDGE,2026-08-28,0.0,DEAC0500OR22777,TN,OAK RIDGE,37831,ANDERSON,S114,UTILITIES- WATER,221310,WATER SUPPLY AND IRRIGATION SYSTEMS,,,,,False,False
89303020CEA000004,UNWIN CO,2026-08-28,-131997.84,89303020CEA000004,OH,COLUMBUS,43212,FRANKLIN,B546,SPECIAL STUDIES/ANALYSIS- SECURITY (PHYSICAL/PERSONAL),541690,OTHER SCIENTIFIC AND TECHNICAL CONSULTING SERVICES,,,,,False,False
89243326FFE400802,METGREEN SOLUTIONS INC,2026-08-28,292227.8,89243326FFE400802,WV,MORGANTOWN,26505,MONONGALIA,DA10,IT AND TELECOM - BUSINESS APPLICATION/APPLICATION DEVELOPMENT SOFTWARE AS A SERVICE,541519,OTHER COMPUTER RELATED SERVICES,,,,,False,False
89303026FEI400163,"EDGEWATER FEDERAL SOLUTIONS, INC.",2026-08-28,3100000.0,89303026FEI400163,MD,FREDERICK,21703,FREDERICK,R702,SUPPORT- MANAGEMENT: DATA COLLECTION,518210,"COMPUTING INFRASTRUCTURE PROVIDERS, DATA PROCESSING, WEB HOSTING, AND RELATED SERVICES",,,,,False,False
89243325FFE400652,"MAXIMUS FEDERAL SERVICES, INC.",2026-08-28,0.0,89243325FFE400652,WV,MORGANTOWN,26501,MONONGALIA,DF01,IT AND TELECOM - IT MANAGEMENT SUPPORT SERVICES (LABOR),541512,COMPUTER SYSTEMS DESIGN SERVICES,,,,,False,False
89303326FEM400475,S & K LOGISTICS SERVICES LLC,2026-08-28,101975.6,89303326FEM400475,SC,AIKEN,29802,AIKEN,R425,SUPPORT- PROFESSIONAL: ENGINEERING/TECHNICAL,541330,ENGINEERING SERVICES,,,,,False,False
89243525CCR000073,"STRATEGIC STORAGE PARTNERS, LLC.",2026-08-28,3000.0,89243525CCR000073,LA,NEW ORLEANS,70123,JEFFERSON,R799,SUPPORT- MANAGEMENT: OTHER,561210,FACILITIES SUPPORT SERVICES,,,,,False,False
89243518CFE000004,SUNOCO PARTNERS MARKETING & TERMINALS L.P.,2026-08-28,462000.0,89243518CFE000004,TX,NEDERLAND,77627,JEFFERSON,V119,TRANSPORTATION/TRAVEL/RELOCATION- TRANSPORTATION: OTHER,488320,MARINE CARGO HANDLING,,,,,False,False
89233125FNA400679,MELE ASSOCIATES INC,2026-08-28,3499830.66,89233125FNA400679,DC,WASHINGTON,20585,DISTRICT OF COLUMBIA,R499,SUPPORT- PROFESSIONAL: OTHER,541330,ENGINEERING SERVICES,,,,,False,False
DEAC0205CH11231,THE REGENTS OF THE UNIVERSITY OF CALIFORNIA,2026-08-28,680749.6,DEAC0205CH11231,CA,BERKELEY,94720,ALAMEDA,M181,OPER OF GOVT R&D GOCO FACILITIES,541710,"RESEARCH AND DEVELOPMENT IN THE PHYSICAL, ENGINEERING, AND LIFE SCIENCES",,,,,False,False
89243419FEE400087,"EMP2, INC.",2026-08-28,-1247.34,89243419FEE400087,WA,RICHLAND,99352,BENTON,R425,SUPPORT- PROFESSIONAL: ENGINEERING/TECHNICAL,541330,ENGINEERING SERVICES,,,,,False,False
DEAC5207NA27344,"LAWRENCE LIVERMORE NATIONAL SECURITY, LLC",2026-08-28,122921331.31,DEAC5207NA27344,CA,LIVERMORE,94550,ALAMEDA,AZ11,R&D- OTHER RESEARCH AND DEVELOPMENT (BASIC RESEARCH),541710,"RESEARCH AND DEVELOPMENT IN THE PHYSICAL, ENGINEERING, AND LIFE SCIENCES",,,,,False,False
DEAC5207NA27344,"LAWRENCE LIVERMORE NATIONAL SECURITY, LLC",2026-08-28,80066972.84,DEAC5207NA27344,CA,LIVERMORE,94550,ALAMEDA,AZ11,R&D- OTHER RESEARCH AND DEVELOPMENT (BASIC RESEARCH),541710,"RESEARCH AND DEVELOPMENT IN THE PHYSICAL, ENGINEERING, AND LIFE SCIENCES",,,,,False,False
89243625FCD000014,"PROFESSIONAL VETS CONSULTING GROUP, LLC",2026-08-28,0.0,89243625FCD000014,DC,WASHINGTON,20585,DISTRICT OF COLUMBIA,R699,SUPPORT- ADMINISTRATIVE: OTHER,541611,ADMINISTRATIVE MANAGEMENT AND GENERAL MANAGEMENT CONSULTING SERVICES,,,,,False,False
89243326FFE400805,"ADVANCED COMPUTER CONCEPTS, INC.",2026-08-28,111809.45,89243326FFE400805,PA,PITTSBURGH,15236,ALLEGHENY,7B20,IT AND TELECOM - HIGH PERFORMANCE COMPUTE (HARDWARE AND PERPETUAL LICENSE SOFTWARE),541519,OTHER COMPUTER RELATED SERVICES,,,,,False,False
89233124CNA000332,"BRIC PERIKIN JV, LLC",2026-08-28,1047497.0,89233124CNA000332,AZ,SCOTTSDALE,85250,MARICOPA,R425,SUPPORT- PROFESSIONAL: ENGINEERING/TECHNICAL,541611,ADMINISTRATIVE MANAGEMENT AND GENERAL MANAGEMENT CONSULTING SERVICES,,,,,False,False
DEDT0010653,"Z, INC.",2026-08-28,-0.17,DEDT0010653,DC,WASHINGTON,20585,DISTRICT OF COLUMBIA,R702,SUPPORT- MANAGEMENT: DATA COLLECTION,518210,"COMPUTING INFRASTRUCTURE PROVIDERS, DATA PROCESSING, WEB HOSTING, AND RELATED SERVICES",,,,,False,False
89233126FNA400772,U.S. BANK NATIONAL ASSOCIATION,2026-08-28,0.0,89233126FNA400772,MN,MINNEAPOLIS,55402,HENNEPIN,R711,SUPPORT- MANAGEMENT: BANKING,522110,COMMERCIAL BANKING,,,,,False,False
89503025PWA000504,"TRUCENTIVE, INC.",2026-08-28,5000.0,89503025PWA000504,CO,LAKEWOOD,80228,JEFFERSON,7510,OFFICE SUPPLIES,522210,CREDIT CARD ISSUING,,,,,False,False
89243126FSC400871,"EMERGENT, LLC",2026-08-28,60628.28,89243126FSC400871,TN,OAK RIDGE,37830,ANDERSON,DJ10,IT AND TELECOM - SECURITY AND COMPLIANCE AS A SERVICE,541519,OTHER COMPUTER RELATED SERVICES,,,,,False,False
89503025FWA401031,STERLING COMPUTERS CORPORATION,2026-08-28,0.0,89503025FWA401031,CO,LAKEWOOD,80228,JEFFERSON,7B22,IT AND TELECOM - COMPUTE: SERVERS (HARDWARE AND PERPETUAL LICENSE SOFTWARE),334111,ELECTRONIC COMPUTER MANUFACTURING,,,,,False,False
89303523FEM400032,UNITED CLEANUP OAK RIDGE LLC,2026-08-28,7122472.57,89303523FEM400032,TN,OAK RIDGE,37830,ANDERSON,F999,OTHER ENVIRONMENTAL SERVICES,562910,REMEDIATION SERVICES,,,,,False,False
89243325PFE000929,EXPLORATION ROBOTICS TECHNOLOGIES INC.,2026-08-27,12000.0,89243325PFE000929,TX,HOUSTON,77077,HARRIS,7E21,IT AND TELECOM - MOBILE DEVICE PRODUCTS (HARDWARE AND PERPETUAL LICENSE SOFTWARE),334516,ANALYTICAL LABORATORY INSTRUMENT MANUFACTURING,,,,,False,False
89243524FCR400037,"MINBURN TECHNOLOGY GROUP, LLC",2026-08-27,0.0,89243524FCR400037,LA,NEW ORLEANS,70123,JEFFERSON,7A21,IT AND TELECOM - BUSINESS APPLICATION SOFTWARE (PERPETUAL LICENSE SOFTWARE),541519,OTHER COMPUTER RELATED SERVICES,,,,,False,False
89303024FIM000167,"MINBURN TECHNOLOGY GROUP, LLC",2026-08-27,39327.6,89303024FIM000167,DC,WASHINGTON,20585,DISTRICT OF COLUMBIA,7A21,IT AND TELECOM - BUSINESS APPLICATION SOFTWARE (PERPETUAL LICENSE SOFTWARE),541519,OTHER COMPUTER RELATED SERVICES,,,,,False,False
DESC0012704,BROOKHAVEN SCIENCE ASSOCIATES LLC,2026-08-27,8306367.42,DESC0012704,NY,UPTON,11973,SUFFOLK,M1HA,OPERATION OF GOVERNMENT-OWNED CONTRACTOR-OPERATED (GOCO) R&D FACILITIES,541712,"RESEARCH AND DEVELOPMENT IN THE PHYSICAL, ENGINEERING, AND LIFE SCIENCES (EXCEPT BIOTECHNOLOGY)",,,,,False,False
89233123CNA000305,NAC INTERNATIONAL INC.,2026-08-27,2530578.0,89233123CNA000305,GA,PEACHTREE CORNERS,30092,FULTON,1190,"SPECIALIZED TEST AND HANDLING EQUIPMENT, NUCLEAR ORDNANCE",484230,"SPECIALIZED FREIGHT (EXCEPT USED GOODS) TRUCKING, LONG-DISTANCE",,,,,False,False
89243125PSC000377,NEWSWISE INC,2026-08-27,32000.0,89243125PSC000377,VA,CHARLOTTESVILLE,22902,ALBEMARLE,7630,NEWSPAPERS AND PERIODICALS,513110,NEWSPAPER PUBLISHERS,,,,,False,False
89303023FOE000037,GUIDEHOUSE INC.,2026-08-27,1481690.53,89303023FOE000037,DC,WASHINGTON,20585,DISTRICT OF COLUMBIA,R699,SUPPORT- ADMINISTRATIVE: OTHER,541611,ADMINISTRATIVE MANAGEMENT AND GENERAL MANAGEMENT CONSULTING SERVICES,,,,,False,False
DEAC3608GO28308,"ALLIANCE FOR ENERGY INNOVATION, LLC",2026-08-27,4235051.54,DEAC3608GO28308,CO,LAKEWOOD,80401,JEFFERSON,M181,OPER OF GOVT R&D GOCO FACILITIES,541711,RESEARCH AND DEVELOPMENT IN BIOTECHNOLOGY,,,,,False,False
89303025FMA000601,RICOH USA INC,2026-08-27,8550.0,89303025FMA000601,DC,WASHINGTON,20585,DISTRICT OF COLUMBIA,3610,"PRINTING, DUPLICATING, AND BOOKBINDING EQUIPMENT",333244,PRINTING MACHINERY AND EQUIPMENT MANUFACTURING,,,,,False,False
89303325PEM000247,CHARTER COMMUNICATIONS OPERATING LLC,2026-08-27,15300.0,89303325PEM000247,NY,SCHENECTADY,12309,SCHENECTADY,DD01,"IT AND TELECOM - SERVICE DELIVERY SUPPORT SERVICES: ITSM, OPERATIONS CENTER, PROJECT/PM (LABOR)",517111,WIRED TELECOMMUNICATIONS CARRIERS,,,,,False,False
89303924FEM400054,"CENTRAL PLATEAU CLEANUP COMPANY, LLC",2026-08-27,0.0,89303924FEM400054,WA,RICHLAND,99352,BENTON,Z1PD,MAINTENANCE OF WASTE TREATMENT AND STORAGE FACILITIES,562910,REMEDIATION SERVICES,,,,,False,False
89243126CSC000213,SURATECH LLC,2026-08-27,11145939.95,89243126CSC000213,VA,NEWPORT NEWS,23606,NEWPORT NEWS CITY,M1HA,OPERATION OF GOVERNMENT-OWNED CONTRACTOR-OPERATED (GOCO) R&D FACILITIES,541715,"RESEARCH AND DEVELOPMENT IN THE PHYSICAL, ENGINEERING, AND LIFE SCIENCES (EXCEPT NANOTECHNOLOGY AND BIOTECHNOLOGY)",,,,,False,False
89503326FWA000137,BLACK GOLD INDUSTRIES,2026-08-27,-2658.94,89503326FWA000137,CA,FOLSOM,95630,SACRAMENTO,F999,OTHER ENVIRONMENTAL SERVICES,562910,REMEDIATION SERVICES,,,,,False,False
89303023CLP000060,GREENGATE LLC,2026-08-27,-353190.0,89303023CLP000060,DC,WASHINGTON,20585,DISTRICT OF COLUMBIA,R408,SUPPORT- PROFESSIONAL: PROGRAM MANAGEMENT/SUPPORT,561990,ALL OTHER SUPPORT SERVICES,,,,,False,False
89233125FNA400660,COGENT SECURITY CONSULTING LLC,2026-08-27,11217.91,89233125FNA400660,DC,WASHINGTON,20585,DISTRICT OF COLUMBIA,R699,SUPPORT- ADMINISTRATIVE: OTHER,541611,ADMINISTRATIVE MANAGEMENT AND GENERAL MANAGEMENT CONSULTING SERVICES,,,,,False,False
89303924FEM000339,ATTAINX INC.,2026-08-27,289541.22,89303924FEM000339,WA,RICHLAND,99354,BENTON,R699,SUPPORT- ADMINISTRATIVE: OTHER,541511,CUSTOM COMPUTER PROGRAMMING SERVICES,,,,,False,False
89303726PEM000353,PARAGON MICRO INC,2026-08-27,253762.5,89303726PEM000353,SC,AIKEN,29802,AIKEN,7B21,IT AND TELECOM - COMPUTE: MAINFRAME (HARDWARE AND PERPETUAL LICENSE SOFTWARE),541519,OTHER COMPUTER RELATED SERVICES,,,,,False,False
89503026FWA401172,"ALLIANCE TECHNOLOGY GROUP, LLC",2026-08-27,6299.93,89503026FWA401172,CO,LAKEWOOD,80228,JEFFERSON,7A21,IT AND TELECOM - BUSINESS APPLICATION SOFTWARE (PERPETUAL LICENSE SOFTWARE),541519,OTHER COMPUTER RELATED SERVICES,,,,,False,False
89233124FNA400649,SEATECH GLOBAL SECURITY SOLUTIONS,2026-08-27,4601690.0,89233124FNA400649,,,,,R425,SUPPORT- PROFESSIONAL: ENGINEERING/TECHNICAL,541990,"ALL OTHER PROFESSIONAL, SCIENTIFIC, AND TECHNICAL SERVICES",,,,,False,False
89503326FWA400245,"DIAMOND TRUCK BODY MANUFACTURING, INC.",2026-08-27,46668.72,89503326FWA400245,CA,STOCKTON,95205,SAN JOAQUIN,2540,VEHICULAR FURNITURE AND ACCESSORIES,336211,MOTOR VEHICLE BODY MANUFACTURING,,,,,False,False
89503418FWA400031,"VEGETATION MANAGEMENT WEST, L.P.",2026-08-27,-10138.0,89503418FWA400031,CO,CRAWFORD,81415,DELTA,F014,NATURAL RESOURCES/CONSERVATION- TREE THINNING,561730,LANDSCAPING SERVICES,,,,,False,False
89503126FWA400723,CIVIL DESIGN & ENGINEERING INC,2026-08-27,0.0,89503126FWA400723,AZ,PHOENIX,85009,MARICOPA,R425,SUPPORT- PROFESSIONAL: ENGINEERING/TECHNICAL,236220,COMMERCIAL AND INSTITUTIONAL BUILDING CONSTRUCTION,,,,,False,False
89243126FSC400852,"ACCORD FEDERAL SERVICES, LLC",2026-08-27,0.0,89243126FSC400852,TN,OAK RIDGE,37830,ANDERSON,Z1LB,MAINTENANCE OF HIGHWAYS/ROADS/STREETS/BRIDGES/RAILWAYS,561210,FACILITIES SUPPORT SERVICES,,,,,False,False
89233122CNA000248,"TEAM B MARKETING, INC",2026-08-27,0.0,89233122CNA000248,DC,WASHINGTON,20585,DISTRICT OF COLUMBIA,R426,SUPPORT- PROFESSIONAL: COMMUNICATIONS,541611,ADMINISTRATIVE MANAGEMENT AND GENERAL MANAGEMENT CONSULTING SERVICES,,,,,False,False
89243126FSC400895,"ACCORD FEDERAL SERVICES, LLC",2026-08-27,0.0,89243126FSC400895,TN,OAK RIDGE,37830,ANDERSON,Z1LB,MAINTENANCE OF HIGHWAYS/ROADS/STREETS/BRIDGES/RAILWAYS,561210,FACILITIES SUPPORT SERVICES,,,,,False,False
89503126FWA400724,CIVIL DESIGN & ENGINEERING INC,2026-08-27,0.0,89503126FWA400724,AZ,PHOENIX,85009,MARICOPA,R425,SUPPORT- PROFESSIONAL: ENGINEERING/TECHNICAL,236220,COMMERCIAL AND INSTITUTIONAL BUILDING CONSTRUCTION,,,,,False,False
89233125FNA400716,SEATECH GLOBAL SECURITY SOLUTIONS,2026-08-27,158411.0,89233125FNA400716,WA,RICHLAND,99354,BENTON,R425,SUPPORT- PROFESSIONAL: ENGINEERING/TECHNICAL,541990,"ALL OTHER PROFESSIONAL, SCIENTIFIC, AND TECHNICAL SERVICES",,,,,False,False
89303026FET400042,PERATON INC.,2026-08-27,6979000.0,89303026FET400042,DC,WASHINGTON,20585,DISTRICT OF COLUMBIA,DA01,IT AND TELECOM - BUSINESS APPLICATION/APPLICATION DEVELOPMENT SUPPORT SERVICES (LABOR),541511,CUSTOM COMPUTER PROGRAMMING SERVICES,,,,,False,False
89233126FNA400819,CARAHSOFT TECHNOLOGY CORP,2026-08-27,61253.2,89233126FNA400819,DC,WASHINGTON,20585,DISTRICT OF COLUMBIA,7A21,IT AND TELECOM - BUSINESS APPLICATION SOFTWARE (PERPETUAL LICENSE SOFTWARE),511210,SOFTWARE PUBLISHERS,,,,,False,False
89303222FEM400017,"NAVARRO RESEARCH AND ENGINEERING, INC.",2026-08-27,-473305.82,89303222FEM400017,NM,CARLSBAD,88220,EDDY,R499,SUPPORT- PROFESSIONAL: OTHER,562910,REMEDIATION SERVICES,,,,,False,False
89233126FNA000235,BGRS RELOCATION INC,2026-08-27,99000.0,89233126FNA000235,NM,KIRTLAND AFB,87117,BERNALILLO,R499,SUPPORT- PROFESSIONAL: OTHER,531390,OTHER ACTIVITIES RELATED TO REAL ESTATE,,,,,False,False
89303324FEM400434,OLD HARBOR SOLUTIONS LLC,2026-08-27,50000.0,89303324FEM400434,OH,CINCINNATI,45202,HAMILTON,R699,SUPPORT- ADMINISTRATIVE: OTHER,541990,"ALL OTHER PROFESSIONAL, SCIENTIFIC, AND TECHNICAL SERVICES",,,,,False,False
89303023FGD400001,"GEM TECHNOLOGIES, INC.",2026-08-27,994052.78,89303023FGD400001,TN,OAK RIDGE,37830,ANDERSON,R699,SUPPORT- ADMINISTRATIVE: OTHER,562910,REMEDIATION SERVICES,,,,,False,False
DELM0000421,"NAVARRO RESEARCH AND ENGINEERING, INC.",2026-08-27,-1025945.37,DELM0000421,CO,GRAND JUNCTION,81501,MESA,R799,SUPPORT- MANAGEMENT: OTHER,562910,REMEDIATION SERVICES,,,,,False,False
89303925CEM000058,"UNITECH SERVICES GROUP, INC.",2026-08-27,1000000.0,89303925CEM000058,WA,RICHLAND,99354,BENTON,S209,HOUSEKEEPING- LAUNDRY/DRYCLEANING,812332,INDUSTRIAL LAUNDERERS,,,,,False,False
89303021FIM400053,MANHATTAN TELECOMMUNICATIONS CORPORATION LLC,2026-08-27,0.0,89303021FIM400053,DC,WASHINGTON,20585,DISTRICT OF COLUMBIA,DA01,IT AND TELECOM - BUSINESS APPLICATION/APPLICATION DEVELOPMENT SUPPORT SERVICES (LABOR),517110,WIRED TELECOMMUNICATIONS CARRIERS,,,,,False,False
89243024CSC000002,"FERMI FORWARD DISCOVERY GROUP, LLC",2026-08-27,7890183.15,89243024CSC000002,IL,BATAVIA,60510,KANE,M1HA,OPERATION OF GOVERNMENT-OWNED CONTRACTOR-OPERATED (GOCO) R&D FACILITIES,541715,"RESEARCH AND DEVELOPMENT IN THE PHYSICAL, ENGINEERING, AND LIFE SCIENCES (EXCEPT NANOTECHNOLOGY AND BIOTECHNOLOGY)",,,,,False,False
89303026FIM000209,ACCENTURE FEDERAL SERVICES LLC,2026-08-27,4628105.21,89303026FIM000209,DC,WASHINGTON,20585,DISTRICT OF COLUMBIA,DA01,IT AND TELECOM - BUSINESS APPLICATION/APPLICATION DEVELOPMENT SUPPORT SERVICES (LABOR),541512,COMPUTER SYSTEMS DESIGN SERVICES,,,,,False,False
89503422CWA000059,"MID DAKOTA VEGETATION MANAGEMENT, LLC",2026-08-27,0.0,89503422CWA000059,SD,MILLER,57362,HAND,F099,NATURAL RESOURCES/CONSERVATION- OTHER,561730,LANDSCAPING SERVICES,,,,,False,False
89303026FIM000198,ACCENTURE FEDERAL SERVICES LLC,2026-08-27,280524.0,89303026FIM000198,DC,WASHINGTON,20585,DISTRICT OF COLUMBIA,DA01,IT AND TELECOM - BUSINESS APPLICATION/APPLICATION DEVELOPMENT SUPPORT SERVICES (LABOR),541512,COMPUTER SYSTEMS DESIGN SERVICES,,,,,False,False
89303026FIM000188,ACCENTURE FEDERAL SERVICES LLC,2026-08-27,7685322.02,89303026FIM000188,DC,WASHINGTON,20585,DISTRICT OF COLUMBIA,DA01,IT AND TELECOM - BUSINESS APPLICATION/APPLICATION DEVELOPMENT SUPPORT SERVICES (LABOR),541512,COMPUTER SYSTEMS DESIGN SERVICES,,,,,False,False
89703025FAR400021,BOOZ ALLEN HAMILTON INC,2026-08-27,12000000.0,89703025FAR400021,DC,WASHINGTON,20585,DISTRICT OF COLUMBIA,R499,SUPPORT- PROFESSIONAL: OTHER,541990,"ALL OTHER PROFESSIONAL, SCIENTIFIC, AND TECHNICAL SERVICES",,,,,False,False
DEAC0209CH11466,THE TRUSTEES OF PRINCETON UNIVERSITY,2026-08-27,12299284.49,DEAC0209CH11466,NJ,PLAINSBORO,08536,MIDDLESEX,M181,OPER OF GOVT R&D GOCO FACILITIES,611310,"COLLEGES, UNIVERSITIES, AND PROFESSIONAL SCHOOLS",,,,,False,False
89233123CNA000317,TPGI CPA PLLC,2026-08-27,81514.0,89233123CNA000317,CA,PLEASANTON,94588,ALAMEDA,R699,SUPPORT- ADMINISTRATIVE: OTHER,561110,OFFICE ADMINISTRATIVE SERVICES,,,,,False,False
DEAC0209CH11466,THE TRUSTEES OF PRINCETON UNIVERSITY,2026-08-27,0.0,DEAC0209CH11466,NJ,PLAINSBORO,08536,MIDDLESEX,M181,OPER OF GOVT R&D GOCO FACILITIES,611310,"COLLEGES, UNIVERSITIES, AND PROFESSIONAL SCHOOLS",,,,,False,False
89603026F0008,"ACE FEDERAL REPORTERS, INC.",2026-08-27,0.0,89603026F0008,DC,WASHINGTON,20426,DISTRICT OF COLUMBIA,R499,SUPPORT- PROFESSIONAL: OTHER,561320,TEMPORARY HELP SERVICES,,,,,False,False
89303125FEM400428,SOUTHERN OHIO CLEANUP COMPANY LLC,2026-08-27,0.0,,OH,,,,F999,OTHER ENVIRONMENTAL SERVICES,562910,REMEDIATION SERVICES,,,,,False,False
89303026FMA401009,"ONLOCATION, INC",2026-08-27,150000.0,89303026FMA401009,DC,WASHINGTON,20585,DISTRICT OF COLUMBIA,R406,SUPPORT- PROFESSIONAL: POLICY REVIEW/DEVELOPMENT,541611,ADMINISTRATIVE MANAGEMENT AND GENERAL MANAGEMENT CONSULTING SERVICES,,,,,False,False
DEAC0209CH11466,THE TRUSTEES OF PRINCETON UNIVERSITY,2026-08-27,825242.72,DEAC0209CH11466,NJ,PLAINSBORO,08536,MIDDLESEX,M181,OPER OF GOVT R&D GOCO FACILITIES,611310,"COLLEGES, UNIVERSITIES, AND PROFESSIONAL SCHOOLS",,,,,False,False
89233122FNA400452,SIGMA SCIENCE INC,2026-08-27,38842.0,89233122FNA400452,TN,OAK RIDGE,37830,ANDERSON,R408,SUPPORT- PROFESSIONAL: PROGRAM MANAGEMENT/SUPPORT,541330,ENGINEERING SERVICES,,,,,False,False
DEAC0705ID14517,"BATTELLE ENERGY ALLIANCE, LLC",2026-08-27,74484899.3,DEAC0705ID14517,ID,IDAHO FALLS,83415,BONNEVILLE,M181,OPER OF GOVT R&D GOCO FACILITIES,541990,"ALL OTHER PROFESSIONAL, SCIENTIFIC, AND TECHNICAL SERVICES",,,,,False,False
89243125FSC400812,RELX INC.,2026-08-27,33996.0,89243125FSC400812,OH,MIAMISBURG,45342,MONTGOMERY,7630,NEWSPAPERS AND PERIODICALS,519290,WEB SEARCH PORTALS AND ALL OTHER INFORMATION SERVICES,,,,,False,False
DEAC0705ID14517,"BATTELLE ENERGY ALLIANCE, LLC",2026-08-27,83774692.21,DEAC0705ID14517,ID,IDAHO FALLS,83415,BONNEVILLE,M181,OPER OF GOVT R&D GOCO FACILITIES,541990,"ALL OTHER PROFESSIONAL, SCIENTIFIC, AND TECHNICAL SERVICES",,,,,False,False
89303726FEM000082,COHNREZNICK LLP,2026-08-27,64495.7,89303726FEM000082,SC,AIKEN,29803,AIKEN,R704,SUPPORT- MANAGEMENT: AUDITING,541211,OFFICES OF CERTIFIED PUBLIC ACCOUNTANTS,,,,,False,False
89243323CFE000074,KBC ENERGY SOLUTIONS LLC,2026-08-27,1040000.0,89243323CFE000074,WV,MORGANTOWN,26505,MONONGALIA,R425,SUPPORT- PROFESSIONAL: ENGINEERING/TECHNICAL,541330,ENGINEERING SERVICES,,,,,False,False
89243124CSC000170,SIMMONS & GOLDEN SECURITY LLC,2026-08-27,0.0,89243124CSC000170,TN,OAK RIDGE,37830,ANDERSON,R430,SUPPORT- PROFESSIONAL: PHYSICAL SECURITY AND BADGING,561612,SECURITY GUARDS AND PATROL SERVICES,,,,,False,False
89603025F0075,IZZAT M IDRISS,2026-08-27,175000.0,89603025F0075,NM,SANTA FE,87505,SANTA FE,R499,SUPPORT- PROFESSIONAL: OTHER,541330,ENGINEERING SERVICES,,,,,False,False
DEAC0205CH11231,THE REGENTS OF THE UNIVERSITY OF CALIFORNIA,2026-08-27,52307349.42,DEAC0205CH11231,CA,BERKELEY,94720,ALAMEDA,M181,OPER OF GOVT R&D GOCO FACILITIES,541710,"RESEARCH AND DEVELOPMENT IN THE PHYSICAL, ENGINEERING, AND LIFE SCIENCES",,,,,False,False
89303324FEM400420,"APTIM FEDERAL SERVICES, LLC",2026-08-27,0.0,89303324FEM400420,NY,NISKAYUNA,12309,SCHENECTADY,F999,OTHER ENVIRONMENTAL SERVICES,562910,REMEDIATION SERVICES,,,,,False,False
89303924FEM000285,CAMEO CONSULTING GROUP LLC,2026-08-27,0.0,89303924FEM000285,WA,RICHLAND,99354,BENTON,R699,SUPPORT- ADMINISTRATIVE: OTHER,541611,ADMINISTRATIVE MANAGEMENT AND GENERAL MANAGEMENT CONSULTING SERVICES,,,,,False,False
89303524CEM000017,SES CONSTRUCTORS LLC,2026-08-27,0.0,89303524CEM000017,TN,OAK RIDGE,37830,ANDERSON,Z2KA,REPAIR OR ALTERATION OF DAMS,237990,OTHER HEAVY AND CIVIL ENGINEERING CONSTRUCTION,,,,,False,False
DEAC0207CH11358,IOWA STATE UNIVERSITY OF SCIENCE AND TECHNOLOGY,2026-08-27,0.0,DEAC0207CH11358,IA,AMES,50011,STORY,M181,OPER OF GOVT R&D GOCO FACILITIES,541710,"RESEARCH AND DEVELOPMENT IN THE PHYSICAL, ENGINEERING, AND LIFE SCIENCES",,,,,False,False
DEAC0207CH11358,IOWA STATE UNIVERSITY OF SCIENCE AND TECHNOLOGY,2026-08-27,5665236.0,DEAC0207CH11358,IA,AMES,50011,STORY,M181,OPER OF GOVT R&D GOCO FACILITIES,541710,"RESEARCH AND DEVELOPMENT IN THE PHYSICAL, ENGINEERING, AND LIFE SCIENCES",,,,,False,False
89303026FIM000201,AUTONOMIC INTEGRA LLC,2026-08-27,145051.2,89303026FIM000201,DC,WASHINGTON,20585,DISTRICT OF COLUMBIA,DA01,IT AND TELECOM - BUSINESS APPLICATION/APPLICATION DEVELOPMENT SUPPORT SERVICES (LABOR),541512,COMPUTER SYSTEMS DESIGN SERVICES,,,,,False,False
89603025F0074,GABRIEL FERNANDEZ,2026-08-27,181250.0,89603025F0074,IL,URBANA,61802,CHAMPAIGN,R499,SUPPORT- PROFESSIONAL: OTHER,541330,ENGINEERING SERVICES,,,,,False,False
89243525FCR000017,PARAGON PROFESSIONAL SERVICES LLC,2026-08-27,2930848.67,89243525FCR000017,CA,ARVIN,93203,KERN,F999,OTHER ENVIRONMENTAL SERVICES,562910,REMEDIATION SERVICES,,,,,False,False
89243525FCR000016,PARAGON PROFESSIONAL SERVICES LLC,2026-08-27,945616.0,89243525FCR000016,CA,BAKERSFIELD,93301,KERN,F999,OTHER ENVIRONMENTAL SERVICES,562910,REMEDIATION SERVICES,,,,,False,False
89233126FNA400763,PALANTIR TECHNOLOGIES INC.,2026-08-27,4112500.0,89233126FNA400763,DC,WASHINGTON,20585,DISTRICT OF COLUMBIA,7A21,IT AND TELECOM - BUSINESS APPLICATION SOFTWARE (PERPETUAL LICENSE SOFTWARE),513210,SOFTWARE PUBLISHERS,,,,,False,False
89303924CEM000048,"INNOVATIVE CLAIM SOLUTIONS, INC",2026-08-27,0.0,89303924CEM000048,WA,RICHLAND,99354,BENTON,R799,SUPPORT- MANAGEMENT: OTHER,524292,PHARMACY BENEFIT MANAGEMENT AND OTHER THIRD PARTY ADMINISTRATION OF INSURANCE AND PENSION FUNDS,,,,,False,False
89503421PWA000937,DAKOTA PEST CONTROL INC,2026-08-27,-329.96,89503421PWA000937,ND,BISMARCK,58503,BURLEIGH,S207,HOUSEKEEPING- INSECT/RODENT CONTROL,561710,EXTERMINATING AND PEST CONTROL SERVICES,,,,,False,False
DEAC0500OR22725,UT-BATTELLE LLC,2026-08-27,71726017.07,DEAC0500OR22725,TN,OAK RIDGE,37830,ANDERSON,M181,OPER OF GOVT R&D GOCO FACILITIES,561210,FACILITIES SUPPORT SERVICES,,,,,False,False
DEAC0500OR22725,UT-BATTELLE LLC,2026-08-27,107302151.84,DEAC0500OR22725,TN,OAK RIDGE,37830,ANDERSON,M181,OPER OF GOVT R&D GOCO FACILITIES,561210,FACILITIES SUPPORT SERVICES,,,,,False,False
DEAC0276SF00515,THE LELAND STANFORD JUNIOR UNIVERSITY,2026-08-27,8454133.82,DEAC0276SF00515,CA,MENLO PARK,94025,SAN MATEO,M181,OPER OF GOVT R&D GOCO FACILITIES,541710,"RESEARCH AND DEVELOPMENT IN THE PHYSICAL, ENGINEERING, AND LIFE SCIENCES",,,,,False,False
DEAC0276SF00515,THE LELAND STANFORD JUNIOR UNIVERSITY,2026-08-27,3087777.22,DEAC0276SF00515,CA,MENLO PARK,94025,SAN MATEO,M181,OPER OF GOVT R&D GOCO FACILITIES,541710,"RESEARCH AND DEVELOPMENT IN THE PHYSICAL, ENGINEERING, AND LIFE SCIENCES",,,,,False,False
89233121FNA400380,PROJECT ENHANCEMENT CORPORATION,2026-08-27,3832260.39,89233121FNA400380,DC,WASHINGTON,20585,DISTRICT OF COLUMBIA,R699,SUPPORT- ADMINISTRATIVE: OTHER,541620,ENVIRONMENTAL CONSULTING SERVICES,,,,,False,False
89303023CLP000046,ALLEN & OVERY LLP,2026-08-27,-24921.33,89303023CLP000046,DC,WASHINGTON,20585,DISTRICT OF COLUMBIA,R418,SUPPORT- PROFESSIONAL: LEGAL,541199,ALL OTHER LEGAL SERVICES,,,,,False,False
DENA0001942,"CONSOLIDATED NUCLEAR SECURITY, LLC",2026-08-27,247385422.27,DENA0001942,TN,OAK RIDGE,37830,ANDERSON,M1JZ,OPERATION OF MISCELLANEOUS BUILDINGS,561210,FACILITIES SUPPORT SERVICES,,,,,False,False
DENA0001942,"CONSOLIDATED NUCLEAR SECURITY, LLC",2026-08-27,2199446.45,DENA0001942,TN,OAK RIDGE,37830,ANDERSON,M1JZ,OPERATION OF MISCELLANEOUS BUILDINGS,561210,FACILITIES SUPPORT SERVICES,,,,,False,False
89303023FEI400144,"LEIDOS, INC.",2026-08-26,137000.1,89303023FEI400144,DC,WASHINGTON,20585,DISTRICT OF COLUMBIA,R702,SUPPORT- MANAGEMENT: DATA COLLECTION,518210,"COMPUTING INFRASTRUCTURE PROVIDERS, DATA PROCESSING, WEB HOSTING, AND RELATED SERVICES",,,,,False,False
89233125FNA400696,THE AEROSPACE CORPORATION,2026-08-26,0.0,89233125FNA400696,CA,EL SEGUNDO,90245,LOS ANGELES,AR14,"SPACE R&D SERVICES; SPACE FLIGHT, RESEARCH AND SUPPORTING ACTIVITIES; R&D ADMINISTRATIVE EXPENSES",541715,"RESEARCH AND DEVELOPMENT IN THE PHYSICAL, ENGINEERING, AND LIFE SCIENCES (EXCEPT NANOTECHNOLOGY AND BIOTECHNOLOGY)",,,,,False,False
89243226FNE400239,REGENCY CONSULTING INC,2026-08-26,149362.2,89243226FNE400239,ID,IDAHO FALLS,83402,BONNEVILLE,7E20,"IT AND TELECOM - END USER: HELP DESK;TIER 1-2,WORKSPACE,PRINT,OUTPUT,PRODUCTIVITY TOOLS (HW/PERP SW)",541519,OTHER COMPUTER RELATED SERVICES,,,,,False,False
89303024FIM000156,"MINBURN TECHNOLOGY GROUP, LLC",2026-08-26,1700000.0,89303024FIM000156,DC,WASHINGTON,20585,DISTRICT OF COLUMBIA,7A21,IT AND TELECOM - BUSINESS APPLICATION SOFTWARE (PERPETUAL LICENSE SOFTWARE),541519,OTHER COMPUTER RELATED SERVICES,,,,,False,False
89303023FPA400001,RED CARROT INC,2026-08-26,234251.14,89303023FPA400001,DC,WASHINGTON,20585,DISTRICT OF COLUMBIA,R699,SUPPORT- ADMINISTRATIVE: OTHER,541613,MARKETING CONSULTING SERVICES,,,,,False,False
89233126FNA400791,THE AEROSPACE CORPORATION,2026-08-26,0.0,89233126FNA400791,CA,EL SEGUNDO,90245,LOS ANGELES,AR14,"SPACE R&D SERVICES; SPACE FLIGHT, RESEARCH AND SUPPORTING ACTIVITIES; R&D ADMINISTRATIVE EXPENSES",541715,"RESEARCH AND DEVELOPMENT IN THE PHYSICAL, ENGINEERING, AND LIFE SCIENCES (EXCEPT NANOTECHNOLOGY AND BIOTECHNOLOGY)",,,,,False,False
89233126FNA400788,THE AEROSPACE CORPORATION,2026-08-26,0.0,89233126FNA400788,CA,EL SEGUNDO,90245,LOS ANGELES,AR14,"SPACE R&D SERVICES; SPACE FLIGHT, RESEARCH AND SUPPORTING ACTIVITIES; R&D ADMINISTRATIVE EXPENSES",541715,"RESEARCH AND DEVELOPMENT IN THE PHYSICAL, ENGINEERING, AND LIFE SCIENCES (EXCEPT NANOTECHNOLOGY AND BIOTECHNOLOGY)",,,,,False,False
89233018CNR000004,"FLUOR MARINE PROPULSION, LLC",2026-08-26,-4400000.0,89233018CNR000004,PA,WEST MIFFLIN,15122,ALLEGHENY,M1HA,OPERATION OF GOVERNMENT-OWNED CONTRACTOR-OPERATED (GOCO) R&D FACILITIES,541715,"RESEARCH AND DEVELOPMENT IN THE PHYSICAL, ENGINEERING, AND LIFE SCIENCES (EXCEPT NANOTECHNOLOGY AND BIOTECHNOLOGY)",,,,,False,False
89503026FWA401217,ACCESSAGILITY LLC,2026-08-26,19586.52,89503026FWA401217,CO,LAKEWOOD,80228,JEFFERSON,7A21,IT AND TELECOM - BUSINESS APPLICATION SOFTWARE (PERPETUAL LICENSE SOFTWARE),541519,OTHER COMPUTER RELATED SERVICES,,,,,False,False
89303024FIM000151,"MINBURN TECHNOLOGY GROUP, LLC",2026-08-26,2943.52,89303024FIM000151,DC,WASHINGTON,20585,DISTRICT OF COLUMBIA,7A21,IT AND TELECOM - BUSINESS APPLICATION SOFTWARE (PERPETUAL LICENSE SOFTWARE),541519,OTHER COMPUTER RELATED SERVICES,,,,,False,False
89233218CNA000001,"TRIAD NATIONAL SECURITY, LLC",2026-08-26,0.0,89233218CNA000001,NM,LOS ALAMOS,87545,LOS ALAMOS,M1JZ,OPERATION OF MISCELLANEOUS BUILDINGS,561210,FACILITIES SUPPORT SERVICES,,,,,False,False
89503026FWA000160,"MINBURN TECHNOLOGY GROUP, LLC",2026-08-26,235340.83,89503026FWA000160,CO,LAKEWOOD,80228,JEFFERSON,7A21,IT AND TELECOM - BUSINESS APPLICATION SOFTWARE (PERPETUAL LICENSE SOFTWARE),541519,OTHER COMPUTER RELATED SERVICES,,,,,False,False
DESC0012704,BROOKHAVEN SCIENCE ASSOCIATES LLC,2026-08-26,4356060.55,DESC0012704,NY,UPTON,11973,SUFFOLK,M1HA,OPERATION OF GOVERNMENT-OWNED CONTRACTOR-OPERATED (GOCO) R&D FACILITIES,541712,"RESEARCH AND DEVELOPMENT IN THE PHYSICAL, ENGINEERING, AND LIFE SCIENCES (EXCEPT BIOTECHNOLOGY)",,,,,False,False
89233125FNA400697,THE AEROSPACE CORPORATION,2026-08-26,0.0,89233125FNA400697,CA,EL SEGUNDO,90245,LOS ANGELES,AR14,"SPACE R&D SERVICES; SPACE FLIGHT, RESEARCH AND SUPPORTING ACTIVITIES; R&D ADMINISTRATIVE EXPENSES",541715,"RESEARCH AND DEVELOPMENT IN THE PHYSICAL, ENGINEERING, AND LIFE SCIENCES (EXCEPT NANOTECHNOLOGY AND BIOTECHNOLOGY)",,,,,False,False
89303322FEM400288,CHENEGA PROFESSIONAL & TECHNICAL SERVICES LLC,2026-08-26,-7155.45,89303322FEM400288,VA,CHESAPEAKE,23320,CHESAPEAKE CITY,F999,OTHER ENVIRONMENTAL SERVICES,541990,"ALL OTHER PROFESSIONAL, SCIENTIFIC, AND TECHNICAL SERVICES",,,,,False,False
89503426FWA401878,"ALTEC INDUSTRIES, INC.",2026-08-26,862749.0,89503426FWA401878,AL,BIRMINGHAM,35242,SHELBY,3810,CRANES AND CRANE-SHOVELS,336112,LIGHT TRUCK AND UTILITY VEHICLE MANUFACTURING,,,,,False,False
89603025F0062,JTF BUSINESS SYSTEMS CORPORATION,2026-08-26,37092.0,89603025F0062,DC,WASHINGTON,20426,DISTRICT OF COLUMBIA,7B20,IT AND TELECOM - HIGH PERFORMANCE COMPUTE (HARDWARE AND PERPETUAL LICENSE SOFTWARE),323113,COMMERCIAL SCREEN PRINTING,,,,,False,False
89303025FMA000604,RICOH USA INC,2026-08-26,22000.0,89303025FMA000604,DC,WASHINGTON,20585,DISTRICT OF COLUMBIA,3610,"PRINTING, DUPLICATING, AND BOOKBINDING EQUIPMENT",333244,PRINTING MACHINERY AND EQUIPMENT MANUFACTURING,,,,,False,False
89303026FMA000642,RICOH USA INC,2026-08-26,33762.0,89303026FMA000642,DC,NORTH POLE,88888,DISTRICT OF COLUMBIA,3610,"PRINTING, DUPLICATING, AND BOOKBINDING EQUIPMENT",333244,PRINTING MACHINERY AND EQUIPMENT MANUFACTURING,,,,,False,False
89303022FIM000093,AMVET TECHNOLOGIES LLC,2026-08-26,506139.93,89303022FIM000093,DC,WASHINGTON,20585,DISTRICT OF COLUMBIA,R410,SUPPORT- PROFESSIONAL: PROGRAM EVALUATION/REVIEW/DEVELOPMENT,541519,OTHER COMPUTER RELATED SERVICES,,,,,False,False
89303924FEM400059,"CENTRAL PLATEAU CLEANUP COMPANY, LLC",2026-08-26,-138402.98,89303924FEM400059,WA,RICHLAND,99352,BENTON,Z1PD,MAINTENANCE OF WASTE TREATMENT AND STORAGE FACILITIES,562910,REMEDIATION SERVICES,,,,,False,False
FERC14P0236,HITACHI ENERGY USA INC.,2026-08-26,-0.01,FERC14P0236,DC,WASHINGTON,20002,DISTRICT OF COLUMBIA,7030,INFORMATION TECHNOLOGY SOFTWARE,511210,SOFTWARE PUBLISHERS,,,,,False,False
89603026F0042,ADVANCED EEO SOLUTIONS LLC,2026-08-26,0.0,89603026F0042,DC,WASHINGTON,20426,DISTRICT OF COLUMBIA,R499,SUPPORT- PROFESSIONAL: OTHER,561611,INVESTIGATION AND PERSONAL BACKGROUND CHECK SERVICES,,,,,False,False
89233125FNA400728,"CADRE5, LLC",2026-08-26,-2459949.77,89233125FNA400728,TN,KNOXVILLE,37932,KNOX,7A20,IT AND TELECOM - APPLICATION DEVELOPMENT SOFTWARE (PERPETUAL LICENSE SOFTWARE),541511,CUSTOM COMPUTER PROGRAMMING SERVICES,,,,,False,False
DEAC0576RL01830,BATTELLE MEMORIAL INSTITUTE,2026-08-26,53024198.14,DEAC0576RL01830,WA,RICHLAND,99354,BENTON,M181,OPER OF GOVT R&D GOCO FACILITIES,541710,"RESEARCH AND DEVELOPMENT IN THE PHYSICAL, ENGINEERING, AND LIFE SCIENCES",,,,,False,False
89503122PWA000565,"ASAP DOOR REPAIR & SERVICE, INC.",2026-08-26,4000.0,89503122PWA000565,AZ,PHOENIX,85009,MARICOPA,S216,HOUSEKEEPING- FACILITIES OPERATIONS SUPPORT,811310,COMMERCIAL AND INDUSTRIAL MACHINERY AND EQUIPMENT (EXCEPT AUTOMOTIVE AND ELECTRONIC) REPAIR AND MAINTENANCE,,,,,False,False
89233122FNA400409,INNOVATIVE TECHNOLOGY PARTNERSHIPS LLC,2026-08-26,0.0,89233122FNA400409,DC,WASHINGTON,20001,DISTRICT OF COLUMBIA,R699,SUPPORT- ADMINISTRATIVE: OTHER,561210,FACILITIES SUPPORT SERVICES,,,,,False,False
89233125CNA000417,WESTINGHOUSE GOVERNMENT SERVICES LLC,2026-08-26,-2737357.14,89233125CNA000417,SC,HOPKINS,29061,RICHLAND,S215,HOUSEKEEPING- WAREHOUSING/STORAGE,493110,GENERAL WAREHOUSING AND STORAGE,,,,,False,False
89243325CFE000098,"WASEYABEK FEDERAL SERVICES, L.L.C.",2026-08-26,3014451.0,89243325CFE000098,WV,MORGANTOWN,26507,MONONGALIA,S216,HOUSEKEEPING- FACILITIES OPERATIONS SUPPORT,561210,FACILITIES SUPPORT SERVICES,,,,,False,False
89303021FIM400050,"LUMEN TECHNOLOGIES GOVERNMENT SOLUTIONS, INC.",2026-08-26,158426.99,89303021FIM400050,DC,WASHINGTON,20585,DISTRICT OF COLUMBIA,DA01,IT AND TELECOM - BUSINESS APPLICATION/APPLICATION DEVELOPMENT SUPPORT SERVICES (LABOR),517110,WIRED TELECOMMUNICATIONS CARRIERS,,,,,False,False
89233126FNA400799,VECTOR RESOURCE INC,2026-08-26,123203.78,89233126FNA400799,DC,WASHINGTON,20585,DISTRICT OF COLUMBIA,R425,SUPPORT- PROFESSIONAL: ENGINEERING/TECHNICAL,541611,ADMINISTRATIVE MANAGEMENT AND GENERAL MANAGEMENT CONSULTING SERVICES,,,,,False,False
89603026F0059,"LYME COMPUTER SYSTEMS, INC.",2026-08-26,47285.72,89603026F0059,DC,WASHINGTON,20426,DISTRICT OF COLUMBIA,7B22,IT AND TELECOM - COMPUTE: SERVERS (HARDWARE AND PERPETUAL LICENSE SOFTWARE),541519,OTHER COMPUTER RELATED SERVICES,,,,,False,False
DENA0003624,MISSION SUPPORT & TEST SERVICES LLC,2026-08-26,1341977.28,DENA0003624,NV,LAS VEGAS,89193,CLARK,M1JZ,OPERATION OF MISCELLANEOUS BUILDINGS,561210,FACILITIES SUPPORT SERVICES,,,,,False,False
DENA0003624,MISSION SUPPORT & TEST SERVICES LLC,2026-08-26,42645634.56,DENA0003624,NV,LAS VEGAS,89193,CLARK,M1JZ,OPERATION OF MISCELLANEOUS BUILDINGS,561210,FACILITIES SUPPORT SERVICES,,,,,False,False
89503426PWA002341,WW WALLWORK INC,2026-08-26,18540.25,89503426PWA002341,ND,FARGO,58102,CASS,J025,MAINT/REPAIR/REBUILD OF EQUIPMENT- VEHICULAR EQUIPMENT COMPONENTS,811310,COMMERCIAL AND INDUSTRIAL MACHINERY AND EQUIPMENT (EXCEPT AUTOMOTIVE AND ELECTRONIC) REPAIR AND MAINTENANCE,,,,,False,False
89303024FOE000042,DELOITTE CONSULTING LLP,2026-08-26,103202.15,89303024FOE000042,DC,WASHINGTON,20585,DISTRICT OF COLUMBIA,R699,SUPPORT- ADMINISTRATIVE: OTHER,541611,ADMINISTRATIVE MANAGEMENT AND GENERAL MANAGEMENT CONSULTING SERVICES,,,,,False,False
89303025FSC000018,BGRS RELOCATION INC,2026-08-26,-1040.45,89303025FSC000018,WA,BELLEVUE,98006,KING,R499,SUPPORT- PROFESSIONAL: OTHER,531390,OTHER ACTIVITIES RELATED TO REAL ESTATE,,,,,False,False
89233126FNA000237,BGRS RELOCATION INC,2026-08-26,141640.0,89233126FNA000237,NM,KIRTLAND AFB,87117,BERNALILLO,R499,SUPPORT- PROFESSIONAL: OTHER,531390,OTHER ACTIVITIES RELATED TO REAL ESTATE,,,,,False,False
89233125CNA000403,CHENEGA RELIABLE SERVICES LLC,2026-08-26,0.0,89233125CNA000403,NV,NORTH LAS VEGAS,89030,CLARK,Z1AA,MAINTENANCE OF OFFICE BUILDINGS,561210,FACILITIES SUPPORT SERVICES,,,,,False,False
89603026F0054,SIEMENS INDUSTRY INC,2026-08-26,58816.13,89603026F0054,DC,WASHINGTON,20426,DISTRICT OF COLUMBIA,6350,"MISCELLANEOUS ALARM, SIGNAL, AND SECURITY DETECTION SYSTEMS",561210,FACILITIES SUPPORT SERVICES,,,,,False,False
89303022FIM000088,ACCENTURE FEDERAL SERVICES LLC,2026-08-26,0.0,89303022FIM000088,DC,WASHINGTON,20585,DISTRICT OF COLUMBIA,DD01,"IT AND TELECOM - SERVICE DELIVERY SUPPORT SERVICES: ITSM, OPERATIONS CENTER, PROJECT/PM (LABOR)",541512,COMPUTER SYSTEMS DESIGN SERVICES,,,,,False,False
89303025FIM000170,ACCENTURE FEDERAL SERVICES LLC,2026-08-26,48411.18,89303025FIM000170,DC,WASHINGTON,20585,DISTRICT OF COLUMBIA,DA01,IT AND TELECOM - BUSINESS APPLICATION/APPLICATION DEVELOPMENT SUPPORT SERVICES (LABOR),541512,COMPUTER SYSTEMS DESIGN SERVICES,,,,,False,False
89303019FNE400003,ENERGY RESOURCES INTERNATIONAL INC,2026-08-26,-361248.51,89303019FNE400003,DC,WASHINGTON,20036,DISTRICT OF COLUMBIA,B543,SPECIAL STUDIES/ANALYSIS- ENERGY,541611,ADMINISTRATIVE MANAGEMENT AND GENERAL MANAGEMENT CONSULTING SERVICES,,,,,False,False
89303023FIM000112,ACCENTURE FEDERAL SERVICES LLC,2026-08-26,73925.9,89303023FIM000112,DC,WASHINGTON,20585,DISTRICT OF COLUMBIA,DF01,IT AND TELECOM - IT MANAGEMENT SUPPORT SERVICES (LABOR),541512,COMPUTER SYSTEMS DESIGN SERVICES,,,,,False,False
DEDT0013755,NORTHWEST NATURAL GAS CO,2026-08-26,10000.0,DEDT0013755,OR,ALBANY,97321,LINN,S111,UTILITIES- GAS,221210,NATURAL GAS DISTRIBUTION,,,,,False,False
89303024FIM000144,ACCENTURE FEDERAL SERVICES LLC,2026-08-26,6255348.9,89303024FIM000144,DC,WASHINGTON,20585,DISTRICT OF COLUMBIA,DA01,IT AND TELECOM - BUSINESS APPLICATION/APPLICATION DEVELOPMENT SUPPORT SERVICES (LABOR),541512,COMPUTER SYSTEMS DESIGN SERVICES,,,,,False,False
89303025FIM000170,ACCENTURE FEDERAL SERVICES LLC,2026-08-26,539253.47,89303025FIM000170,DC,WASHINGTON,20585,DISTRICT OF COLUMBIA,DA01,IT AND TELECOM - BUSINESS APPLICATION/APPLICATION DEVELOPMENT SUPPORT SERVICES (LABOR),541512,COMPUTER SYSTEMS DESIGN SERVICES,,,,,False,False
89503424FWA401641,CELLCO PARTNERSHIP,2026-08-26,-6032.73,89503424FWA401641,NJ,BASKING RIDGE,07920,SOMERSET,DG11,IT AND TELECOM - NETWORK: SATELLITE COMMUNICATIONS AND TELECOM ACCESS SERVICES,517312,WIRELESS TELECOMMUNICATIONS CARRIERS (EXCEPT SATELLITE),,,,,False,False
89603024F0002,ACCENTURE FEDERAL SERVICES LLC,2026-08-26,777239.81,89603024F0002,DC,WASHINGTON,20426,DISTRICT OF COLUMBIA,DF01,IT AND TELECOM - IT MANAGEMENT SUPPORT SERVICES (LABOR),541512,COMPUTER SYSTEMS DESIGN SERVICES,,,,,False,False
89303026FIM000195,ACCENTURE FEDERAL SERVICES LLC,2026-08-26,88000.04,89303026FIM000195,DC,WASHINGTON,20585,DISTRICT OF COLUMBIA,DA01,IT AND TELECOM - BUSINESS APPLICATION/APPLICATION DEVELOPMENT SUPPORT SERVICES (LABOR),541512,COMPUTER SYSTEMS DESIGN SERVICES,,,,,False,False
89303024FIM000150,ACCENTURE FEDERAL SERVICES LLC,2026-08-26,97380.31,89303024FIM000150,DC,WASHINGTON,20585,DISTRICT OF COLUMBIA,DF01,IT AND TELECOM - IT MANAGEMENT SUPPORT SERVICES (LABOR),541512,COMPUTER SYSTEMS DESIGN SERVICES,,,,,False,False
89243323CFE000075,"KEYLOGIC, LLC",2026-08-26,170000.0,89243323CFE000075,WV,MORGANTOWN,26505,MONONGALIA,R425,SUPPORT- PROFESSIONAL: ENGINEERING/TECHNICAL,541330,ENGINEERING SERVICES,,,,,False,False
89243321PFE000433,"FITNESS EXPERIENCE ALBANY, INC.",2026-08-26,0.0,89243321PFE000433,OR,ALBANY,97322,LINN,G003,SOCIAL- RECREATIONAL,713940,FITNESS AND RECREATIONAL SPORTS CENTERS,,,,,False,False
89243224FNE400148,SIGMA SCIENCE INC,2026-08-26,125000.0,89243224FNE400148,NM,ALBUQUERQUE,87110,BERNALILLO,R425,SUPPORT- PROFESSIONAL: ENGINEERING/TECHNICAL,541330,ENGINEERING SERVICES,,,,,False,False
89243224FEM400020,SIGMA SCIENCE INC,2026-08-26,0.0,89243224FEM400020,NM,ALBUQUERQUE,87110,BERNALILLO,R425,SUPPORT- PROFESSIONAL: ENGINEERING/TECHNICAL,541330,ENGINEERING SERVICES,,,,,False,False
89303325CEM000135,"ASRC FEDERAL TECHNOLOGY SOLUTIONS, LLC",2026-08-26,0.0,89303325CEM000135,MD,GERMANTOWN,20874,MONTGOMERY,DF01,IT AND TELECOM - IT MANAGEMENT SUPPORT SERVICES (LABOR),541519,OTHER COMPUTER RELATED SERVICES,,,,,False,False
89603026F0052,RED RIVER TECHNOLOGY LLC,2026-08-26,4950960.0,89603026F0052,DC,WASHINGTON,20426,DISTRICT OF COLUMBIA,7B22,IT AND TELECOM - COMPUTE: SERVERS (HARDWARE AND PERPETUAL LICENSE SOFTWARE),541519,OTHER COMPUTER RELATED SERVICES,,,,,False,False
89233122CNA000268,ANALEX CORPORATION,2026-08-26,0.0,89233122CNA000268,DC,WASHINGTON,20585,DISTRICT OF COLUMBIA,R425,SUPPORT- PROFESSIONAL: ENGINEERING/TECHNICAL,541330,ENGINEERING SERVICES,,,,,False,False
DESC0014664,"OAK RIDGE ASSOCIATED UNIVERSITIES, INCORPORATED",2026-08-26,58119517.81,DESC0014664,TN,OAK RIDGE,37831,ANDERSON,U099,EDUCATION/TRAINING- OTHER,541990,"ALL OTHER PROFESSIONAL, SCIENTIFIC, AND TECHNICAL SERVICES",,,,,False,False
DESC0014664,"OAK RIDGE ASSOCIATED UNIVERSITIES, INCORPORATED",2026-08-26,5748159.16,DESC0014664,TN,OAK RIDGE,37831,ANDERSON,U099,EDUCATION/TRAINING- OTHER,541990,"ALL OTHER PROFESSIONAL, SCIENTIFIC, AND TECHNICAL SERVICES",,,,,False,False
89303023FEI400145,IHS GLOBAL INC,2026-08-26,131938.52,89303023FEI400145,DC,WASHINGTON,20585,DISTRICT OF COLUMBIA,R499,SUPPORT- PROFESSIONAL: OTHER,519190,ALL OTHER INFORMATION SERVICES,,,,,False,False
89233122CNA000255,NEVADA SYSTEM OF HIGHER EDUCATION,2026-08-26,0.0,89233122CNA000255,NV,LAS VEGAS,89193,CLARK,AC21,NATIONAL DEFENSE R&D SERVICES; ATOMIC ENERGY DEFENSE ACTIVITIES; BASIC RESEARCH,541715,"RESEARCH AND DEVELOPMENT IN THE PHYSICAL, ENGINEERING, AND LIFE SCIENCES (EXCEPT NANOTECHNOLOGY AND BIOTECHNOLOGY)",,,,,False,False
89243322PFE000495,PENNSYLVANIA - AMERICAN WATER COMPANY,2026-08-26,25340.0,89243322PFE000495,PA,PITTSBURGH,15236,ALLEGHENY,S114,UTILITIES- WATER,221310,WATER SUPPLY AND IRRIGATION SYSTEMS,,,,,False,False
89303326FEM400479,S & K LOGISTICS SERVICES LLC,2026-08-26,-26008.0,89303326FEM400479,SC,AIKEN,29802,AIKEN,R699,SUPPORT- ADMINISTRATIVE: OTHER,561210,FACILITIES SUPPORT SERVICES,,,,,False,False
89303025FEA400009,"EAGLE HARBOR, LLC",2026-08-26,300000.0,89303025FEA400009,NM,KIRTLAND AFB,87117,BERNALILLO,M1CZ,OPERATION OF OTHER EDUCATIONAL BUILDINGS,611519,OTHER TECHNICAL AND TRADE SCHOOLS,,,,,False,False
89303326PEM000273,"FCN, INC.",2026-08-26,3000.0,89303326PEM000273,OH,CINCINNATI,45202,HAMILTON,7B20,IT AND TELECOM - HIGH PERFORMANCE COMPUTE (HARDWARE AND PERPETUAL LICENSE SOFTWARE),518210,"COMPUTING INFRASTRUCTURE PROVIDERS, DATA PROCESSING, WEB HOSTING, AND RELATED SERVICES",,,,,False,False
89503326FWA400243,EATON CORPORATION,2026-08-26,20098.64,89503326FWA400243,CA,FOLSOM,95630,SACRAMENTO,J061,MAINT/REPAIR/REBUILD OF EQUIPMENT- ELECTRIC WIRE AND POWER DISTRIBUTION EQUIPMENT,561210,FACILITIES SUPPORT SERVICES,,,,,False,False
89303023FMA400714,"NORTH ARROW, INC.",2026-08-26,25244.69,89303023FMA400714,DC,WASHINGTON,20585,DISTRICT OF COLUMBIA,C1AZ,ARCHITECT AND ENGINEERING- CONSTRUCTION: OTHER ADMINISTRATIVE FACILITIES/SERVICE BUILDINGS,541310,ARCHITECTURAL SERVICES,,,,,False,False
DEAC0206CH11357,"UCHICAGO ARGONNE, LLC",2026-08-26,14363834.56,DEAC0206CH11357,IL,LEMONT,60439,DUPAGE,M181,OPER OF GOVT R&D GOCO FACILITIES,541710,"RESEARCH AND DEVELOPMENT IN THE PHYSICAL, ENGINEERING, AND LIFE SCIENCES",,,,,False,False
89243326PFE001003,WOOD MACKENZIE INC,2026-08-26,86975.0,89243326PFE001003,TX,HOUSTON,77057,HARRIS,R425,SUPPORT- PROFESSIONAL: ENGINEERING/TECHNICAL,541690,OTHER SCIENTIFIC AND TECHNICAL CONSULTING SERVICES,,,,,False,False
DEAC0206CH11357,"UCHICAGO ARGONNE, LLC",2026-08-26,10991984.63,DEAC0206CH11357,IL,LEMONT,60439,DUPAGE,M181,OPER OF GOVT R&D GOCO FACILITIES,541710,"RESEARCH AND DEVELOPMENT IN THE PHYSICAL, ENGINEERING, AND LIFE SCIENCES",,,,,False,False
89233124FNA400641,MELE ASSOCIATES INC,2026-08-26,115574.08,89233124FNA400641,DC,WASHINGTON,20585,DISTRICT OF COLUMBIA,L099,TECHNICAL REPRESENTATIVE- MISCELLANEOUS,541330,ENGINEERING SERVICES,,,,,False,False
89303324FEM400420,"APTIM FEDERAL SERVICES, LLC",2026-08-26,0.0,89303324FEM400420,NY,NISKAYUNA,12309,SCHENECTADY,F999,OTHER ENVIRONMENTAL SERVICES,562910,REMEDIATION SERVICES,,,,,False,False
89503026FWA000159,WOMBLE BOND DICKINSON US LLP,2026-08-26,176475.0,89503026FWA000159,NC,WINSTON SALEM,27101,FORSYTH,R418,SUPPORT- PROFESSIONAL: LEGAL,541110,OFFICES OF LAWYERS,,,,,False,False
89233124FNA400630,TI VERBATIM CONSULTING INC.,2026-08-26,34521.0,89233124FNA400630,TX,AMARILLO,79120,POTTER,R699,SUPPORT- ADMINISTRATIVE: OTHER,611430,PROFESSIONAL AND MANAGEMENT DEVELOPMENT TRAINING,,,,,False,False
89243018FSC400015,IRON MOUNTAIN INFORMATION MANAGEMENT LLC,2026-08-26,-2040.21,89243018FSC400015,NH,PORTSMOUTH,03801,ROCKINGHAM,S215,HOUSEKEEPING- WAREHOUSING/STORAGE,493110,GENERAL WAREHOUSING AND STORAGE,,,,,False,False
89303025PMS000014,POPLICUS INCORPORATED,2026-08-26,0.0,89303025PMS000014,DC,WASHINGTON,20005,DISTRICT OF COLUMBIA,DA10,IT AND TELECOM - BUSINESS APPLICATION/APPLICATION DEVELOPMENT SOFTWARE AS A SERVICE,513210,SOFTWARE PUBLISHERS,,,,,False,False
89303024FMA400847,"HITT CONTRACTING, INC.",2026-08-26,112305.0,89303024FMA400847,DC,WASHINGTON,20585,DISTRICT OF COLUMBIA,Z2AB,REPAIR OR ALTERATION OF CONFERENCE SPACE AND FACILITIES,236220,COMMERCIAL AND INSTITUTIONAL BUILDING CONSTRUCTION,,,,,False,False
89603023F0077,WORLD WIDE TECHNOLOGY LLC,2026-08-26,550293.25,89603023F0077,DC,WASHINGTON,20426,DISTRICT OF COLUMBIA,DJ01,IT AND TELECOM - SECURITY AND COMPLIANCE SUPPORT SERVICES (LABOR),334111,ELECTRONIC COMPUTER MANUFACTURING,,,,,False,False
89303022FHC400018,BUSINESS MANAGEMENT ASSOCIATES INC.,2026-08-26,500000.0,89303022FHC400018,DC,WASHINGTON,20585,DISTRICT OF COLUMBIA,R799,SUPPORT- MANAGEMENT: OTHER,541612,"HUMAN RESOURCES CONSULTING SERVICES (2007), HUMAN RESOURCES AND EXECUTIVE SEARCH CONSULTING SERVICES (2002)",,,,,False,False
89303026FAU400027,AMERICAN BADGE INC,2026-08-26,0.0,89303026FAU400027,DC,WASHINGTON,20585,DISTRICT OF COLUMBIA,8455,BADGES AND INSIGNIA,332999,ALL OTHER MISCELLANEOUS FABRICATED METAL PRODUCT MANUFACTURING,,,,,False,False
89603025P0026,"ACCENT COMPLIANCE, LLC",2026-08-25,0.0,89603025P0026,DC,NORTH POLE,88888,DISTRICT OF COLUMBIA,R499,SUPPORT- PROFESSIONAL: OTHER,541620,ENVIRONMENTAL CONSULTING SERVICES,,,,,False,False
89603026F0057,SOFTWARE INFORMATION RESOURCE CORP.,2026-08-25,10629.56,89603026F0057,MI,FARMINGTON HILLS,48335,OAKLAND,DJ01,IT AND TELECOM - SECURITY AND COMPLIANCE SUPPORT SERVICES (LABOR),541519,OTHER COMPUTER RELATED SERVICES,,,,,False,False
89503426FWA401875,LESKCA INCORPORATED,2026-08-25,343441.0,89503426FWA401875,SD,WESSINGTON,57381,BEADLE,Y1PZ,CONSTRUCTION OF OTHER NON-BUILDING FACILITIES,237130,POWER AND COMMUNICATION LINE AND RELATED STRUCTURES CONSTRUCTION,,,,,False,False
89503426FWA401876,LESKCA INCORPORATED,2026-08-25,146764.0,89503426FWA401876,ND,FARGO,58103,CASS,Z1PZ,MAINTENANCE OF OTHER NON-BUILDING FACILITIES,237130,POWER AND COMMUNICATION LINE AND RELATED STRUCTURES CONSTRUCTION,,,,,False,False
89233124CNA000337,BANDA GROUP INTERNATIONAL LLC,2026-08-25,0.0,89233124CNA000337,AZ,MESA,85202,MARICOPA,R425,SUPPORT- PROFESSIONAL: ENGINEERING/TECHNICAL,541690,OTHER SCIENTIFIC AND TECHNICAL CONSULTING SERVICES,,,,,False,False
89303424FEM400023,"S&K MISSION SUPPORT, LLC",2026-08-25,1230000.0,89303424FEM400023,NM,LOS ALAMOS,87544,LOS ALAMOS,F999,OTHER ENVIRONMENTAL SERVICES,562910,REMEDIATION SERVICES,,,,,False,False
89243126FSC400908,"THE WINVALE GROUP, LLC",2026-08-25,26303.39,89243126FSC400908,VA,HENRICO,23233,HENRICO,DH01,"IT AND TELECOM - PLATFORM SUPPORT SERVICES: DATABASE, MAINFRAME, MIDDLEWARE (LABOR)",334111,ELECTRONIC COMPUTER MANUFACTURING,,,,,False,False
DEAC0576RL01830,BATTELLE MEMORIAL INSTITUTE,2026-08-25,79541911.13,DEAC0576RL01830,WA,RICHLAND,99354,BENTON,M181,OPER OF GOVT R&D GOCO FACILITIES,541710,"RESEARCH AND DEVELOPMENT IN THE PHYSICAL, ENGINEERING, AND LIFE SCIENCES",,,,,False,False
89503226PWA000645,RLH INC.,2026-08-25,70158.0,89503226PWA000645,SD,MISSION,57555,TODD,6145,"WIRE AND CABLE, ELECTRICAL",335931,CURRENT-CARRYING WIRING DEVICE MANUFACTURING,,,,,False,False
89233124FNA400635,VECTOR RESOURCE INC,2026-08-25,3447985.76,89233124FNA400635,NM,LOS ALAMOS,87544,LOS ALAMOS,R425,SUPPORT- PROFESSIONAL: ENGINEERING/TECHNICAL,541611,ADMINISTRATIVE MANAGEMENT AND GENERAL MANAGEMENT CONSULTING SERVICES,,,,,False,False
89503426PWA002352,MAYOINTHEMIX LLC,2026-08-25,30655.23,89503426PWA002352,SD,RAPID CITY,57701,PENNINGTON,5660,"FENCING, FENCES, GATES AND COMPONENTS",238990,ALL OTHER SPECIALTY TRADE CONTRACTORS,,,,,False,False
89503425FWA401775,"NEW TECH SOLUTIONS, INC.",2026-08-25,0.0,89503425FWA401775,SD,HURON,57350,BEADLE,5945,RELAYS AND SOLENOIDS,541519,OTHER COMPUTER RELATED SERVICES,,,,,False,False
89243123CSC000139,MANAGEMENT SOLUTIONS LLC,2026-08-25,45000.0,89243123CSC000139,TN,OAK RIDGE,37830,ANDERSON,Z1AZ,MAINTENANCE OF OTHER ADMINISTRATIVE FACILITIES AND SERVICE BUILDINGS,561210,FACILITIES SUPPORT SERVICES,,,,,False,False
89233124FNA400636,VECTOR RESOURCE INC,2026-08-25,2173453.28,89233124FNA400636,NM,LOS ALAMOS,87544,LOS ALAMOS,R425,SUPPORT- PROFESSIONAL: ENGINEERING/TECHNICAL,541611,ADMINISTRATIVE MANAGEMENT AND GENERAL MANAGEMENT CONSULTING SERVICES,,,,,False,False
89503026FWA401214,"NEW TECH SOLUTIONS, INC.",2026-08-25,266055.19,89503026FWA401214,CO,LAKEWOOD,80228,JEFFERSON,7A21,IT AND TELECOM - BUSINESS APPLICATION SOFTWARE (PERPETUAL LICENSE SOFTWARE),541519,OTHER COMPUTER RELATED SERVICES,,,,,False,False
89303026PIG000159,"VOUND COLORADO, LTD.",2026-08-25,30470.0,89303026PIG000159,DC,WASHINGTON,20585,DISTRICT OF COLUMBIA,7A21,IT AND TELECOM - BUSINESS APPLICATION SOFTWARE (PERPETUAL LICENSE SOFTWARE),513210,SOFTWARE PUBLISHERS,,,,,False,False
89503026FWA401204,HEWLETT PACKARD ENTERPRISE COMPANY,2026-08-25,287500.0,89503026FWA401204,CO,LAKEWOOD,80228,JEFFERSON,7B22,IT AND TELECOM - COMPUTE: SERVERS (HARDWARE AND PERPETUAL LICENSE SOFTWARE),334111,ELECTRONIC COMPUTER MANUFACTURING,,,,,False,False
89603026F0056,NEXIGHT GROUP LLC,2026-08-25,225028.5,89603026F0056,DC,NORTH POLE,88888,DISTRICT OF COLUMBIA,R499,SUPPORT- PROFESSIONAL: OTHER,541611,ADMINISTRATIVE MANAGEMENT AND GENERAL MANAGEMENT CONSULTING SERVICES,,,,,False,False
89303324FEM400400,"TEKPRO SUPPORT SERVICES, LLC",2026-08-25,220887.9,89303324FEM400400,NM,LOS ALAMOS,87544,LOS ALAMOS,F999,OTHER ENVIRONMENTAL SERVICES,561499,ALL OTHER BUSINESS SUPPORT SERVICES,,,,,False,False
89503526FSP400131,"AT&T ENTERPRISES, LLC",2026-08-25,55000.0,89503526FSP400131,GA,ELBERTON,30635,ELBERT,DG11,IT AND TELECOM - NETWORK: SATELLITE COMMUNICATIONS AND TELECOM ACCESS SERVICES,541519,OTHER COMPUTER RELATED SERVICES,,,,,False,False
89233122FNA000099,ACCENTURE FEDERAL SERVICES LLC,2026-08-25,-31206.66,89233122FNA000099,DC,WASHINGTON,20585,DISTRICT OF COLUMBIA,7A21,IT AND TELECOM - BUSINESS APPLICATION SOFTWARE (PERPETUAL LICENSE SOFTWARE),541512,COMPUTER SYSTEMS DESIGN SERVICES,,,,,False,False
89303323FEM400389,"TEKPRO SUPPORT SERVICES, LLC",2026-08-25,-3953.38,89303323FEM400389,OH,CINCINNATI,45202,HAMILTON,F999,OTHER ENVIRONMENTAL SERVICES,561499,ALL OTHER BUSINESS SUPPORT SERVICES,,,,,False,False
89303024FIM000147,ACCENTURE FEDERAL SERVICES LLC,2026-08-25,-237515.0,89303024FIM000147,DC,WASHINGTON,20585,DISTRICT OF COLUMBIA,DA01,IT AND TELECOM - BUSINESS APPLICATION/APPLICATION DEVELOPMENT SUPPORT SERVICES (LABOR),541512,COMPUTER SYSTEMS DESIGN SERVICES,,,,,False,False
89303026FIM000198,ACCENTURE FEDERAL SERVICES LLC,2026-08-25,2994326.6,89303026FIM000198,DC,WASHINGTON,20585,DISTRICT OF COLUMBIA,DA01,IT AND TELECOM - BUSINESS APPLICATION/APPLICATION DEVELOPMENT SUPPORT SERVICES (LABOR),541512,COMPUTER SYSTEMS DESIGN SERVICES,,,,,False,False
89233126CNA000433,TPGI CPA PLLC,2026-08-25,66063.0,89233126CNA000433,NM,ALBUQUERQUE,87185,BERNALILLO,R699,SUPPORT- ADMINISTRATIVE: OTHER,561110,OFFICE ADMINISTRATIVE SERVICES,,,,,False,False
89303323FLM400007,"RSI ENTECH, LLC",2026-08-25,0.0,89303323FLM400007,TN,OAK RIDGE,37830,ANDERSON,R799,SUPPORT- MANAGEMENT: OTHER,562910,REMEDIATION SERVICES,,,,,False,False
89303126FEM400504,BAHFED CORP,2026-08-25,3715.84,89303126FEM400504,KY,LEXINGTON,40513,FAYETTE,7A21,IT AND TELECOM - BUSINESS APPLICATION SOFTWARE (PERPETUAL LICENSE SOFTWARE),541519,OTHER COMPUTER RELATED SERVICES,,,,,False,False
89233124CNA000349,"YULISTA SOLUTIONS, LLC",2026-08-25,54789.97,89233124CNA000349,NM,ALBUQUERQUE,87185,BERNALILLO,J015,MAINT/REPAIR/REBUILD OF EQUIPMENT- AIRCRAFT AND AIRFRAME STRUCTURAL COMPONENTS,488190,OTHER SUPPORT ACTIVITIES FOR AIR TRANSPORTATION,,,,,False,False
89243323CFE000074,KBC ENERGY SOLUTIONS LLC,2026-08-25,445000.0,89243323CFE000074,WV,MORGANTOWN,26505,MONONGALIA,R425,SUPPORT- PROFESSIONAL: ENGINEERING/TECHNICAL,541330,ENGINEERING SERVICES,,,,,False,False
89243325FFE400652,"MAXIMUS FEDERAL SERVICES, INC.",2026-08-25,1325255.0,89243325FFE400652,WV,MORGANTOWN,26501,MONONGALIA,DF01,IT AND TELECOM - IT MANAGEMENT SUPPORT SERVICES (LABOR),541512,COMPUTER SYSTEMS DESIGN SERVICES,,,,,False,False
89503223FWA400421,G & RK CONSULTING ASSOCIATES LLC,2026-08-25,1036.36,89503223FWA400421,CO,LITTLETON,80120,ARAPAHOE,5925,CIRCUIT BREAKERS,335313,SWITCHGEAR AND SWITCHBOARD APPARATUS MANUFACTURING,,,,,False,False
89303126FEM400448,"DH TECHNOLOGIES, INC.",2026-08-25,0.0,89303126FEM400448,KY,LEXINGTON,40513,FAYETTE,7A21,IT AND TELECOM - BUSINESS APPLICATION SOFTWARE (PERPETUAL LICENSE SOFTWARE),541519,OTHER COMPUTER RELATED SERVICES,,,,,False,False
89303326FEM400484,J FOSTER & ASSOCIATES LLC,2026-08-25,276307.94,89303326FEM400484,ID,IDAHO FALLS,83402,BONNEVILLE,R425,SUPPORT- PROFESSIONAL: ENGINEERING/TECHNICAL,541990,"ALL OTHER PROFESSIONAL, SCIENTIFIC, AND TECHNICAL SERVICES",,,,,False,False
89503225CWA000115,INTEGRATED POWER CO,2026-08-25,0.0,89503225CWA000115,CO,ROGGEN,80652,WELD,Y1PZ,CONSTRUCTION OF OTHER NON-BUILDING FACILITIES,237130,POWER AND COMMUNICATION LINE AND RELATED STRUCTURES CONSTRUCTION,,,,,False,False
89603026P0015,"CROWLEY MICROGRAPHICS, INC.",2026-08-25,11964.0,89603026P0015,DC,NORTH POLE,88888,DISTRICT OF COLUMBIA,DA01,IT AND TELECOM - BUSINESS APPLICATION/APPLICATION DEVELOPMENT SUPPORT SERVICES (LABOR),541512,COMPUTER SYSTEMS DESIGN SERVICES,,,,,False,False
89503425FWA401774,"ADVANCED COMPUTER CONCEPTS, INC.",2026-08-25,0.0,89503425FWA401774,MT,BILLINGS,59107,YELLOWSTONE,5820,"RADIO AND TELEVISION COMMUNICATION EQUIPMENT, EXCEPT AIRBORNE",541519,OTHER COMPUTER RELATED SERVICES,,,,,False,False
89233125CNA000429,"BWXT ORDNANCE TENNESSEE, INC.",2026-08-25,500000.0,89233125CNA000429,TN,JONESBOROUGH,37659,WASHINGTON,F999,OTHER ENVIRONMENTAL SERVICES,325180,OTHER BASIC INORGANIC CHEMICAL MANUFACTURING,,,,,False,False
89233120CNA000130,CHENEGA HEALTHCARE SERVICES LLC,2026-08-25,250000.0,89233120CNA000130,NM,ALBUQUERQUE,87185,BERNALILLO,Q999,MEDICAL- OTHER,621999,ALL OTHER MISCELLANEOUS AMBULATORY HEALTH CARE SERVICES,,,,,False,False
89303024PIG000134,SOFTWARE INFORMATION RESOURCE CORP.,2026-08-24,0.0,89303024PIG000134,DC,WASHINGTON,20037,DISTRICT OF COLUMBIA,7A21,IT AND TELECOM - BUSINESS APPLICATION SOFTWARE (PERPETUAL LICENSE SOFTWARE),513210,SOFTWARE PUBLISHERS,,,,,False,False
89503424FWA401635,"ALTEC INDUSTRIES, INC.",2026-08-24,0.0,89503424FWA401635,AL,BIRMINGHAM,35242,SHELBY,3810,CRANES AND CRANE-SHOVELS,336112,LIGHT TRUCK AND UTILITY VEHICLE MANUFACTURING,,,,,False,False
89233122FNA400443,"HARKCON, INC.",2026-08-24,544942.85,89233122FNA400443,DC,WASHINGTON,20585,DISTRICT OF COLUMBIA,R499,SUPPORT- PROFESSIONAL: OTHER,541611,ADMINISTRATIVE MANAGEMENT AND GENERAL MANAGEMENT CONSULTING SERVICES,,,,,False,False
89603026F0031,ADVANCED EEO SOLUTIONS LLC,2026-08-24,0.0,89603026F0031,DC,WASHINGTON,20426,DISTRICT OF COLUMBIA,R499,SUPPORT- PROFESSIONAL: OTHER,561611,INVESTIGATION AND PERSONAL BACKGROUND CHECK SERVICES,,,,,False,False
89233126CNA000441,BVG & CO CONSULTING LLC,2026-08-24,764147.57,89233126CNA000441,DC,WASHINGTON,20585,DISTRICT OF COLUMBIA,R429,SUPPORT- PROFESSIONAL: EMERGENCY RESPONSE/DISASTER PLANNING/PREPAREDNESS SUPPORT,541715,"RESEARCH AND DEVELOPMENT IN THE PHYSICAL, ENGINEERING, AND LIFE SCIENCES (EXCEPT NANOTECHNOLOGY AND BIOTECHNOLOGY)",,,,,False,False
89233123FNA400535,"BWXT NUCLEAR OPERATIONS GROUP, INC.",2026-08-24,15985145.23,89233123FNA400535,VA,LYNCHBURG,24505,LYNCHBURG CITY,F999,OTHER ENVIRONMENTAL SERVICES,325180,OTHER BASIC INORGANIC CHEMICAL MANUFACTURING,,,,,False,False
89233125CNA000403,CHENEGA RELIABLE SERVICES LLC,2026-08-24,54854.2,89233125CNA000403,NV,NORTH LAS VEGAS,89030,CLARK,Z1AA,MAINTENANCE OF OFFICE BUILDINGS,561210,FACILITIES SUPPORT SERVICES,,,,,False,False
89303325FEM400456,S & K FEDERAL SERVICES LLC,2026-08-24,90000.0,89303325FEM400456,TN,OAK RIDGE,37830,ANDERSON,F999,OTHER ENVIRONMENTAL SERVICES,541620,ENVIRONMENTAL CONSULTING SERVICES,,,,,False,False
89603023P0035,"TYNDALE ENTERPRISES, INC.",2026-08-24,0.0,89603023P0035,PA,PIPERSVILLE,18947,BUCKS,8415,"CLOTHING, SPECIAL PURPOSE",423490,OTHER PROFESSIONAL EQUIPMENT AND SUPPLIES MERCHANT WHOLESALERS,,,,,False,False
89243225CNE000041,"L. E. PEABODY & ASSOCIATES, INC",2026-08-24,184525.0,89243225CNE000041,VA,ALEXANDRIA,22314,ALEXANDRIA CITY,R425,SUPPORT- PROFESSIONAL: ENGINEERING/TECHNICAL,541990,"ALL OTHER PROFESSIONAL, SCIENTIFIC, AND TECHNICAL SERVICES",,,,,False,False
89243425FEE000497,ENERGY TECHNOLOGY ALLIANCE LLC,2026-08-24,-208686.84,89243425FEE000497,DC,WASHINGTON,20001,DISTRICT OF COLUMBIA,R425,SUPPORT- PROFESSIONAL: ENGINEERING/TECHNICAL,562910,REMEDIATION SERVICES,,,,,False,False
89243425FEE000504,ENERGY TECHNOLOGY ALLIANCE LLC,2026-08-24,-632804.26,89243425FEE000504,CO,GOLDEN,80401,JEFFERSON,R425,SUPPORT- PROFESSIONAL: ENGINEERING/TECHNICAL,562910,REMEDIATION SERVICES,,,,,False,False
89303323FEM400387,"TEKPRO SUPPORT SERVICES, LLC",2026-08-24,-173800.4,89303323FEM400387,OH,CINCINNATI,45202,HAMILTON,F999,OTHER ENVIRONMENTAL SERVICES,561499,ALL OTHER BUSINESS SUPPORT SERVICES,,,,,False,False
89303924FEM000265,SALMON GROUP INC,2026-08-24,-22554.32,89303924FEM000265,WA,RICHLAND,99354,BENTON,R699,SUPPORT- ADMINISTRATIVE: OTHER,541519,OTHER COMPUTER RELATED SERVICES,,,,,False,False
89303125FEM400428,SOUTHERN OHIO CLEANUP COMPANY LLC,2026-08-24,24567000.0,89303125FEM400428,OH,PIKETON,45661,PIKE,F999,OTHER ENVIRONMENTAL SERVICES,562910,REMEDIATION SERVICES,,,,,False,False
89503026FWA401215,BAHFED CORP,2026-08-24,85563.0,89503026FWA401215,CO,LAKEWOOD,80228,JEFFERSON,7A21,IT AND TELECOM - BUSINESS APPLICATION SOFTWARE (PERPETUAL LICENSE SOFTWARE),541519,OTHER COMPUTER RELATED SERVICES,,,,,False,False
89303024FOP400008,"ONLOCATION, INC",2026-08-24,-166059.51,89303024FOP400008,DC,WASHINGTON,20585,DISTRICT OF COLUMBIA,R406,SUPPORT- PROFESSIONAL: POLICY REVIEW/DEVELOPMENT,541611,ADMINISTRATIVE MANAGEMENT AND GENERAL MANAGEMENT CONSULTING SERVICES,,,,,False,False
89603026F0055,RELX INC.,2026-08-24,28314.0,89603026F0055,DC,WASHINGTON,20426,DISTRICT OF COLUMBIA,7A20,IT AND TELECOM - APPLICATION DEVELOPMENT SOFTWARE (PERPETUAL LICENSE SOFTWARE),511120,PERIODICAL PUBLISHERS,,,,,False,False
89233125CNA000412,SKOOKUM EDUCATIONAL PROGRAMS,2026-08-24,0.0,89233125CNA000412,TN,OAK RIDGE,37830,ROANE,Z1AZ,MAINTENANCE OF OTHER ADMINISTRATIVE FACILITIES AND SERVICE BUILDINGS,561210,FACILITIES SUPPORT SERVICES,,,,,False,False
89303025FEM000096,COHNREZNICK LLP,2026-08-24,0.0,89303025FEM000096,NY,NEW YORK,10019,NEW YORK,R704,SUPPORT- MANAGEMENT: AUDITING,541211,OFFICES OF CERTIFIED PUBLIC ACCOUNTANTS,,,,,False,False
89303026FEI400163,"EDGEWATER FEDERAL SOLUTIONS, INC.",2026-08-24,0.0,89303026FEI400163,MD,FREDERICK,21703,FREDERICK,R702,SUPPORT- MANAGEMENT: DATA COLLECTION,518210,"COMPUTING INFRASTRUCTURE PROVIDERS, DATA PROCESSING, WEB HOSTING, AND RELATED SERVICES",,,,,False,False
89243426FEE000622,THE BUILDING PEOPLE LLC,2026-08-24,224805.0,89243426FEE000622,VA,LEESBURG,20175,LOUDOUN,R699,SUPPORT- ADMINISTRATIVE: OTHER,561210,FACILITIES SUPPORT SERVICES,,,,,False,False
89243323CFE000074,KBC ENERGY SOLUTIONS LLC,2026-08-24,175000.0,89243323CFE000074,WV,MORGANTOWN,26505,MONONGALIA,R425,SUPPORT- PROFESSIONAL: ENGINEERING/TECHNICAL,541330,ENGINEERING SERVICES,,,,,False,False
89503426FWA401872,ALEXTON INCORPORATED,2026-08-24,742090.9,89503426FWA401872,SD,HURON,57350,BEADLE,R699,SUPPORT- ADMINISTRATIVE: OTHER,541211,OFFICES OF CERTIFIED PUBLIC ACCOUNTANTS,,,,,False,False
89233124FNA400606,"THUNDERCAT TECHNOLOGY, LLC",2026-08-24,0.0,89233124FNA400606,DC,WASHINGTON,20585,DISTRICT OF COLUMBIA,7A21,IT AND TELECOM - BUSINESS APPLICATION SOFTWARE (PERPETUAL LICENSE SOFTWARE),541519,OTHER COMPUTER RELATED SERVICES,,,,,False,False
89503226FWA400868,ROCK & ASSOCIATES,2026-08-24,30135.6,89503226FWA400868,CO,ARVADA,80005,JEFFERSON,5970,ELECTRICAL INSULATORS AND INSULATING MATERIALS,327110,"POTTERY, CERAMICS, AND PLUMBING FIXTURE MANUFACTURING",,,,,False,False
89303321CEM000080,"BATTELLE SAVANNAH RIVER ALLIANCE, LLC",2026-08-24,13842994.17,89303321CEM000080,SC,AIKEN,29803,AIKEN,AJ12,GENERAL SCIENCE AND TECHNOLOGY R&D SERVICES; GENERAL SCIENCE AND TECHNOLOGY; APPLIED RESEARCH,541715,"RESEARCH AND DEVELOPMENT IN THE PHYSICAL, ENGINEERING, AND LIFE SCIENCES (EXCEPT NANOTECHNOLOGY AND BIOTECHNOLOGY)",,,,,False,False
89233125FNA400663,MELE ASSOCIATES INC,2026-08-24,0.0,89233125FNA400663,DC,WASHINGTON,20585,DISTRICT OF COLUMBIA,R499,SUPPORT- PROFESSIONAL: OTHER,541330,ENGINEERING SERVICES,,,,,False,False
89303123FEM400244,FOUR RIVERS NUCLEAR PARTNERSHIP LLC,2026-08-24,1600000.0,89303123FEM400244,KY,KEVIL,42053,MCCRACKEN,F999,OTHER ENVIRONMENTAL SERVICES,562910,REMEDIATION SERVICES,,,,,False,False
89303021FIM400058,VERIZON BUSINESS NETWORK SERVICES LLC,2026-08-24,220900.0,89303021FIM400058,DC,WASHINGTON,20585,DISTRICT OF COLUMBIA,DA01,IT AND TELECOM - BUSINESS APPLICATION/APPLICATION DEVELOPMENT SUPPORT SERVICES (LABOR),517110,WIRED TELECOMMUNICATIONS CARRIERS,,,,,False,False
89243426FEE000621,"RACK-WILDNER & REESE, INC.",2026-08-24,869470.0,89243426FEE000621,PA,PITTSBURGH,15203,ALLEGHENY,R699,SUPPORT- ADMINISTRATIVE: OTHER,541820,PUBLIC RELATIONS AGENCIES,,,,,False,False
89503024CWA000031,OPEN SYSTEMS INTERNATIONAL INC,2026-08-24,134852.28,89503024CWA000031,CO,LOVELAND,80538,LARIMER,DA10,IT AND TELECOM - BUSINESS APPLICATION/APPLICATION DEVELOPMENT SOFTWARE AS A SERVICE,541511,CUSTOM COMPUTER PROGRAMMING SERVICES,,,,,False,False
89233126CNA000450,SOUTHWEST RESEARCH INSTITUTE,2026-08-24,800000.0,89233126CNA000450,TX,SAN ANTONIO,78238,BEXAR,R425,SUPPORT- PROFESSIONAL: ENGINEERING/TECHNICAL,541330,ENGINEERING SERVICES,,,,,False,False
89243425FFP400009,DOW MOUNTAIN LLC,2026-08-24,0.0,89243425FFP400009,WA,OLYMPIA,98501,THURSTON,R425,SUPPORT- PROFESSIONAL: ENGINEERING/TECHNICAL,541690,OTHER SCIENTIFIC AND TECHNICAL CONSULTING SERVICES,,,,,False,False
89303025PMS000013,BENCHMARK MINERAL INTELLIGENCE LIMITED,2026-08-21,167200.0,89303025PMS000013,DC,WASHINGTON,20005,DISTRICT OF COLUMBIA,DA10,IT AND TELECOM - BUSINESS APPLICATION/APPLICATION DEVELOPMENT SOFTWARE AS A SERVICE,516210,"MEDIA STREAMING DISTRIBUTION SERVICES, SOCIAL NETWORKS, AND OTHER MEDIA NETWORKS AND CONTENT PROVIDERS",,,,,False,False
89503426FWA401873,"ALTEC INDUSTRIES, INC.",2026-08-21,898539.66,89503426FWA401873,AL,BIRMINGHAM,35242,SHELBY,3950,"WINCHES, HOISTS, CRANES, AND DERRICKS",336112,LIGHT TRUCK AND UTILITY VEHICLE MANUFACTURING,,,,,False,False
89233122FNA400406,CHENEGA PROFESSIONAL & TECHNICAL SERVICES LLC,2026-08-21,0.0,89233122FNA400406,NM,KIRTLAND AFB,87117,BERNALILLO,R499,SUPPORT- PROFESSIONAL: OTHER,541611,ADMINISTRATIVE MANAGEMENT AND GENERAL MANAGEMENT CONSULTING SERVICES,,,,,False,False
89233122FNA400406,CHENEGA PROFESSIONAL & TECHNICAL SERVICES LLC,2026-08-21,0.0,89233122FNA400406,NM,KIRTLAND AFB,87117,BERNALILLO,R499,SUPPORT- PROFESSIONAL: OTHER,541611,ADMINISTRATIVE MANAGEMENT AND GENERAL MANAGEMENT CONSULTING SERVICES,,,,,False,False
89603022P0025,RTO INSIDER LLC,2026-08-21,-0.16,89603022P0025,DC,WASHINGTON,20426,DISTRICT OF COLUMBIA,7A20,IT AND TELECOM - APPLICATION DEVELOPMENT SOFTWARE (PERPETUAL LICENSE SOFTWARE),519130,INTERNET PUBLISHING AND BROADCASTING AND WEB SEARCH PORTALS,,,,,False,False
89303325FEM400452,"S&K MISSION SUPPORT, LLC",2026-08-21,0.0,89303325FEM400452,CO,GRAND JUNCTION,81501,MESA,F999,OTHER ENVIRONMENTAL SERVICES,562910,REMEDIATION SERVICES,,,,,False,False
89603022P0025,RTO INSIDER LLC,2026-08-21,93471.67,89603022P0025,DC,WASHINGTON,20426,DISTRICT OF COLUMBIA,7A20,IT AND TELECOM - APPLICATION DEVELOPMENT SOFTWARE (PERPETUAL LICENSE SOFTWARE),519130,INTERNET PUBLISHING AND BROADCASTING AND WEB SEARCH PORTALS,,,,,False,False
89603024F0070,"ENVIRONMENTAL SYSTEMS RESEARCH INSTITUTE, INC.",2026-08-21,-180.35,89603024F0070,DC,WASHINGTON,20426,DISTRICT OF COLUMBIA,7B22,IT AND TELECOM - COMPUTE: SERVERS (HARDWARE AND PERPETUAL LICENSE SOFTWARE),511210,SOFTWARE PUBLISHERS,,,,,False,False
89303323FEM400321,FPM-AECOM JV1,2026-08-21,100000.0,89303323FEM400321,NY,WEST VALLEY,14171,CATTARAUGUS,F999,OTHER ENVIRONMENTAL SERVICES,562910,REMEDIATION SERVICES,,,,,False,False
89233126PNA000219,STREET LEGAL INDUSTRIES LLC,2026-08-21,76154.32,89233126PNA000219,NM,KIRTLAND AFB,87117,BERNALILLO,S205,HOUSEKEEPING- TRASH/GARBAGE COLLECTION,562111,SOLID WASTE COLLECTION,,,,,False,False
89303525CEM000018,STREET LEGAL INDUSTRIES LLC,2026-08-21,0.0,89303525CEM000018,TN,OAK RIDGE,37830,ANDERSON,R408,SUPPORT- PROFESSIONAL: PROGRAM MANAGEMENT/SUPPORT,541611,ADMINISTRATIVE MANAGEMENT AND GENERAL MANAGEMENT CONSULTING SERVICES,,,,,False,False
89233125CNA000422,HYPERION TECHNOLOGIES LLC,2026-08-21,18500.0,89233125CNA000422,VA,ARLINGTON,22203,ARLINGTON,R799,SUPPORT- MANAGEMENT: OTHER,541618,OTHER MANAGEMENT CONSULTING SERVICES,,,,,False,False
89243024CSC000002,"FERMI FORWARD DISCOVERY GROUP, LLC",2026-08-21,0.0,89243024CSC000002,IL,BATAVIA,60510,KANE,M1HA,OPERATION OF GOVERNMENT-OWNED CONTRACTOR-OPERATED (GOCO) R&D FACILITIES,541715,"RESEARCH AND DEVELOPMENT IN THE PHYSICAL, ENGINEERING, AND LIFE SCIENCES (EXCEPT NANOTECHNOLOGY AND BIOTECHNOLOGY)",,,,,False,False
89303323FEM000031,S C & A INC,2026-08-21,0.0,89303323FEM000031,OH,CINCINNATI,45202,HAMILTON,B510,SPECIAL STUDIES/ANALYSIS- ENVIRONMENTAL ASSESSMENTS,541620,ENVIRONMENTAL CONSULTING SERVICES,,,,,False,False
89243323CFE000075,"KEYLOGIC, LLC",2026-08-21,2656214.0,89243323CFE000075,WV,MORGANTOWN,26505,MONONGALIA,R425,SUPPORT- PROFESSIONAL: ENGINEERING/TECHNICAL,541330,ENGINEERING SERVICES,,,,,False,False
89303019FET000003,BOOZ ALLEN HAMILTON INC,2026-08-21,1650000.0,89303019FET000003,DC,WASHINGTON,20585,DISTRICT OF COLUMBIA,D310,IT AND TELECOM- CYBER SECURITY AND DATA BACKUP,541511,CUSTOM COMPUTER PROGRAMMING SERVICES,,,,,False,False
89303524FEM400033,"CTI AND ASSOCIATES, INC.",2026-08-21,0.0,89303524FEM400033,TN,OAK RIDGE,37830,ANDERSON,F108,ENVIRONMENTAL SYSTEMS PROTECTION- ENVIRONMENTAL REMEDIATION,562910,REMEDIATION SERVICES,,,,,False,False
89303324CEM000121,BLUEPATH LABS LLC,2026-08-21,0.0,89303324CEM000121,OH,CINCINNATI,45202,HAMILTON,R617,SUPPORT - ADMINISTRATIVE: ELECTRONIC RECORDS MANAGEMENT SERVICES,561110,OFFICE ADMINISTRATIVE SERVICES,,,,,False,False
89243525CCR000073,"STRATEGIC STORAGE PARTNERS, LLC.",2026-08-21,0.0,89243525CCR000073,LA,NEW ORLEANS,70123,JEFFERSON,R799,SUPPORT- MANAGEMENT: OTHER,561210,FACILITIES SUPPORT SERVICES,,,,,False,False
89303326FEM400473,S & K LOGISTICS SERVICES LLC,2026-08-21,0.0,89303326FEM400473,SC,AIKEN,29802,AIKEN,R425,SUPPORT- PROFESSIONAL: ENGINEERING/TECHNICAL,541330,ENGINEERING SERVICES,,,,,False,False
89303024CMA000119,ALEXTON INCORPORATED,2026-08-21,75000.0,89303024CMA000119,DC,WASHINGTON,20585,DISTRICT OF COLUMBIA,R602,SUPPORT- ADMINISTRATIVE: COURIER/MESSENGER,492110,COURIERS AND EXPRESS DELIVERY SERVICES,,,,,False,False
89233123FNA000121,PARSONS GOVERNMENT SERVICES INC.,2026-08-21,3291792.41,89233123FNA000121,VA,CENTREVILLE,20120,FAIRFAX,R425,SUPPORT- PROFESSIONAL: ENGINEERING/TECHNICAL,541330,ENGINEERING SERVICES,,,,,False,False
89243326FFE400803,COLOSSAL CONTRACTING LLC,2026-08-21,94818.76,89243326FFE400803,PA,PITTSBURGH,15236,ALLEGHENY,7G21,IT AND TELECOM - NETWORK: DIGITAL NETWORK PRODUCTS (HARDWARE AND PERPETUAL LICENSE SOFTWARE),541519,OTHER COMPUTER RELATED SERVICES,,,,,False,False
89303025PTT000031,WOOD MACKENZIE INC,2026-08-21,149668.98,89303025PTT000031,DC,WASHINGTON,20585,DISTRICT OF COLUMBIA,DG10,IT AND TELECOM - NETWORK AS A SERVICE,519290,WEB SEARCH PORTALS AND ALL OTHER INFORMATION SERVICES,,,,,False,False
89233126FNA000205,PARSONS GOVERNMENT SERVICES INC.,2026-08-21,250000.0,89233126FNA000205,VA,CENTREVILLE,20120,FAIRFAX,R425,SUPPORT- PROFESSIONAL: ENGINEERING/TECHNICAL,541330,ENGINEERING SERVICES,,,,,False,False
89233122FNA000107,PARSONS GOVERNMENT SERVICES INC.,2026-08-21,1314241.85,89233122FNA000107,NV,LAS VEGAS,89135,CLARK,R425,SUPPORT- PROFESSIONAL: ENGINEERING/TECHNICAL,541330,ENGINEERING SERVICES,,,,,False,False
89303325CEM000140,CATAWBA TEAPEC LLC,2026-08-21,0.0,89303325CEM000140,SC,ROCK HILL,29730,YORK,F999,OTHER ENVIRONMENTAL SERVICES,562910,REMEDIATION SERVICES,,,,,False,False
DEAC5207NA27344,"LAWRENCE LIVERMORE NATIONAL SECURITY, LLC",2026-08-21,0.0,DEAC5207NA27344,CA,LIVERMORE,94550,ALAMEDA,AZ11,R&D- OTHER RESEARCH AND DEVELOPMENT (BASIC RESEARCH),541710,"RESEARCH AND DEVELOPMENT IN THE PHYSICAL, ENGINEERING, AND LIFE SCIENCES",,,,,False,False
89233124FNA400607,"ADVANCED COMPUTER CONCEPTS, INC.",2026-08-21,64125.5,89233124FNA400607,NM,KIRTLAND AFB,87117,BERNALILLO,DA10,IT AND TELECOM - BUSINESS APPLICATION/APPLICATION DEVELOPMENT SOFTWARE AS A SERVICE,541519,OTHER COMPUTER RELATED SERVICES,,,,,False,False
89233120CNA000130,CHENEGA HEALTHCARE SERVICES LLC,2026-08-21,0.0,89233120CNA000130,NM,ALBUQUERQUE,87185,BERNALILLO,Q999,MEDICAL- OTHER,621999,ALL OTHER MISCELLANEOUS AMBULATORY HEALTH CARE SERVICES,,,,,False,False
89303323FEM400324,"PROFESSIONAL PROJECT SERVICES, INC.",2026-08-21,0.0,89303323FEM400324,TN,OAK RIDGE,37830,ANDERSON,R425,SUPPORT- PROFESSIONAL: ENGINEERING/TECHNICAL,562910,REMEDIATION SERVICES,,,,,False,False
89303025FIM000176,AUTONOMIC INTEGRA LLC,2026-08-21,0.0,89303025FIM000176,DC,WASHINGTON,20585,DISTRICT OF COLUMBIA,DA01,IT AND TELECOM - BUSINESS APPLICATION/APPLICATION DEVELOPMENT SUPPORT SERVICES (LABOR),541512,COMPUTER SYSTEMS DESIGN SERVICES,,,,,False,False
89233122FNA400417,JGMS GOVERNMENT SERVICES LLC,2026-08-21,60256.0,89233122FNA400417,CO,GRAND JUNCTION,81501,MESA,R699,SUPPORT- ADMINISTRATIVE: OTHER,541611,ADMINISTRATIVE MANAGEMENT AND GENERAL MANAGEMENT CONSULTING SERVICES,,,,,False,False
DENA0001942,"CONSOLIDATED NUCLEAR SECURITY, LLC",2026-08-21,0.0,DENA0001942,TN,OAK RIDGE,37830,ANDERSON,M1JZ,OPERATION OF MISCELLANEOUS BUILDINGS,561210,FACILITIES SUPPORT SERVICES,,,,,False,False
89233124FNA400619,REGENCY CONSULTING INC,2026-08-20,12193.71,89233124FNA400619,IA,SIOUX CITY,51101,WOODBURY,DA10,IT AND TELECOM - BUSINESS APPLICATION/APPLICATION DEVELOPMENT SOFTWARE AS A SERVICE,541519,OTHER COMPUTER RELATED SERVICES,,,,,False,False
89303124FEM400351,"MINBURN TECHNOLOGY GROUP, LLC",2026-08-20,0.0,89303124FEM400351,KY,LEXINGTON,40513,FAYETTE,7A20,IT AND TELECOM - APPLICATION DEVELOPMENT SOFTWARE (PERPETUAL LICENSE SOFTWARE),541519,OTHER COMPUTER RELATED SERVICES,,,,,False,False
DEFE0028019,CITY OF ALBANY,2026-08-20,10000.0,DEFE0028019,OR,ALBANY,97321,LINN,S114,UTILITIES- WATER,221310,WATER SUPPLY AND IRRIGATION SYSTEMS,,,,,False,False
DEAC3608GO28308,"ALLIANCE FOR ENERGY INNOVATION, LLC",2026-08-20,0.0,DEAC3608GO28308,CO,LAKEWOOD,80401,JEFFERSON,M181,OPER OF GOVT R&D GOCO FACILITIES,541711,RESEARCH AND DEVELOPMENT IN BIOTECHNOLOGY,,,,,False,False
89243323FFE400492,FIRSTENERGY PENNSYLVANIA ELECTRIC COMPANY,2026-08-20,428117.0,89243323FFE400492,PA,PITTSBURGH,15236,ALLEGHENY,S112,UTILITIES- ELECTRIC,221118,OTHER ELECTRIC POWER GENERATION,,,,,False,False
89303025FMA000604,RICOH USA INC,2026-08-20,4000.0,89303025FMA000604,DC,WASHINGTON,20585,DISTRICT OF COLUMBIA,3610,"PRINTING, DUPLICATING, AND BOOKBINDING EQUIPMENT",333244,PRINTING MACHINERY AND EQUIPMENT MANUFACTURING,,,,,False,False
89503425PWA002060,PIERRE CONTRACTING GROUP LLC,2026-08-20,9000.0,89503425PWA002060,ND,BISMARCK,58501,BURLEIGH,Z1JZ,MAINTENANCE OF MISCELLANEOUS BUILDINGS,238220,"PLUMBING, HEATING, AND AIR-CONDITIONING CONTRACTORS",,,,,False,False
DEAC0576RL01830,BATTELLE MEMORIAL INSTITUTE,2026-08-20,0.0,DEAC0576RL01830,WA,RICHLAND,99354,BENTON,M181,OPER OF GOVT R&D GOCO FACILITIES,541710,"RESEARCH AND DEVELOPMENT IN THE PHYSICAL, ENGINEERING, AND LIFE SCIENCES",,,,,False,False
89503123FWA400529,CIVIL DESIGN & ENGINEERING INC,2026-08-20,-74500.41,89503123FWA400529,AZ,PHOENIX,85005,MARICOPA,R425,SUPPORT- PROFESSIONAL: ENGINEERING/TECHNICAL,236220,COMMERCIAL AND INSTITUTIONAL BUILDING CONSTRUCTION,,,,,False,False
89503426FWA000100,"VEGETATION MANAGEMENT WEST, L.P.",2026-08-20,191096.97,89503426FWA000100,IA,HINTON,51024,PLYMOUTH,F014,NATURAL RESOURCES/CONSERVATION- TREE THINNING,115112,"SOIL PREPARATION, PLANTING, AND CULTIVATING",,,,,False,False
89243325CFE000098,"WASEYABEK FEDERAL SERVICES, L.L.C.",2026-08-20,2143069.0,89243325CFE000098,WV,MORGANTOWN,26507,MONONGALIA,S216,HOUSEKEEPING- FACILITIES OPERATIONS SUPPORT,561210,FACILITIES SUPPORT SERVICES,,,,,False,False
89233126FNA400799,VECTOR RESOURCE INC,2026-08-20,2569111.33,89233126FNA400799,DC,WASHINGTON,20585,DISTRICT OF COLUMBIA,R425,SUPPORT- PROFESSIONAL: ENGINEERING/TECHNICAL,541611,ADMINISTRATIVE MANAGEMENT AND GENERAL MANAGEMENT CONSULTING SERVICES,,,,,False,False
89243324FFE400586,"GOLDBELT OPERATIONS SUPPORT SERVICES, LLC",2026-08-20,4010.0,89243324FFE400586,PA,PITTSBURGH,15236,ALLEGHENY,Z2JZ,REPAIR OR ALTERATION OF MISCELLANEOUS BUILDINGS,236220,COMMERCIAL AND INSTITUTIONAL BUILDING CONSTRUCTION,,,,,False,False
89303326FEM400471,ENERGY TECHNOLOGY ALLIANCE LLC,2026-08-20,0.0,89303326FEM400471,NY,BALLSTON SPA,12020,SARATOGA,F999,OTHER ENVIRONMENTAL SERVICES,562910,REMEDIATION SERVICES,,,,,False,False
89503319PWA000043,"ALLIED WASTE SERVICES OF NORTH AMERICA, LLC",2026-08-20,-1139.19,89503319PWA000043,CA,ELVERTA,95626,SACRAMENTO,S205,HOUSEKEEPING- TRASH/GARBAGE COLLECTION,562111,SOLID WASTE COLLECTION,,,,,False,False
89303323FEM400341,"TEKPRO SUPPORT SERVICES, LLC",2026-08-20,-1790.39,89303323FEM400341,OH,CINCINNATI,45202,HAMILTON,F999,OTHER ENVIRONMENTAL SERVICES,561499,ALL OTHER BUSINESS SUPPORT SERVICES,,,,,False,False
89303925CEM000059,WASHINGTON STATE UNIVERSITY,2026-08-20,0.0,89303925CEM000059,WA,PULLMAN,99164,WHITMAN,B529,SPECIAL STUDIES/ANALYSIS- SCIENTIFIC DATA,541690,OTHER SCIENTIFIC AND TECHNICAL CONSULTING SERVICES,,,,,False,False
89303924FEM000331,"KATMAI INTEGRATED SOLUTIONS, LLC",2026-08-20,153122.64,89303924FEM000331,WA,RICHLAND,99354,BENTON,R699,SUPPORT- ADMINISTRATIVE: OTHER,561210,FACILITIES SUPPORT SERVICES,,,,,False,False
89303925FEM000348,"KATMAI INTEGRATED SOLUTIONS, LLC",2026-08-20,162845.04,89303925FEM000348,WA,RICHLAND,99354,BENTON,R699,SUPPORT- ADMINISTRATIVE: OTHER,561210,FACILITIES SUPPORT SERVICES,,,,,False,False
89303325CEM000135,"ASRC FEDERAL TECHNOLOGY SOLUTIONS, LLC",2026-08-20,0.0,89303325CEM000135,MD,GERMANTOWN,20874,MONTGOMERY,DF01,IT AND TELECOM - IT MANAGEMENT SUPPORT SERVICES (LABOR),541519,OTHER COMPUTER RELATED SERVICES,,,,,False,False
89503426PWA002354,HUGHES BROTHERS INC,2026-08-20,103330.2,89503426PWA002354,NE,SEWARD,68434,SEWARD,5675,NONWOOD CONSTRUCTION LUMBER AND RELATED MATERIALS,321215,ENGINEERED WOOD MEMBER MANUFACTURING,,,,,False,False
89303024FIG000044,COHNREZNICK LLP,2026-08-20,0.0,89303024FIG000044,NY,NEW YORK,10019,NEW YORK,R704,SUPPORT- MANAGEMENT: AUDITING,541211,OFFICES OF CERTIFIED PUBLIC ACCOUNTANTS,,,,,False,False
89503426PWA002205,HUGHES BROTHERS INC,2026-08-20,0.0,89503426PWA002205,NE,SEWARD,68434,SEWARD,9640,IRON AND STEEL PRIMARY AND SEMIFINISHED PRODUCTS,331210,IRON AND STEEL PIPE AND TUBE MANUFACTURING FROM PURCHASED STEEL,,,,,False,False
89233125CNA000412,SKOOKUM EDUCATIONAL PROGRAMS,2026-08-20,0.0,89233125CNA000412,TN,OAK RIDGE,37830,ROANE,Z1AZ,MAINTENANCE OF OTHER ADMINISTRATIVE FACILITIES AND SERVICE BUILDINGS,561210,FACILITIES SUPPORT SERVICES,,,,,False,False
89303326FEM400477,HGL-APTIM TECHNOLOGIES JV LLC,2026-08-20,0.0,89303326FEM400477,CA,LIVERMORE,94550,ALAMEDA,F108,ENVIRONMENTAL SYSTEMS PROTECTION- ENVIRONMENTAL REMEDIATION,562910,REMEDIATION SERVICES,,,,,False,False
89243326PFE001002,DAEDALUS INNOVATIONS LLC,2026-08-20,139690.0,89243326PFE001002,PA,ASTON,19014,DELAWARE,6640,LABORATORY EQUIPMENT AND SUPPLIES,334516,ANALYTICAL LABORATORY INSTRUMENT MANUFACTURING,,,,,False,False
89243221FEM400010,PROTECTION STRATEGIES INC,2026-08-20,0.0,89243221FEM400010,CO,PLATTEVILLE,80651,WELD,R430,SUPPORT- PROFESSIONAL: PHYSICAL SECURITY AND BADGING,561612,SECURITY GUARDS AND PATROL SERVICES,,,,,False,False
89503226FWA400866,"DOYON TECHNICAL SERVICES, LLC",2026-08-20,196158.06,89503226FWA400866,WA,FEDERAL WAY,98001,KING,5925,CIRCUIT BREAKERS,335313,SWITCHGEAR AND SWITCHBOARD APPARATUS MANUFACTURING,,,,,False,False
89303024CMA000119,ALEXTON INCORPORATED,2026-08-20,160000.0,89303024CMA000119,DC,WASHINGTON,20585,DISTRICT OF COLUMBIA,R602,SUPPORT- ADMINISTRATIVE: COURIER/MESSENGER,492110,COURIERS AND EXPRESS DELIVERY SERVICES,,,,,False,False
89303026FEI400166,"CROWN INNOVATIONS, INC.",2026-08-20,3000000.0,89303026FEI400166,VA,ARLINGTON,22209,ARLINGTON,R702,SUPPORT- MANAGEMENT: DATA COLLECTION,518210,"COMPUTING INFRASTRUCTURE PROVIDERS, DATA PROCESSING, WEB HOSTING, AND RELATED SERVICES",,,,,False,False
DEAC0206CH11357,"UCHICAGO ARGONNE, LLC",2026-08-20,0.0,DEAC0206CH11357,IL,LEMONT,60439,DUPAGE,M181,OPER OF GOVT R&D GOCO FACILITIES,541710,"RESEARCH AND DEVELOPMENT IN THE PHYSICAL, ENGINEERING, AND LIFE SCIENCES",,,,,False,False
89303026PEI000126,BLOOMBERG FINANCE LP,2026-08-20,12000.0,89303026PEI000126,NY,NEW YORK,10022,NEW YORK,7A21,IT AND TELECOM - BUSINESS APPLICATION SOFTWARE (PERPETUAL LICENSE SOFTWARE),519290,WEB SEARCH PORTALS AND ALL OTHER INFORMATION SERVICES,,,,,False,False
89303326FEM400470,ARCTIC PEAK LLC,2026-08-20,0.0,89303326FEM400470,VA,HERNDON,20171,FAIRFAX,Y1AA,CONSTRUCTION OF OFFICE BUILDINGS,236220,COMMERCIAL AND INSTITUTIONAL BUILDING CONSTRUCTION,,,,,False,False
89503426CWA000093,ADDISON CONSTRUCTION CO,2026-08-20,42194.0,89503426CWA000093,SD,BERESFORD,57004,UNION,Y1PZ,CONSTRUCTION OF OTHER NON-BUILDING FACILITIES,237130,POWER AND COMMUNICATION LINE AND RELATED STRUCTURES CONSTRUCTION,,,,,False,False
DEDT0009484,"EMP2, INC.",2026-08-20,-604.16,DEDT0009484,WA,RICHLAND,99352,BENTON,R425,SUPPORT- PROFESSIONAL: ENGINEERING/TECHNICAL,541690,OTHER SCIENTIFIC AND TECHNICAL CONSULTING SERVICES,,,,,False,False
89503426PWA002236,"JERRY'S ELECTRIC, INC.",2026-08-20,0.0,89503426PWA002236,SD,COLMAN,57017,MOODY,J030,MAINT/REPAIR/REBUILD OF EQUIPMENT- MECHANICAL POWER TRANSMISSION EQUIPMENT,811310,COMMERCIAL AND INDUSTRIAL MACHINERY AND EQUIPMENT (EXCEPT AUTOMOTIVE AND ELECTRONIC) REPAIR AND MAINTENANCE,,,,,False,False
89303026FEI400162,"Z, INC.",2026-08-20,200000.0,89303026FEI400162,MD,GREENBELT,20770,PRINCE GEORGES,R702,SUPPORT- MANAGEMENT: DATA COLLECTION,518210,"COMPUTING INFRASTRUCTURE PROVIDERS, DATA PROCESSING, WEB HOSTING, AND RELATED SERVICES",,,,,False,False
89304223FEM400000,IDAHO ENVIRONMENTAL COALITION LLC,2026-08-20,0.0,89304223FEM400000,ID,IDAHO FALLS,83402,BONNEVILLE,F999,OTHER ENVIRONMENTAL SERVICES,562910,REMEDIATION SERVICES,,,,,False,False
DEAC0276SF00515,THE LELAND STANFORD JUNIOR UNIVERSITY,2026-08-20,0.0,DEAC0276SF00515,CA,MENLO PARK,94025,SAN MATEO,M181,OPER OF GOVT R&D GOCO FACILITIES,541710,"RESEARCH AND DEVELOPMENT IN THE PHYSICAL, ENGINEERING, AND LIFE SCIENCES",,,,,False,False
89233126CNA000455,202 GROUP LLC,2026-08-20,290000.0,89233126CNA000455,DC,WASHINGTON,20006,DISTRICT OF COLUMBIA,7A20,IT AND TELECOM - APPLICATION DEVELOPMENT SOFTWARE (PERPETUAL LICENSE SOFTWARE),513210,SOFTWARE PUBLISHERS,,,,,False,False
89233125FNA400680,JGMS GOVERNMENT SERVICES LLC,2026-08-20,32651.34,89233125FNA400680,NM,LOS ALAMOS,87544,LOS ALAMOS,R499,SUPPORT- PROFESSIONAL: OTHER,541330,ENGINEERING SERVICES,,,,,False,False
89603024F0071,"ABACO STRATEGY, LLC",2026-08-19,0.0,89603024F0071,DC,WASHINGTON,20426,DISTRICT OF COLUMBIA,R499,SUPPORT- PROFESSIONAL: OTHER,541512,COMPUTER SYSTEMS DESIGN SERVICES,,,,,False,False
DEAC0908SR22470,SAVANNAH RIVER NUCLEAR SOLUTIONS LLC,2026-08-19,0.0,DEAC0908SR22470,SC,AIKEN,29803,AIKEN,M159,OPER OF GOVT OTHER INDUSTRIAL BLDG,561210,FACILITIES SUPPORT SERVICES,,,,,False,False
89303019FET400015,"BLUEWATER FEDERAL SOLUTIONS, INC.",2026-08-19,2100000.0,89303019FET400015,DC,WASHINGTON,20585,DISTRICT OF COLUMBIA,R499,SUPPORT- PROFESSIONAL: OTHER,541330,ENGINEERING SERVICES,,,,,False,False
DENA0003525,"NATIONAL TECHNOLOGY & ENGINEERING SOLUTIONS OF SANDIA, LLC",2026-08-19,0.0,DENA0003525,NM,ALBUQUERQUE,87185,BERNALILLO,M1JZ,OPERATION OF MISCELLANEOUS BUILDINGS,561210,FACILITIES SUPPORT SERVICES,,,,,False,False
89603026P0016,ASIMER TECH LLC,2026-08-19,10335.75,89603026P0016,DC,WASHINGTON,20426,DISTRICT OF COLUMBIA,7A21,IT AND TELECOM - BUSINESS APPLICATION SOFTWARE (PERPETUAL LICENSE SOFTWARE),513210,SOFTWARE PUBLISHERS,,,,,False,False
89243425FEE400392,"CCFC, LLC",2026-08-19,5936384.0,89243425FEE400392,DC,WASHINGTON,20001,DISTRICT OF COLUMBIA,R408,SUPPORT- PROFESSIONAL: PROGRAM MANAGEMENT/SUPPORT,541611,ADMINISTRATIVE MANAGEMENT AND GENERAL MANAGEMENT CONSULTING SERVICES,,,,,False,False
89233224CNA000004,"PANTEXAS DETERRENCE, LLC",2026-08-19,0.0,89233224CNA000004,TX,AMARILLO,79120,POTTER,M1JZ,OPERATION OF MISCELLANEOUS BUILDINGS,561210,FACILITIES SUPPORT SERVICES,,,,,False,False
89503426FWA000099,"VEGETATION MANAGEMENT WEST, L.P.",2026-08-19,121411.2,89503426FWA000099,SD,ARMOUR,57313,DOUGLAS,F014,NATURAL RESOURCES/CONSERVATION- TREE THINNING,115112,"SOIL PREPARATION, PLANTING, AND CULTIVATING",,,,,False,False
89243324FFE400547,UNITED PARCEL SERVICE CO.,2026-08-19,0.0,89243324FFE400547,WV,MORGANTOWN,26507,MONONGALIA,R604,SUPPORT- ADMINISTRATIVE: MAILING/DISTRIBUTION,492110,COURIERS AND EXPRESS DELIVERY SERVICES,,,,,False,False
89243126FSC400899,"ACCORD FEDERAL SERVICES, LLC",2026-08-19,0.0,89243126FSC400899,TN,OAK RIDGE,37830,ANDERSON,Z1LB,MAINTENANCE OF HIGHWAYS/ROADS/STREETS/BRIDGES/RAILWAYS,561210,FACILITIES SUPPORT SERVICES,,,,,False,False
89243324FFE400547,UNITED PARCEL SERVICE CO.,2026-08-19,-5796.6,89243324FFE400547,WV,MORGANTOWN,26507,MONONGALIA,R604,SUPPORT- ADMINISTRATIVE: MAILING/DISTRIBUTION,492110,COURIERS AND EXPRESS DELIVERY SERVICES,,,,,False,False
89303025FLP400068,ARCHETYPE III LLC,2026-08-19,0.0,89303025FLP400068,DC,WASHINGTON,20585,DISTRICT OF COLUMBIA,R408,SUPPORT- PROFESSIONAL: PROGRAM MANAGEMENT/SUPPORT,541611,ADMINISTRATIVE MANAGEMENT AND GENERAL MANAGEMENT CONSULTING SERVICES,,,,,False,False
DEAC0504OR22860,"ISOTEK SYSTEMS, LLC",2026-08-19,0.0,DEAC0504OR22860,TN,OAK RIDGE,37830,ANDERSON,Z235,MAINT-REP-ALT/EPG - NUCLEAR,561990,ALL OTHER SUPPORT SERVICES,,,,,False,False
DENA0003624,MISSION SUPPORT & TEST SERVICES LLC,2026-08-19,0.0,DENA0003624,NV,LAS VEGAS,89193,CLARK,M1JZ,OPERATION OF MISCELLANEOUS BUILDINGS,561210,FACILITIES SUPPORT SERVICES,,,,,False,False
89303924FEM000277,STREET LEGAL INDUSTRIES LLC,2026-08-19,0.0,89303924FEM000277,WA,RICHLAND,99354,BENTON,R699,SUPPORT- ADMINISTRATIVE: OTHER,541611,ADMINISTRATIVE MANAGEMENT AND GENERAL MANAGEMENT CONSULTING SERVICES,,,,,False,False
89303924CEM000049,STREET LEGAL INDUSTRIES LLC,2026-08-19,0.0,89303924CEM000049,WA,RICHLAND,99352,BENTON,R408,SUPPORT- PROFESSIONAL: PROGRAM MANAGEMENT/SUPPORT,561210,FACILITIES SUPPORT SERVICES,,,,,False,False
89243125CSC000190,AKIMA FACILITIES OPERATIONS LLC,2026-08-19,0.0,89243125CSC000190,TN,OAK RIDGE,37830,ANDERSON,Z1JZ,MAINTENANCE OF MISCELLANEOUS BUILDINGS,561210,FACILITIES SUPPORT SERVICES,,,,,False,False
DENA0002839,"HONEYWELL FEDERAL MANUFACTURING & TECHNOLOGIES, LLC",2026-08-19,0.0,DENA0002839,MO,KANSAS CITY,64147,JACKSON,M1JZ,OPERATION OF MISCELLANEOUS BUILDINGS,561210,FACILITIES SUPPORT SERVICES,,,,,False,False
89233120FNA400309,"SYSTEMATIC MANAGEMENT SERVICES, INC.",2026-08-19,-727528.43,89233120FNA400309,DC,WASHINGTON,20585,DISTRICT OF COLUMBIA,R499,SUPPORT- PROFESSIONAL: OTHER,541330,ENGINEERING SERVICES,,,,,False,False
89243426FEE000583,ENERGY TECHNOLOGY ALLIANCE LLC,2026-08-19,374500.0,89243426FEE000583,CO,GOLDEN,80401,JEFFERSON,R425,SUPPORT- PROFESSIONAL: ENGINEERING/TECHNICAL,562910,REMEDIATION SERVICES,,,,,False,False
89233124FNA000152,ACCENTURE FEDERAL SERVICES LLC,2026-08-19,412000.0,89233124FNA000152,DC,WASHINGTON,20585,DISTRICT OF COLUMBIA,DA01,IT AND TELECOM - BUSINESS APPLICATION/APPLICATION DEVELOPMENT SUPPORT SERVICES (LABOR),541512,COMPUTER SYSTEMS DESIGN SERVICES,,,,,False,False
89243121CSC000106,MUTUAL TELECOM SERVICES INC.,2026-08-19,0.0,89243121CSC000106,TN,OAK RIDGE,37830,ANDERSON,DG01,IT AND TELECOM - NETWORK SUPPORT SERVICES (LABOR),517311,WIRED TELECOMMUNICATIONS CARRIERS,,,,,False,False
89503226PWA000605,HERITAGE SERVICES LLC,2026-08-19,0.0,89503226PWA000605,NE,SIDNEY,69162,CHEYENNE,H212,EQUIPMENT AND MATERIALS TESTING- FIRE CONTROL EQUIPMENT,561621,SECURITY SYSTEMS SERVICES (EXCEPT LOCKSMITHS),,,,,False,False
89503126PWA000934,"ETHOS SYSTEMS, INC.",2026-08-19,20884.0,89503126PWA000934,CA,REDWOOD CITY,94063,SAN MATEO,R499,SUPPORT- PROFESSIONAL: OTHER,611710,EDUCATIONAL SUPPORT SERVICES,,,,,False,False
89303026FIM000213,ACCENTURE FEDERAL SERVICES LLC,2026-08-19,22451532.38,89303026FIM000213,DC,WASHINGTON,20585,DISTRICT OF COLUMBIA,DA01,IT AND TELECOM - BUSINESS APPLICATION/APPLICATION DEVELOPMENT SUPPORT SERVICES (LABOR),541512,COMPUTER SYSTEMS DESIGN SERVICES,,,,,False,False
89603026F0053,BAHFED CORP,2026-08-19,478806.57,89603026F0053,DC,WASHINGTON,20426,DISTRICT OF COLUMBIA,DA10,IT AND TELECOM - BUSINESS APPLICATION/APPLICATION DEVELOPMENT SOFTWARE AS A SERVICE,541519,OTHER COMPUTER RELATED SERVICES,,,,,False,False
DEAC0209CH11466,THE TRUSTEES OF PRINCETON UNIVERSITY,2026-08-19,0.0,DEAC0209CH11466,NJ,PLAINSBORO,08536,MIDDLESEX,M181,OPER OF GOVT R&D GOCO FACILITIES,611310,"COLLEGES, UNIVERSITIES, AND PROFESSIONAL SCHOOLS",,,,,False,False
DEAC0705ID14517,"BATTELLE ENERGY ALLIANCE, LLC",2026-08-19,0.0,DEAC0705ID14517,ID,IDAHO FALLS,83415,BONNEVILLE,M181,OPER OF GOVT R&D GOCO FACILITIES,541990,"ALL OTHER PROFESSIONAL, SCIENTIFIC, AND TECHNICAL SERVICES",,,,,False,False
