Recipient Name,Award Amount,Careers Search
"TETRA TECH, INC.",32740199.86,https://www.google.com/search?q=TETRA%20TECH%2C%20INC.%20careers%20OR%20jobs%20site%3Agreenhouse.io%20OR%20site%3Alever.co%20OR%20site%3Aworkday.com
"AECOM TECHNICAL SERVICES, INC.",31963180.860000003,https://www.google.com/search?q=AECOM%20TECHNICAL%20SERVICES%2C%20INC.%20careers%20OR%20jobs%20site%3Agreenhouse.io%20OR%20site%3Alever.co%20OR%20site%3Aworkday.com
ENVIRONMENTAL RESTORATION LLC,30243192.71,https://www.google.com/search?q=ENVIRONMENTAL%20RESTORATION%20LLC%20careers%20OR%20jobs%20site%3Agreenhouse.io%20OR%20site%3Alever.co%20OR%20site%3Aworkday.com
"HYDROGEOLOGIC, INC.",26073681.83,https://www.google.com/search?q=HYDROGEOLOGIC%2C%20INC.%20careers%20OR%20jobs%20site%3Agreenhouse.io%20OR%20site%3Alever.co%20OR%20site%3Aworkday.com
"ENVIRONMENTAL QUALITY MANAGEMENT, INC",23614277.81,https://www.google.com/search?q=ENVIRONMENTAL%20QUALITY%20MANAGEMENT%2C%20INC%20careers%20OR%20jobs%20site%3Agreenhouse.io%20OR%20site%3Alever.co%20OR%20site%3Aworkday.com
"GENERAL DYNAMICS INFORMATION TECHNOLOGY, INC.",22893042.86,https://www.google.com/search?q=GENERAL%20DYNAMICS%20INFORMATION%20TECHNOLOGY%2C%20INC.%20careers%20OR%20jobs%20site%3Agreenhouse.io%20OR%20site%3Alever.co%20OR%20site%3Aworkday.com
"PUYENPA CONSTRUCTION, LLC",18585366.25,https://www.google.com/search?q=PUYENPA%20CONSTRUCTION%2C%20LLC%20careers%20OR%20jobs%20site%3Agreenhouse.io%20OR%20site%3Alever.co%20OR%20site%3Aworkday.com
CDM FEDERAL PROGRAMS CORPORATION,18368788.27,https://www.google.com/search?q=CDM%20FEDERAL%20PROGRAMS%20CORPORATION%20careers%20OR%20jobs%20site%3Agreenhouse.io%20OR%20site%3Alever.co%20OR%20site%3Aworkday.com
"EA ENGINEERING, SCIENCE, AND TECHNOLOGY, INC., PBC",17617968.41,https://www.google.com/search?q=EA%20ENGINEERING%2C%20SCIENCE%2C%20AND%20TECHNOLOGY%2C%20INC.%2C%20PBC%20careers%20OR%20jobs%20site%3Agreenhouse.io%20OR%20site%3Alever.co%20OR%20site%3Aworkday.com
"CH2M HILL, INC",17257523.97,https://www.google.com/search?q=CH2M%20HILL%2C%20INC%20careers%20OR%20jobs%20site%3Agreenhouse.io%20OR%20site%3Alever.co%20OR%20site%3Aworkday.com
JACOBS ENGINEERING GROUP INC.,11637365.08,https://www.google.com/search?q=JACOBS%20ENGINEERING%20GROUP%20INC.%20careers%20OR%20jobs%20site%3Agreenhouse.io%20OR%20site%3Alever.co%20OR%20site%3Aworkday.com
"J. F. BRENNAN COMPANY, INC.",11190511.92,https://www.google.com/search?q=J.%20F.%20BRENNAN%20COMPANY%2C%20INC.%20careers%20OR%20jobs%20site%3Agreenhouse.io%20OR%20site%3Alever.co%20OR%20site%3Aworkday.com
"TOEROEK ASSOCIATES, INC.",10485401.23,https://www.google.com/search?q=TOEROEK%20ASSOCIATES%2C%20INC.%20careers%20OR%20jobs%20site%3Agreenhouse.io%20OR%20site%3Alever.co%20OR%20site%3Aworkday.com
RESEARCH TRIANGLE INSTITUTE,9730261.64,https://www.google.com/search?q=RESEARCH%20TRIANGLE%20INSTITUTE%20careers%20OR%20jobs%20site%3Agreenhouse.io%20OR%20site%3Alever.co%20OR%20site%3Aworkday.com
EASTERN RESEARCH GROUP INC,8707833.32,https://www.google.com/search?q=EASTERN%20RESEARCH%20GROUP%20INC%20careers%20OR%20jobs%20site%3Agreenhouse.io%20OR%20site%3Alever.co%20OR%20site%3Aworkday.com
HGL-PORTAGE JV LLC,8503829.5,https://www.google.com/search?q=HGL-PORTAGE%20JV%20LLC%20careers%20OR%20jobs%20site%3Agreenhouse.io%20OR%20site%3Alever.co%20OR%20site%3Aworkday.com
THE CADMUS GROUP LLC,8491421.96,https://www.google.com/search?q=THE%20CADMUS%20GROUP%20LLC%20careers%20OR%20jobs%20site%3Agreenhouse.io%20OR%20site%3Alever.co%20OR%20site%3Aworkday.com
"ENVIRONMENTAL MANAGEMENT SUPPORT, INC",8285947.63,https://www.google.com/search?q=ENVIRONMENTAL%20MANAGEMENT%20SUPPORT%2C%20INC%20careers%20OR%20jobs%20site%3Agreenhouse.io%20OR%20site%3Alever.co%20OR%20site%3Aworkday.com
"EQM SERVICES, LLC",7890923.85,https://www.google.com/search?q=EQM%20SERVICES%2C%20LLC%20careers%20OR%20jobs%20site%3Agreenhouse.io%20OR%20site%3Alever.co%20OR%20site%3Aworkday.com
"FIDELIS-BBD, LLC",6926372.03,https://www.google.com/search?q=FIDELIS-BBD%2C%20LLC%20careers%20OR%20jobs%20site%3Agreenhouse.io%20OR%20site%3Alever.co%20OR%20site%3Aworkday.com
MCP COMPUTER PRODUCTS INC,6809470.010000001,https://www.google.com/search?q=MCP%20COMPUTER%20PRODUCTS%20INC%20careers%20OR%20jobs%20site%3Agreenhouse.io%20OR%20site%3Alever.co%20OR%20site%3Aworkday.com
"KEMRON/ARROWHEAD JV, LLC",6427778.47,https://www.google.com/search?q=KEMRON/ARROWHEAD%20JV%2C%20LLC%20careers%20OR%20jobs%20site%3Agreenhouse.io%20OR%20site%3Alever.co%20OR%20site%3Aworkday.com
TETRA TECH INC,5936500.0,https://www.google.com/search?q=TETRA%20TECH%20INC%20careers%20OR%20jobs%20site%3Agreenhouse.io%20OR%20site%3Alever.co%20OR%20site%3Aworkday.com
"KONIAG IT SYSTEMS, LLC",5898544.28,https://www.google.com/search?q=KONIAG%20IT%20SYSTEMS%2C%20LLC%20careers%20OR%20jobs%20site%3Agreenhouse.io%20OR%20site%3Alever.co%20OR%20site%3Aworkday.com
"C M C, INC.",5755319.64,https://www.google.com/search?q=C%20M%20C%2C%20INC.%20careers%20OR%20jobs%20site%3Agreenhouse.io%20OR%20site%3Alever.co%20OR%20site%3Aworkday.com
"ICF INCORPORATED, L.L.C.",5360111.59,https://www.google.com/search?q=ICF%20INCORPORATED%2C%20L.L.C.%20careers%20OR%20jobs%20site%3Agreenhouse.io%20OR%20site%3Alever.co%20OR%20site%3Aworkday.com
"PEGASUS TECHNICAL SERVICES, INC",5074692.5,https://www.google.com/search?q=PEGASUS%20TECHNICAL%20SERVICES%2C%20INC%20careers%20OR%20jobs%20site%3Agreenhouse.io%20OR%20site%3Alever.co%20OR%20site%3Aworkday.com
"GREAT LAKES ENVIRONMENTAL CENTER, INC",5062222.0,https://www.google.com/search?q=GREAT%20LAKES%20ENVIRONMENTAL%20CENTER%2C%20INC%20careers%20OR%20jobs%20site%3Agreenhouse.io%20OR%20site%3Alever.co%20OR%20site%3Aworkday.com
"PB&A/CSS JV, LLC.",4963798.0,https://www.google.com/search?q=PB%26A/CSS%20JV%2C%20LLC.%20careers%20OR%20jobs%20site%3Agreenhouse.io%20OR%20site%3Alever.co%20OR%20site%3Aworkday.com
"AGILE DECISION SCIENCES, LLC",4746392.7,https://www.google.com/search?q=AGILE%20DECISION%20SCIENCES%2C%20LLC%20careers%20OR%20jobs%20site%3Agreenhouse.io%20OR%20site%3Alever.co%20OR%20site%3Aworkday.com
"A AND M ENGINEERING & ENVIRONMENTAL SERVICES, INC",4697261.07,https://www.google.com/search?q=A%20AND%20M%20ENGINEERING%20%26%20ENVIRONMENTAL%20SERVICES%2C%20INC%20careers%20OR%20jobs%20site%3Agreenhouse.io%20OR%20site%3Alever.co%20OR%20site%3Aworkday.com
TECHLAW CONSULTANTS INC,4594648.2,https://www.google.com/search?q=TECHLAW%20CONSULTANTS%20INC%20careers%20OR%20jobs%20site%3Agreenhouse.io%20OR%20site%3Alever.co%20OR%20site%3Aworkday.com
"CONTI FEDERAL SERVICES, LLC",4192032.59,https://www.google.com/search?q=CONTI%20FEDERAL%20SERVICES%2C%20LLC%20careers%20OR%20jobs%20site%3Agreenhouse.io%20OR%20site%3Alever.co%20OR%20site%3Aworkday.com
AGILENT TECHNOLOGIES INC,4064191.99,https://www.google.com/search?q=AGILENT%20TECHNOLOGIES%20INC%20careers%20OR%20jobs%20site%3Agreenhouse.io%20OR%20site%3Alever.co%20OR%20site%3Aworkday.com
ACHUTI LLC,3382903.0,https://www.google.com/search?q=ACHUTI%20LLC%20careers%20OR%20jobs%20site%3Agreenhouse.io%20OR%20site%3Alever.co%20OR%20site%3Aworkday.com
PARS ENVIRONMENTAL INC,3247535.0,https://www.google.com/search?q=PARS%20ENVIRONMENTAL%20INC%20careers%20OR%20jobs%20site%3Agreenhouse.io%20OR%20site%3Alever.co%20OR%20site%3Aworkday.com
"SEVENSON ENVIRONMENTAL SERVICES, INC.",3221182.92,https://www.google.com/search?q=SEVENSON%20ENVIRONMENTAL%20SERVICES%2C%20INC.%20careers%20OR%20jobs%20site%3Agreenhouse.io%20OR%20site%3Alever.co%20OR%20site%3Aworkday.com
"ARROWHEAD CONTRACTING, LLC",3109439.9,https://www.google.com/search?q=ARROWHEAD%20CONTRACTING%2C%20LLC%20careers%20OR%20jobs%20site%3Agreenhouse.io%20OR%20site%3Alever.co%20OR%20site%3Aworkday.com
WESTON-TECHLAW JV LLC,2783947.58,https://www.google.com/search?q=WESTON-TECHLAW%20JV%20LLC%20careers%20OR%20jobs%20site%3Agreenhouse.io%20OR%20site%3Alever.co%20OR%20site%3Aworkday.com
VERSAR-WSP JV,2670907.23,https://www.google.com/search?q=VERSAR-WSP%20JV%20careers%20OR%20jobs%20site%3Agreenhouse.io%20OR%20site%3Alever.co%20OR%20site%3Aworkday.com
S C & A INC,2668697.5,https://www.google.com/search?q=S%20C%20%26%20A%20INC%20careers%20OR%20jobs%20site%3Agreenhouse.io%20OR%20site%3Alever.co%20OR%20site%3Aworkday.com
VGS INFRASTRUCTURE SERVICES INC,2466157.59,https://www.google.com/search?q=VGS%20INFRASTRUCTURE%20SERVICES%20INC%20careers%20OR%20jobs%20site%3Agreenhouse.io%20OR%20site%3Alever.co%20OR%20site%3Aworkday.com
"NOBIS ENGINEERING, INC",2419646.49,https://www.google.com/search?q=NOBIS%20ENGINEERING%2C%20INC%20careers%20OR%20jobs%20site%3Agreenhouse.io%20OR%20site%3Alever.co%20OR%20site%3Aworkday.com
"DYNOTEC-KZF JV, LLC",2299545.08,https://www.google.com/search?q=DYNOTEC-KZF%20JV%2C%20LLC%20careers%20OR%20jobs%20site%3Agreenhouse.io%20OR%20site%3Alever.co%20OR%20site%3Aworkday.com
WSP USA ENVIRONMENT & INFRASTRUCTURE INC.,2211718.24,https://www.google.com/search?q=WSP%20USA%20ENVIRONMENT%20%26%20INFRASTRUCTURE%20INC.%20careers%20OR%20jobs%20site%3Agreenhouse.io%20OR%20site%3Alever.co%20OR%20site%3Aworkday.com
ABT GLOBAL LLC,2060162.0,https://www.google.com/search?q=ABT%20GLOBAL%20LLC%20careers%20OR%20jobs%20site%3Agreenhouse.io%20OR%20site%3Alever.co%20OR%20site%3Aworkday.com
SERCO INC,2054411.36,https://www.google.com/search?q=SERCO%20INC%20careers%20OR%20jobs%20site%3Agreenhouse.io%20OR%20site%3Alever.co%20OR%20site%3Aworkday.com
UNIVERSITY OF NORTH CAROLINA AT CHAPEL HILL,1810291.53,https://www.google.com/search?q=UNIVERSITY%20OF%20NORTH%20CAROLINA%20AT%20CHAPEL%20HILL%20careers%20OR%20jobs%20site%3Agreenhouse.io%20OR%20site%3Alever.co%20OR%20site%3Aworkday.com
"KALMAN & COMPANY, INC.",1799999.0,https://www.google.com/search?q=KALMAN%20%26%20COMPANY%2C%20INC.%20careers%20OR%20jobs%20site%3Agreenhouse.io%20OR%20site%3Alever.co%20OR%20site%3Aworkday.com
THERMO ELECTRON NORTH AMERICA LLC,1779736.25,https://www.google.com/search?q=THERMO%20ELECTRON%20NORTH%20AMERICA%20LLC%20careers%20OR%20jobs%20site%3Agreenhouse.io%20OR%20site%3Alever.co%20OR%20site%3Aworkday.com
"WILSON 5 SERVICE COMPANY, INC.",1750257.92,https://www.google.com/search?q=WILSON%205%20SERVICE%20COMPANY%2C%20INC.%20careers%20OR%20jobs%20site%3Agreenhouse.io%20OR%20site%3Alever.co%20OR%20site%3Aworkday.com
"S.S. PAPADOPULOS & ASSOCIATES, INC.",1742593.84,https://www.google.com/search?q=S.S.%20PAPADOPULOS%20%26%20ASSOCIATES%2C%20INC.%20careers%20OR%20jobs%20site%3Agreenhouse.io%20OR%20site%3Alever.co%20OR%20site%3Aworkday.com
GOVERNMENT SCIENTIFIC SOURCE INC,1686277.43,https://www.google.com/search?q=GOVERNMENT%20SCIENTIFIC%20SOURCE%20INC%20careers%20OR%20jobs%20site%3Agreenhouse.io%20OR%20site%3Alever.co%20OR%20site%3Aworkday.com
SRC INC,1668663.29,https://www.google.com/search?q=SRC%20INC%20careers%20OR%20jobs%20site%3Agreenhouse.io%20OR%20site%3Alever.co%20OR%20site%3Aworkday.com
"FRANKLIN YOUNG INTERNATIONAL, INCORPORATED",1668589.0,https://www.google.com/search?q=FRANKLIN%20YOUNG%20INTERNATIONAL%2C%20INCORPORATED%20careers%20OR%20jobs%20site%3Agreenhouse.io%20OR%20site%3Alever.co%20OR%20site%3Aworkday.com
HDR APTIM LLC,1642094.72,https://www.google.com/search?q=HDR%20APTIM%20LLC%20careers%20OR%20jobs%20site%3Agreenhouse.io%20OR%20site%3Alever.co%20OR%20site%3Aworkday.com
CONSOLIDATED SAFETY SERVICES INCORPORATED,1623937.12,https://www.google.com/search?q=CONSOLIDATED%20SAFETY%20SERVICES%20INCORPORATED%20careers%20OR%20jobs%20site%3Agreenhouse.io%20OR%20site%3Alever.co%20OR%20site%3Aworkday.com
"KEMRON ENVIRONMENTAL SERVICES, INC.",1622000.0,https://www.google.com/search?q=KEMRON%20ENVIRONMENTAL%20SERVICES%2C%20INC.%20careers%20OR%20jobs%20site%3Agreenhouse.io%20OR%20site%3Alever.co%20OR%20site%3Aworkday.com
"ATIGUN GROUP, INC.",1621031.47,https://www.google.com/search?q=ATIGUN%20GROUP%2C%20INC.%20careers%20OR%20jobs%20site%3Agreenhouse.io%20OR%20site%3Alever.co%20OR%20site%3Aworkday.com
"AT&T ENTERPRISES, LLC",1612134.47,https://www.google.com/search?q=AT%26T%20ENTERPRISES%2C%20LLC%20careers%20OR%20jobs%20site%3Agreenhouse.io%20OR%20site%3Alever.co%20OR%20site%3Aworkday.com
"CAPE FOX ENDEAVOR, LLC",1508650.0,https://www.google.com/search?q=CAPE%20FOX%20ENDEAVOR%2C%20LLC%20careers%20OR%20jobs%20site%3Agreenhouse.io%20OR%20site%3Alever.co%20OR%20site%3Aworkday.com
"KAL ARCHITECTS, INC.",1503846.01,https://www.google.com/search?q=KAL%20ARCHITECTS%2C%20INC.%20careers%20OR%20jobs%20site%3Agreenhouse.io%20OR%20site%3Alever.co%20OR%20site%3Aworkday.com
RURAL COMMUNITY ASSISTANCE CORPORATION,1441652.4,https://www.google.com/search?q=RURAL%20COMMUNITY%20ASSISTANCE%20CORPORATION%20careers%20OR%20jobs%20site%3Agreenhouse.io%20OR%20site%3Alever.co%20OR%20site%3Aworkday.com
"THE NORTHBRIDGE GROUP, INC.",1386255.19,https://www.google.com/search?q=THE%20NORTHBRIDGE%20GROUP%2C%20INC.%20careers%20OR%20jobs%20site%3Agreenhouse.io%20OR%20site%3Alever.co%20OR%20site%3Aworkday.com
INTEPROS FEDERAL INCORPORATED,1385781.66,https://www.google.com/search?q=INTEPROS%20FEDERAL%20INCORPORATED%20careers%20OR%20jobs%20site%3Agreenhouse.io%20OR%20site%3Alever.co%20OR%20site%3Aworkday.com
DAYCOM LLC,1353152.76,https://www.google.com/search?q=DAYCOM%20LLC%20careers%20OR%20jobs%20site%3Agreenhouse.io%20OR%20site%3Alever.co%20OR%20site%3Aworkday.com
SIEMENS INDUSTRY INC,1342938.02,https://www.google.com/search?q=SIEMENS%20INDUSTRY%20INC%20careers%20OR%20jobs%20site%3Agreenhouse.io%20OR%20site%3Alever.co%20OR%20site%3Aworkday.com
NATIVE ENERGY & TECHNOLOGY INC,1313333.76,https://www.google.com/search?q=NATIVE%20ENERGY%20%26%20TECHNOLOGY%20INC%20careers%20OR%20jobs%20site%3Agreenhouse.io%20OR%20site%3Alever.co%20OR%20site%3Aworkday.com
"MABBETT & ASSOCIATES, INC.",1234298.66,https://www.google.com/search?q=MABBETT%20%26%20ASSOCIATES%2C%20INC.%20careers%20OR%20jobs%20site%3Agreenhouse.io%20OR%20site%3Alever.co%20OR%20site%3Aworkday.com
AJANTA CONSULTING LLC,1181311.36,https://www.google.com/search?q=AJANTA%20CONSULTING%20LLC%20careers%20OR%20jobs%20site%3Agreenhouse.io%20OR%20site%3Alever.co%20OR%20site%3Aworkday.com
ALTA SCIENCE & ENGINEERING INC,1162137.21,https://www.google.com/search?q=ALTA%20SCIENCE%20%26%20ENGINEERING%20INC%20careers%20OR%20jobs%20site%3Agreenhouse.io%20OR%20site%3Alever.co%20OR%20site%3Aworkday.com
WATERS TECHNOLOGIES CORPORATION,1157233.9,https://www.google.com/search?q=WATERS%20TECHNOLOGIES%20CORPORATION%20careers%20OR%20jobs%20site%3Agreenhouse.io%20OR%20site%3Alever.co%20OR%20site%3Aworkday.com
"GI4, LLC",1120663.43,https://www.google.com/search?q=GI4%2C%20LLC%20careers%20OR%20jobs%20site%3Agreenhouse.io%20OR%20site%3Alever.co%20OR%20site%3Aworkday.com
UNITED PARCEL SERVICE CO.,1109500.0,https://www.google.com/search?q=UNITED%20PARCEL%20SERVICE%20CO.%20careers%20OR%20jobs%20site%3Agreenhouse.io%20OR%20site%3Alever.co%20OR%20site%3Aworkday.com
KENNEY BUSINESS SOLUTIONS INC,941700.0,https://www.google.com/search?q=KENNEY%20BUSINESS%20SOLUTIONS%20INC%20careers%20OR%20jobs%20site%3Agreenhouse.io%20OR%20site%3Alever.co%20OR%20site%3Aworkday.com
"ROYALS CONTRACTING, INC",932840.36,https://www.google.com/search?q=ROYALS%20CONTRACTING%2C%20INC%20careers%20OR%20jobs%20site%3Agreenhouse.io%20OR%20site%3Alever.co%20OR%20site%3Aworkday.com
EQ & CH REMEDIATION,931090.24,https://www.google.com/search?q=EQ%20%26%20CH%20REMEDIATION%20careers%20OR%20jobs%20site%3Agreenhouse.io%20OR%20site%3Alever.co%20OR%20site%3Aworkday.com
BOOZ ALLEN HAMILTON INC,869562.21,https://www.google.com/search?q=BOOZ%20ALLEN%20HAMILTON%20INC%20careers%20OR%20jobs%20site%3Agreenhouse.io%20OR%20site%3Alever.co%20OR%20site%3Aworkday.com
"PLATEAU SOFTWARE, INC.",858079.6,https://www.google.com/search?q=PLATEAU%20SOFTWARE%2C%20INC.%20careers%20OR%20jobs%20site%3Agreenhouse.io%20OR%20site%3Alever.co%20OR%20site%3Aworkday.com
DATA SYSTEMS ANALYSTS INC,830322.82,https://www.google.com/search?q=DATA%20SYSTEMS%20ANALYSTS%20INC%20careers%20OR%20jobs%20site%3Agreenhouse.io%20OR%20site%3Alever.co%20OR%20site%3Aworkday.com
"AINS, LLC",825147.72,https://www.google.com/search?q=AINS%2C%20LLC%20careers%20OR%20jobs%20site%3Agreenhouse.io%20OR%20site%3Alever.co%20OR%20site%3Aworkday.com
"INTEGRIWARD, LLC",823136.86,https://www.google.com/search?q=INTEGRIWARD%2C%20LLC%20careers%20OR%20jobs%20site%3Agreenhouse.io%20OR%20site%3Alever.co%20OR%20site%3Aworkday.com
"APTIM HDR, LLC",813782.06,https://www.google.com/search?q=APTIM%20HDR%2C%20LLC%20careers%20OR%20jobs%20site%3Agreenhouse.io%20OR%20site%3Alever.co%20OR%20site%3Aworkday.com
CENTENNIAL TECHNOLOGIES INC,798653.7999999999,https://www.google.com/search?q=CENTENNIAL%20TECHNOLOGIES%20INC%20careers%20OR%20jobs%20site%3Agreenhouse.io%20OR%20site%3Alever.co%20OR%20site%3Aworkday.com
"E2 CONSULTING ENGINEERS, INC.",750000.0,https://www.google.com/search?q=E2%20CONSULTING%20ENGINEERS%2C%20INC.%20careers%20OR%20jobs%20site%3Agreenhouse.io%20OR%20site%3Alever.co%20OR%20site%3Aworkday.com
AVANTI CORPORATION,743753.3799999999,https://www.google.com/search?q=AVANTI%20CORPORATION%20careers%20OR%20jobs%20site%3Agreenhouse.io%20OR%20site%3Alever.co%20OR%20site%3Aworkday.com
PREMIER GROUP SERVICES INC,723061.06,https://www.google.com/search?q=PREMIER%20GROUP%20SERVICES%20INC%20careers%20OR%20jobs%20site%3Agreenhouse.io%20OR%20site%3Alever.co%20OR%20site%3Aworkday.com
"SUGPIAT DEFENSE, LLC",664563.6,https://www.google.com/search?q=SUGPIAT%20DEFENSE%2C%20LLC%20careers%20OR%20jobs%20site%3Agreenhouse.io%20OR%20site%3Alever.co%20OR%20site%3Aworkday.com
"DAWSON-HDR SERVICES JV, LLC",661869.28,https://www.google.com/search?q=DAWSON-HDR%20SERVICES%20JV%2C%20LLC%20careers%20OR%20jobs%20site%3Agreenhouse.io%20OR%20site%3Alever.co%20OR%20site%3Aworkday.com
CHAINBRIDGE SOLUTIONS INCORPORATED,655572.62,https://www.google.com/search?q=CHAINBRIDGE%20SOLUTIONS%20INCORPORATED%20careers%20OR%20jobs%20site%3Agreenhouse.io%20OR%20site%3Alever.co%20OR%20site%3Aworkday.com
"BASHA SERVICES, LLC",624505.06,https://www.google.com/search?q=BASHA%20SERVICES%2C%20LLC%20careers%20OR%20jobs%20site%3Agreenhouse.io%20OR%20site%3Alever.co%20OR%20site%3Aworkday.com
AB SCIEX LLC,620418.48,https://www.google.com/search?q=AB%20SCIEX%20LLC%20careers%20OR%20jobs%20site%3Agreenhouse.io%20OR%20site%3Alever.co%20OR%20site%3Aworkday.com
INDUSTRIAL ECONOMICS INC,618020.76,https://www.google.com/search?q=INDUSTRIAL%20ECONOMICS%20INC%20careers%20OR%20jobs%20site%3Agreenhouse.io%20OR%20site%3Alever.co%20OR%20site%3Aworkday.com
"CBG-PEGASUS JV, LLC",614165.41,https://www.google.com/search?q=CBG-PEGASUS%20JV%2C%20LLC%20careers%20OR%20jobs%20site%3Agreenhouse.io%20OR%20site%3Alever.co%20OR%20site%3Aworkday.com
"SAVAN GROUP, LLC",612659.5800000001,https://www.google.com/search?q=SAVAN%20GROUP%2C%20LLC%20careers%20OR%20jobs%20site%3Agreenhouse.io%20OR%20site%3Alever.co%20OR%20site%3Aworkday.com
"ENDYNA, INC.",600000.0,https://www.google.com/search?q=ENDYNA%2C%20INC.%20careers%20OR%20jobs%20site%3Agreenhouse.io%20OR%20site%3Alever.co%20OR%20site%3Aworkday.com
WILBUR TECHNICAL SERVICES LLC,571698.0,https://www.google.com/search?q=WILBUR%20TECHNICAL%20SERVICES%20LLC%20careers%20OR%20jobs%20site%3Agreenhouse.io%20OR%20site%3Alever.co%20OR%20site%3Aworkday.com
"TEAMGOV, INC.",569999.88,https://www.google.com/search?q=TEAMGOV%2C%20INC.%20careers%20OR%20jobs%20site%3Agreenhouse.io%20OR%20site%3Alever.co%20OR%20site%3Aworkday.com
LILIUM-SERES JV,568231.77,https://www.google.com/search?q=LILIUM-SERES%20JV%20careers%20OR%20jobs%20site%3Agreenhouse.io%20OR%20site%3Alever.co%20OR%20site%3Aworkday.com
LOCG LLC,562500.67,https://www.google.com/search?q=LOCG%20LLC%20careers%20OR%20jobs%20site%3Agreenhouse.io%20OR%20site%3Alever.co%20OR%20site%3Aworkday.com
THE REMI GROUP LLC,562199.29,https://www.google.com/search?q=THE%20REMI%20GROUP%20LLC%20careers%20OR%20jobs%20site%3Agreenhouse.io%20OR%20site%3Alever.co%20OR%20site%3Aworkday.com
"CARDINAL POINT CAPTAINS, INC.",550000.0,https://www.google.com/search?q=CARDINAL%20POINT%20CAPTAINS%2C%20INC.%20careers%20OR%20jobs%20site%3Agreenhouse.io%20OR%20site%3Alever.co%20OR%20site%3Aworkday.com
CASO LOGZONE LLC,540082.88,https://www.google.com/search?q=CASO%20LOGZONE%20LLC%20careers%20OR%20jobs%20site%3Agreenhouse.io%20OR%20site%3Alever.co%20OR%20site%3Aworkday.com
LINTECH GLOBAL INC,529891.53,https://www.google.com/search?q=LINTECH%20GLOBAL%20INC%20careers%20OR%20jobs%20site%3Agreenhouse.io%20OR%20site%3Alever.co%20OR%20site%3Aworkday.com
THE NDN COMPANIES,521501.87,https://www.google.com/search?q=THE%20NDN%20COMPANIES%20careers%20OR%20jobs%20site%3Agreenhouse.io%20OR%20site%3Alever.co%20OR%20site%3Aworkday.com
"OBSIDIAN GLOBAL, LLC",478562.0,https://www.google.com/search?q=OBSIDIAN%20GLOBAL%2C%20LLC%20careers%20OR%20jobs%20site%3Agreenhouse.io%20OR%20site%3Alever.co%20OR%20site%3Aworkday.com
"CHENEGA SERVICES & FEDERAL SOLUTIONS, LLC",457271.52,https://www.google.com/search?q=CHENEGA%20SERVICES%20%26%20FEDERAL%20SOLUTIONS%2C%20LLC%20careers%20OR%20jobs%20site%3Agreenhouse.io%20OR%20site%3Alever.co%20OR%20site%3Aworkday.com
"WILLIAMS DIVERSIFIED MATERIALS, INC.",450000.0,https://www.google.com/search?q=WILLIAMS%20DIVERSIFIED%20MATERIALS%2C%20INC.%20careers%20OR%20jobs%20site%3Agreenhouse.io%20OR%20site%3Alever.co%20OR%20site%3Aworkday.com
"LEIDOS, INC.",449778.65,https://www.google.com/search?q=LEIDOS%2C%20INC.%20careers%20OR%20jobs%20site%3Agreenhouse.io%20OR%20site%3Alever.co%20OR%20site%3Aworkday.com
"HORSLEY WITTEN GROUP, INC.",438888.35,https://www.google.com/search?q=HORSLEY%20WITTEN%20GROUP%2C%20INC.%20careers%20OR%20jobs%20site%3Agreenhouse.io%20OR%20site%3Alever.co%20OR%20site%3Aworkday.com
UVS INFOTECH LLC.,431202.17,https://www.google.com/search?q=UVS%20INFOTECH%20LLC.%20careers%20OR%20jobs%20site%3Agreenhouse.io%20OR%20site%3Alever.co%20OR%20site%3Aworkday.com
"RESOLVESOFT, INC.",426400.0,https://www.google.com/search?q=RESOLVESOFT%2C%20INC.%20careers%20OR%20jobs%20site%3Agreenhouse.io%20OR%20site%3Alever.co%20OR%20site%3Aworkday.com
HORIBA INSTRUMENTS INCORPORATED,421971.0,https://www.google.com/search?q=HORIBA%20INSTRUMENTS%20INCORPORATED%20careers%20OR%20jobs%20site%3Agreenhouse.io%20OR%20site%3Alever.co%20OR%20site%3Aworkday.com
"REDHAWK IT SOLUTIONS, LLC",420886.68,https://www.google.com/search?q=REDHAWK%20IT%20SOLUTIONS%2C%20LLC%20careers%20OR%20jobs%20site%3Agreenhouse.io%20OR%20site%3Alever.co%20OR%20site%3Aworkday.com
CPM ENTERPRISES LLC,414431.87,https://www.google.com/search?q=CPM%20ENTERPRISES%20LLC%20careers%20OR%20jobs%20site%3Agreenhouse.io%20OR%20site%3Alever.co%20OR%20site%3Aworkday.com
MSM TECHNOLOGY LLC,410196.28,https://www.google.com/search?q=MSM%20TECHNOLOGY%20LLC%20careers%20OR%20jobs%20site%3Agreenhouse.io%20OR%20site%3Alever.co%20OR%20site%3Aworkday.com
CORITY SOFTWARE INC.,403368.32,https://www.google.com/search?q=CORITY%20SOFTWARE%20INC.%20careers%20OR%20jobs%20site%3Agreenhouse.io%20OR%20site%3Alever.co%20OR%20site%3Aworkday.com
EISENSTEIN MALANCHUK LLP,395939.65,https://www.google.com/search?q=EISENSTEIN%20MALANCHUK%20LLP%20careers%20OR%20jobs%20site%3Agreenhouse.io%20OR%20site%3Alever.co%20OR%20site%3Aworkday.com
"HARPY TECHNOLOGIES, LLC",384680.55,https://www.google.com/search?q=HARPY%20TECHNOLOGIES%2C%20LLC%20careers%20OR%20jobs%20site%3Agreenhouse.io%20OR%20site%3Alever.co%20OR%20site%3Aworkday.com
MERP SYSTEMS INC,378415.2,https://www.google.com/search?q=MERP%20SYSTEMS%20INC%20careers%20OR%20jobs%20site%3Agreenhouse.io%20OR%20site%3Alever.co%20OR%20site%3Aworkday.com
FISHER SCIENTIFIC COMPANY L.L.C.,377085.47,https://www.google.com/search?q=FISHER%20SCIENTIFIC%20COMPANY%20L.L.C.%20careers%20OR%20jobs%20site%3Agreenhouse.io%20OR%20site%3Alever.co%20OR%20site%3Aworkday.com
"GOVERNMENT MARKETING AND PROCUREMENT, LLC",368938.6,https://www.google.com/search?q=GOVERNMENT%20MARKETING%20AND%20PROCUREMENT%2C%20LLC%20careers%20OR%20jobs%20site%3Agreenhouse.io%20OR%20site%3Alever.co%20OR%20site%3Aworkday.com
TRUST CONSULTING SERVICES INC.,367400.41,https://www.google.com/search?q=TRUST%20CONSULTING%20SERVICES%20INC.%20careers%20OR%20jobs%20site%3Agreenhouse.io%20OR%20site%3Alever.co%20OR%20site%3Aworkday.com
"ALEUT TECHNICAL SERVICES, LLC",360000.0,https://www.google.com/search?q=ALEUT%20TECHNICAL%20SERVICES%2C%20LLC%20careers%20OR%20jobs%20site%3Agreenhouse.io%20OR%20site%3Alever.co%20OR%20site%3Aworkday.com
"UNIVERSITY OF CALIFORNIA, DAVIS",356112.0,https://www.google.com/search?q=UNIVERSITY%20OF%20CALIFORNIA%2C%20DAVIS%20careers%20OR%20jobs%20site%3Agreenhouse.io%20OR%20site%3Alever.co%20OR%20site%3Aworkday.com
OCH JV,346304.81,https://www.google.com/search?q=OCH%20JV%20careers%20OR%20jobs%20site%3Agreenhouse.io%20OR%20site%3Alever.co%20OR%20site%3Aworkday.com
"LAVASTIDA DEVELOPMENT GROUP, L.L.C",338905.77,https://www.google.com/search?q=LAVASTIDA%20DEVELOPMENT%20GROUP%2C%20L.L.C%20careers%20OR%20jobs%20site%3Agreenhouse.io%20OR%20site%3Alever.co%20OR%20site%3Aworkday.com
PN AUTOMATION INC,327776.74,https://www.google.com/search?q=PN%20AUTOMATION%20INC%20careers%20OR%20jobs%20site%3Agreenhouse.io%20OR%20site%3Alever.co%20OR%20site%3Aworkday.com
"RICHARD MCELHINEY ARCHITECT, PLLC",325616.0,https://www.google.com/search?q=RICHARD%20MCELHINEY%20ARCHITECT%2C%20PLLC%20careers%20OR%20jobs%20site%3Agreenhouse.io%20OR%20site%3Alever.co%20OR%20site%3Aworkday.com
WASTE CONTROL SPECIALISTS LLC,306933.37,https://www.google.com/search?q=WASTE%20CONTROL%20SPECIALISTS%20LLC%20careers%20OR%20jobs%20site%3Agreenhouse.io%20OR%20site%3Alever.co%20OR%20site%3Aworkday.com
"EPR, P.C.",301734.0,https://www.google.com/search?q=EPR%2C%20P.C.%20careers%20OR%20jobs%20site%3Agreenhouse.io%20OR%20site%3Alever.co%20OR%20site%3Aworkday.com
ALLEN OVERY SHEARMAN STERLING US LLP,300000.0,https://www.google.com/search?q=ALLEN%20OVERY%20SHEARMAN%20STERLING%20US%20LLP%20careers%20OR%20jobs%20site%3Agreenhouse.io%20OR%20site%3Alever.co%20OR%20site%3Aworkday.com
CHEROKEE NATION SYSTEM SOLUTIONS LLC,296027.37,https://www.google.com/search?q=CHEROKEE%20NATION%20SYSTEM%20SOLUTIONS%20LLC%20careers%20OR%20jobs%20site%3Agreenhouse.io%20OR%20site%3Alever.co%20OR%20site%3Aworkday.com
TELESOLV CONSULTING INC.,294744.9,https://www.google.com/search?q=TELESOLV%20CONSULTING%20INC.%20careers%20OR%20jobs%20site%3Agreenhouse.io%20OR%20site%3Alever.co%20OR%20site%3Aworkday.com
"BLUE SKY INNOVATIVE SOLUTIONS, LLC",292870.0,https://www.google.com/search?q=BLUE%20SKY%20INNOVATIVE%20SOLUTIONS%2C%20LLC%20careers%20OR%20jobs%20site%3Agreenhouse.io%20OR%20site%3Alever.co%20OR%20site%3Aworkday.com
"SPECPRO SUSTAINMENT AND ENVIRONMENTAL, LLC",275009.93,https://www.google.com/search?q=SPECPRO%20SUSTAINMENT%20AND%20ENVIRONMENTAL%2C%20LLC%20careers%20OR%20jobs%20site%3Agreenhouse.io%20OR%20site%3Alever.co%20OR%20site%3Aworkday.com
SCIENTIFIC CONSULTING GROUP INC,275000.0,https://www.google.com/search?q=SCIENTIFIC%20CONSULTING%20GROUP%20INC%20careers%20OR%20jobs%20site%3Agreenhouse.io%20OR%20site%3Alever.co%20OR%20site%3Aworkday.com
LECO CORP,271862.0,https://www.google.com/search?q=LECO%20CORP%20careers%20OR%20jobs%20site%3Agreenhouse.io%20OR%20site%3Alever.co%20OR%20site%3Aworkday.com
"AMENTUM TECHNOLOGY, INC.",269364.85,https://www.google.com/search?q=AMENTUM%20TECHNOLOGY%2C%20INC.%20careers%20OR%20jobs%20site%3Agreenhouse.io%20OR%20site%3Alever.co%20OR%20site%3Aworkday.com
BATTA ENVIRONMENTAL ASSOCIATES INC,260424.08,https://www.google.com/search?q=BATTA%20ENVIRONMENTAL%20ASSOCIATES%20INC%20careers%20OR%20jobs%20site%3Agreenhouse.io%20OR%20site%3Alever.co%20OR%20site%3Aworkday.com
BATTELLE MEMORIAL INSTITUTE,255310.75,https://www.google.com/search?q=BATTELLE%20MEMORIAL%20INSTITUTE%20careers%20OR%20jobs%20site%3Agreenhouse.io%20OR%20site%3Alever.co%20OR%20site%3Aworkday.com
EARTHSOFT INC,250615.22,https://www.google.com/search?q=EARTHSOFT%20INC%20careers%20OR%20jobs%20site%3Agreenhouse.io%20OR%20site%3Alever.co%20OR%20site%3Aworkday.com
"SUGPIAT GROUP, LLC",250000.0,https://www.google.com/search?q=SUGPIAT%20GROUP%2C%20LLC%20careers%20OR%20jobs%20site%3Agreenhouse.io%20OR%20site%3Alever.co%20OR%20site%3Aworkday.com
"COMPTECH COMPUTER TECHNOLOGIES, INC",244971.62,https://www.google.com/search?q=COMPTECH%20COMPUTER%20TECHNOLOGIES%2C%20INC%20careers%20OR%20jobs%20site%3Agreenhouse.io%20OR%20site%3Alever.co%20OR%20site%3Aworkday.com
"CASTRO & COMPANY, LLC",241718.59,https://www.google.com/search?q=CASTRO%20%26%20COMPANY%2C%20LLC%20careers%20OR%20jobs%20site%3Agreenhouse.io%20OR%20site%3Alever.co%20OR%20site%3Aworkday.com
BAHFED CORP,241384.11,https://www.google.com/search?q=BAHFED%20CORP%20careers%20OR%20jobs%20site%3Agreenhouse.io%20OR%20site%3Alever.co%20OR%20site%3Aworkday.com
ANALYTIC ACQUISITIONS LLC,240000.0,https://www.google.com/search?q=ANALYTIC%20ACQUISITIONS%20LLC%20careers%20OR%20jobs%20site%3Agreenhouse.io%20OR%20site%3Alever.co%20OR%20site%3Aworkday.com
ENVIRONMENTAL MANAGEMENT SERVICES INC,235551.5,https://www.google.com/search?q=ENVIRONMENTAL%20MANAGEMENT%20SERVICES%20INC%20careers%20OR%20jobs%20site%3Agreenhouse.io%20OR%20site%3Alever.co%20OR%20site%3Aworkday.com
KGSNE JV II LLC,235368.18,https://www.google.com/search?q=KGSNE%20JV%20II%20LLC%20careers%20OR%20jobs%20site%3Agreenhouse.io%20OR%20site%3Alever.co%20OR%20site%3Aworkday.com
"ITFRASTRUCTURE, INC.",234109.67,https://www.google.com/search?q=ITFRASTRUCTURE%2C%20INC.%20careers%20OR%20jobs%20site%3Agreenhouse.io%20OR%20site%3Alever.co%20OR%20site%3Aworkday.com
"SAFE ENVIRONMENT ENGINEERING LP, A CALIFORNIA LIMITED PARTNERSHIP",227425.24,https://www.google.com/search?q=SAFE%20ENVIRONMENT%20ENGINEERING%20LP%2C%20A%20CALIFORNIA%20LIMITED%20PARTNERSHIP%20careers%20OR%20jobs%20site%3Agreenhouse.io%20OR%20site%3Alever.co%20OR%20site%3Aworkday.com
"EAP CONSULTANTS, LLC",225800.0,https://www.google.com/search?q=EAP%20CONSULTANTS%2C%20LLC%20careers%20OR%20jobs%20site%3Agreenhouse.io%20OR%20site%3Alever.co%20OR%20site%3Aworkday.com
"VICTORY GLOBAL SOLUTIONS, INC.",223338.9,https://www.google.com/search?q=VICTORY%20GLOBAL%20SOLUTIONS%2C%20INC.%20careers%20OR%20jobs%20site%3Agreenhouse.io%20OR%20site%3Alever.co%20OR%20site%3Aworkday.com
PARAGON PROFESSIONAL SERVICES LLC,223099.39,https://www.google.com/search?q=PARAGON%20PROFESSIONAL%20SERVICES%20LLC%20careers%20OR%20jobs%20site%3Agreenhouse.io%20OR%20site%3Alever.co%20OR%20site%3Aworkday.com
"AIRGAS USA, LLC",219772.22,https://www.google.com/search?q=AIRGAS%20USA%2C%20LLC%20careers%20OR%20jobs%20site%3Agreenhouse.io%20OR%20site%3Alever.co%20OR%20site%3Aworkday.com
"APTIM FEDERAL SERVICES, LLC",210680.1,https://www.google.com/search?q=APTIM%20FEDERAL%20SERVICES%2C%20LLC%20careers%20OR%20jobs%20site%3Agreenhouse.io%20OR%20site%3Alever.co%20OR%20site%3Aworkday.com
MOUNTAIN HORSE LLC,210422.64,https://www.google.com/search?q=MOUNTAIN%20HORSE%20LLC%20careers%20OR%20jobs%20site%3Agreenhouse.io%20OR%20site%3Alever.co%20OR%20site%3Aworkday.com
OFFICE SPACE PLANNERS INC,208538.79,https://www.google.com/search?q=OFFICE%20SPACE%20PLANNERS%20INC%20careers%20OR%20jobs%20site%3Agreenhouse.io%20OR%20site%3Alever.co%20OR%20site%3Aworkday.com
"ENTECH INSTRUMENTS, INC.",206632.71,https://www.google.com/search?q=ENTECH%20INSTRUMENTS%2C%20INC.%20careers%20OR%20jobs%20site%3Agreenhouse.io%20OR%20site%3Alever.co%20OR%20site%3Aworkday.com
UNISON VIRTUAL ACQUISITION OFFICE LLC,205185.63,https://www.google.com/search?q=UNISON%20VIRTUAL%20ACQUISITION%20OFFICE%20LLC%20careers%20OR%20jobs%20site%3Agreenhouse.io%20OR%20site%3Alever.co%20OR%20site%3Aworkday.com
"WINGSWEPT, LLC",195895.28,https://www.google.com/search?q=WINGSWEPT%2C%20LLC%20careers%20OR%20jobs%20site%3Agreenhouse.io%20OR%20site%3Alever.co%20OR%20site%3Aworkday.com
TRC ENVIRONMENTAL CORPORATION,191730.0,https://www.google.com/search?q=TRC%20ENVIRONMENTAL%20CORPORATION%20careers%20OR%20jobs%20site%3Agreenhouse.io%20OR%20site%3Alever.co%20OR%20site%3Aworkday.com
"ENTERPRISE SECURITY, INC.",189672.6,https://www.google.com/search?q=ENTERPRISE%20SECURITY%2C%20INC.%20careers%20OR%20jobs%20site%3Agreenhouse.io%20OR%20site%3Alever.co%20OR%20site%3Aworkday.com
CHINOOK SYSTEMS INC,184947.97,https://www.google.com/search?q=CHINOOK%20SYSTEMS%20INC%20careers%20OR%20jobs%20site%3Agreenhouse.io%20OR%20site%3Alever.co%20OR%20site%3Aworkday.com
PERKINELMER U.S. LLC,182637.65,https://www.google.com/search?q=PERKINELMER%20U.S.%20LLC%20careers%20OR%20jobs%20site%3Agreenhouse.io%20OR%20site%3Alever.co%20OR%20site%3Aworkday.com
"BIOTAGE, LLC",182229.88,https://www.google.com/search?q=BIOTAGE%2C%20LLC%20careers%20OR%20jobs%20site%3Agreenhouse.io%20OR%20site%3Alever.co%20OR%20site%3Aworkday.com
"VERACITY CONSULTING, INC.",180139.45,https://www.google.com/search?q=VERACITY%20CONSULTING%2C%20INC.%20careers%20OR%20jobs%20site%3Agreenhouse.io%20OR%20site%3Alever.co%20OR%20site%3Aworkday.com
JEWISH CHILD AND FAMILY SERVICES,172989.59,https://www.google.com/search?q=JEWISH%20CHILD%20AND%20FAMILY%20SERVICES%20careers%20OR%20jobs%20site%3Agreenhouse.io%20OR%20site%3Alever.co%20OR%20site%3Aworkday.com
MUSE TECHNOLOGIES INC,166603.24,https://www.google.com/search?q=MUSE%20TECHNOLOGIES%20INC%20careers%20OR%20jobs%20site%3Agreenhouse.io%20OR%20site%3Alever.co%20OR%20site%3Aworkday.com
SUMMIT CONSULTING LLC,166320.0,https://www.google.com/search?q=SUMMIT%20CONSULTING%20LLC%20careers%20OR%20jobs%20site%3Agreenhouse.io%20OR%20site%3Alever.co%20OR%20site%3Aworkday.com
S&P GLOBAL INC.,166042.2,https://www.google.com/search?q=S%26P%20GLOBAL%20INC.%20careers%20OR%20jobs%20site%3Agreenhouse.io%20OR%20site%3Alever.co%20OR%20site%3Aworkday.com
GREAT LAKES COMMISSION,165000.0,https://www.google.com/search?q=GREAT%20LAKES%20COMMISSION%20careers%20OR%20jobs%20site%3Agreenhouse.io%20OR%20site%3Alever.co%20OR%20site%3Aworkday.com
UPPER MISSISSIPPI RIVER BASIN ASSOCIATION,165000.0,https://www.google.com/search?q=UPPER%20MISSISSIPPI%20RIVER%20BASIN%20ASSOCIATION%20careers%20OR%20jobs%20site%3Agreenhouse.io%20OR%20site%3Alever.co%20OR%20site%3Aworkday.com
STERLING COMPUTERS CORPORATION,164349.15,https://www.google.com/search?q=STERLING%20COMPUTERS%20CORPORATION%20careers%20OR%20jobs%20site%3Agreenhouse.io%20OR%20site%3Alever.co%20OR%20site%3Aworkday.com
"SHIMADZU SCIENTIFIC INSTRUMENTS, INC.",161806.88,https://www.google.com/search?q=SHIMADZU%20SCIENTIFIC%20INSTRUMENTS%2C%20INC.%20careers%20OR%20jobs%20site%3Agreenhouse.io%20OR%20site%3Alever.co%20OR%20site%3Aworkday.com
CADMUS CONCOURSE JV LLC,157022.0,https://www.google.com/search?q=CADMUS%20CONCOURSE%20JV%20LLC%20careers%20OR%20jobs%20site%3Agreenhouse.io%20OR%20site%3Alever.co%20OR%20site%3Aworkday.com
FLUKE ELECTRONICS CORP,155297.27,https://www.google.com/search?q=FLUKE%20ELECTRONICS%20CORP%20careers%20OR%20jobs%20site%3Agreenhouse.io%20OR%20site%3Alever.co%20OR%20site%3Aworkday.com
SYSTALEX CORPORATION,153498.01,https://www.google.com/search?q=SYSTALEX%20CORPORATION%20careers%20OR%20jobs%20site%3Agreenhouse.io%20OR%20site%3Alever.co%20OR%20site%3Aworkday.com
FEDERAL EXPRESS CORPORATION,149900.0,https://www.google.com/search?q=FEDERAL%20EXPRESS%20CORPORATION%20careers%20OR%20jobs%20site%3Agreenhouse.io%20OR%20site%3Alever.co%20OR%20site%3Aworkday.com
WEST PUBLISHING CORPORATION,149587.08000000002,https://www.google.com/search?q=WEST%20PUBLISHING%20CORPORATION%20careers%20OR%20jobs%20site%3Agreenhouse.io%20OR%20site%3Alever.co%20OR%20site%3Aworkday.com
AMERICAN CHEMICAL SOCIETY,145000.0,https://www.google.com/search?q=AMERICAN%20CHEMICAL%20SOCIETY%20careers%20OR%20jobs%20site%3Agreenhouse.io%20OR%20site%3Alever.co%20OR%20site%3Aworkday.com
CARAHSOFT TECHNOLOGY CORP,142364.02,https://www.google.com/search?q=CARAHSOFT%20TECHNOLOGY%20CORP%20careers%20OR%20jobs%20site%3Agreenhouse.io%20OR%20site%3Alever.co%20OR%20site%3Aworkday.com
"E. A. FISCHIONE INSTRUMENTS, INC.",139175.82,https://www.google.com/search?q=E.%20A.%20FISCHIONE%20INSTRUMENTS%2C%20INC.%20careers%20OR%20jobs%20site%3Agreenhouse.io%20OR%20site%3Alever.co%20OR%20site%3Aworkday.com
CLINTON VAULS TECHNOLOGY GROUP LLC,137997.9,https://www.google.com/search?q=CLINTON%20VAULS%20TECHNOLOGY%20GROUP%20LLC%20careers%20OR%20jobs%20site%3Agreenhouse.io%20OR%20site%3Alever.co%20OR%20site%3Aworkday.com
SOFTWARE INFORMATION RESOURCE CORP.,136436.74000000002,https://www.google.com/search?q=SOFTWARE%20INFORMATION%20RESOURCE%20CORP.%20careers%20OR%20jobs%20site%3Agreenhouse.io%20OR%20site%3Alever.co%20OR%20site%3Aworkday.com
"SEQUOIA SCIENTIFIC, INC",127900.0,https://www.google.com/search?q=SEQUOIA%20SCIENTIFIC%2C%20INC%20careers%20OR%20jobs%20site%3Agreenhouse.io%20OR%20site%3Alever.co%20OR%20site%3Aworkday.com
"NEPTUNE AND COMPANY, INCORPORATED",127822.79,https://www.google.com/search?q=NEPTUNE%20AND%20COMPANY%2C%20INCORPORATED%20careers%20OR%20jobs%20site%3Agreenhouse.io%20OR%20site%3Alever.co%20OR%20site%3Aworkday.com
"SCIENTIFIC SALES, INC.",126642.47,https://www.google.com/search?q=SCIENTIFIC%20SALES%2C%20INC.%20careers%20OR%20jobs%20site%3Agreenhouse.io%20OR%20site%3Alever.co%20OR%20site%3Aworkday.com
"JOHNSON CONTROLS, INC",125000.0,https://www.google.com/search?q=JOHNSON%20CONTROLS%2C%20INC%20careers%20OR%20jobs%20site%3Agreenhouse.io%20OR%20site%3Alever.co%20OR%20site%3Aworkday.com
GAGE PRODUCTS COMPANY,123756.22,https://www.google.com/search?q=GAGE%20PRODUCTS%20COMPANY%20careers%20OR%20jobs%20site%3Agreenhouse.io%20OR%20site%3Alever.co%20OR%20site%3Aworkday.com
"TECHNICAL COMMUNITIES, INC.",122888.85,https://www.google.com/search?q=TECHNICAL%20COMMUNITIES%2C%20INC.%20careers%20OR%20jobs%20site%3Agreenhouse.io%20OR%20site%3Alever.co%20OR%20site%3Aworkday.com
"FEDCORP SERVICES, INC.",121924.57,https://www.google.com/search?q=FEDCORP%20SERVICES%2C%20INC.%20careers%20OR%20jobs%20site%3Agreenhouse.io%20OR%20site%3Alever.co%20OR%20site%3Aworkday.com
UNIVERSITY OF DAYTON,120000.0,https://www.google.com/search?q=UNIVERSITY%20OF%20DAYTON%20careers%20OR%20jobs%20site%3Agreenhouse.io%20OR%20site%3Alever.co%20OR%20site%3Aworkday.com
"THE GORDIAN GROUP, INC.",120000.0,https://www.google.com/search?q=THE%20GORDIAN%20GROUP%2C%20INC.%20careers%20OR%20jobs%20site%3Agreenhouse.io%20OR%20site%3Alever.co%20OR%20site%3Aworkday.com
VPRIME TECH INC,116960.53,https://www.google.com/search?q=VPRIME%20TECH%20INC%20careers%20OR%20jobs%20site%3Agreenhouse.io%20OR%20site%3Alever.co%20OR%20site%3Aworkday.com
DICKSON/UNIGAGE INC,116485.0,https://www.google.com/search?q=DICKSON/UNIGAGE%20INC%20careers%20OR%20jobs%20site%3Agreenhouse.io%20OR%20site%3Alever.co%20OR%20site%3Aworkday.com
"MES SERVICE COMPANY, LLC",115231.99,https://www.google.com/search?q=MES%20SERVICE%20COMPANY%2C%20LLC%20careers%20OR%20jobs%20site%3Agreenhouse.io%20OR%20site%3Alever.co%20OR%20site%3Aworkday.com
"DDC 4C, LLC",113639.19,https://www.google.com/search?q=DDC%204C%2C%20LLC%20careers%20OR%20jobs%20site%3Agreenhouse.io%20OR%20site%3Alever.co%20OR%20site%3Aworkday.com
YAM TECH LLC,113598.2,https://www.google.com/search?q=YAM%20TECH%20LLC%20careers%20OR%20jobs%20site%3Agreenhouse.io%20OR%20site%3Alever.co%20OR%20site%3Aworkday.com
"LEISNOI DIVERSIFIED-KEMRON 8A JV, LLC",112293.52,https://www.google.com/search?q=LEISNOI%20DIVERSIFIED-KEMRON%208A%20JV%2C%20LLC%20careers%20OR%20jobs%20site%3Agreenhouse.io%20OR%20site%3Alever.co%20OR%20site%3Aworkday.com
COLOSSAL CONTRACTING LLC,111769.83,https://www.google.com/search?q=COLOSSAL%20CONTRACTING%20LLC%20careers%20OR%20jobs%20site%3Agreenhouse.io%20OR%20site%3Alever.co%20OR%20site%3Aworkday.com
SFS CHEMICAL SAFETY INC,110187.65,https://www.google.com/search?q=SFS%20CHEMICAL%20SAFETY%20INC%20careers%20OR%20jobs%20site%3Agreenhouse.io%20OR%20site%3Alever.co%20OR%20site%3Aworkday.com
BROOKS APPLIED LABS LLC,109762.5,https://www.google.com/search?q=BROOKS%20APPLIED%20LABS%20LLC%20careers%20OR%20jobs%20site%3Agreenhouse.io%20OR%20site%3Alever.co%20OR%20site%3Aworkday.com
PROVEN MANAGEMENT LLC,109297.0,https://www.google.com/search?q=PROVEN%20MANAGEMENT%20LLC%20careers%20OR%20jobs%20site%3Agreenhouse.io%20OR%20site%3Alever.co%20OR%20site%3Aworkday.com
OMEGA PAINTING & CONTRACTING LLC,106988.0,https://www.google.com/search?q=OMEGA%20PAINTING%20%26%20CONTRACTING%20LLC%20careers%20OR%20jobs%20site%3Agreenhouse.io%20OR%20site%3Alever.co%20OR%20site%3Aworkday.com
CEM CORPORATION,105207.68,https://www.google.com/search?q=CEM%20CORPORATION%20careers%20OR%20jobs%20site%3Agreenhouse.io%20OR%20site%3Alever.co%20OR%20site%3Aworkday.com
"GEN-EL SAFETY & INDUSTRIAL PRODUCTS, LLC",101720.4,https://www.google.com/search?q=GEN-EL%20SAFETY%20%26%20INDUSTRIAL%20PRODUCTS%2C%20LLC%20careers%20OR%20jobs%20site%3Agreenhouse.io%20OR%20site%3Alever.co%20OR%20site%3Aworkday.com
SPECTO TECHNOLOGY LLC,100180.0,https://www.google.com/search?q=SPECTO%20TECHNOLOGY%20LLC%20careers%20OR%20jobs%20site%3Agreenhouse.io%20OR%20site%3Alever.co%20OR%20site%3Aworkday.com
HAWKINS DELAFIELD & WOOD LLP,100000.0,https://www.google.com/search?q=HAWKINS%20DELAFIELD%20%26%20WOOD%20LLP%20careers%20OR%20jobs%20site%3Agreenhouse.io%20OR%20site%3Alever.co%20OR%20site%3Aworkday.com
KLAW INDUSTRIES LLC,100000.0,https://www.google.com/search?q=KLAW%20INDUSTRIES%20LLC%20careers%20OR%20jobs%20site%3Agreenhouse.io%20OR%20site%3Alever.co%20OR%20site%3Aworkday.com
"BLACKWOOD ASSOCIATES, INC.",99793.93,https://www.google.com/search?q=BLACKWOOD%20ASSOCIATES%2C%20INC.%20careers%20OR%20jobs%20site%3Agreenhouse.io%20OR%20site%3Alever.co%20OR%20site%3Aworkday.com
"IN-SITU, INC",98078.0,https://www.google.com/search?q=IN-SITU%2C%20INC%20careers%20OR%20jobs%20site%3Agreenhouse.io%20OR%20site%3Alever.co%20OR%20site%3Aworkday.com
AD & RESOURCES LLC,97199.79,https://www.google.com/search?q=AD%20%26%20RESOURCES%20LLC%20careers%20OR%20jobs%20site%3Agreenhouse.io%20OR%20site%3Alever.co%20OR%20site%3Aworkday.com
PRIME ONE CONTRACTING LLC,96832.0,https://www.google.com/search?q=PRIME%20ONE%20CONTRACTING%20LLC%20careers%20OR%20jobs%20site%3Agreenhouse.io%20OR%20site%3Alever.co%20OR%20site%3Aworkday.com
"NOBIS ENTERPRISES, INC.",95479.04,https://www.google.com/search?q=NOBIS%20ENTERPRISES%2C%20INC.%20careers%20OR%20jobs%20site%3Agreenhouse.io%20OR%20site%3Alever.co%20OR%20site%3Aworkday.com
"MONSTER GOVERNMENT SOLUTIONS, LLC",94543.65,https://www.google.com/search?q=MONSTER%20GOVERNMENT%20SOLUTIONS%2C%20LLC%20careers%20OR%20jobs%20site%3Agreenhouse.io%20OR%20site%3Alever.co%20OR%20site%3Aworkday.com
"SEA-BIRD ELECTRONICS, INC",93888.26,https://www.google.com/search?q=SEA-BIRD%20ELECTRONICS%2C%20INC%20careers%20OR%20jobs%20site%3Agreenhouse.io%20OR%20site%3Alever.co%20OR%20site%3Aworkday.com
YSI INC,91025.0,https://www.google.com/search?q=YSI%20INC%20careers%20OR%20jobs%20site%3Agreenhouse.io%20OR%20site%3Alever.co%20OR%20site%3Aworkday.com
"FEEA CHILDCARE SERVICES, INC.",89969.57,https://www.google.com/search?q=FEEA%20CHILDCARE%20SERVICES%2C%20INC.%20careers%20OR%20jobs%20site%3Agreenhouse.io%20OR%20site%3Alever.co%20OR%20site%3Aworkday.com
HEALEY FIRE PROTECTION INC,86600.0,https://www.google.com/search?q=HEALEY%20FIRE%20PROTECTION%20INC%20careers%20OR%20jobs%20site%3Agreenhouse.io%20OR%20site%3Alever.co%20OR%20site%3Aworkday.com
EMD STRATEGIES LLC,85966.4,https://www.google.com/search?q=EMD%20STRATEGIES%20LLC%20careers%20OR%20jobs%20site%3Agreenhouse.io%20OR%20site%3Alever.co%20OR%20site%3Aworkday.com
"GOLD STANDARD DIAGNOSTICS HORSHAM, LLC",84232.46,https://www.google.com/search?q=GOLD%20STANDARD%20DIAGNOSTICS%20HORSHAM%2C%20LLC%20careers%20OR%20jobs%20site%3Agreenhouse.io%20OR%20site%3Alever.co%20OR%20site%3Aworkday.com
"HUMAN CAPITAL RESOURCES AND CONCEPTS, INC",84159.32,https://www.google.com/search?q=HUMAN%20CAPITAL%20RESOURCES%20AND%20CONCEPTS%2C%20INC%20careers%20OR%20jobs%20site%3Agreenhouse.io%20OR%20site%3Alever.co%20OR%20site%3Aworkday.com
"PP SYSTEMS INTERNATIONAL, LLC",84027.17,https://www.google.com/search?q=PP%20SYSTEMS%20INTERNATIONAL%2C%20LLC%20careers%20OR%20jobs%20site%3Agreenhouse.io%20OR%20site%3Alever.co%20OR%20site%3Aworkday.com
GEOTECH ENVIRONMENTAL EQUIPMENT INC,83468.0,https://www.google.com/search?q=GEOTECH%20ENVIRONMENTAL%20EQUIPMENT%20INC%20careers%20OR%20jobs%20site%3Agreenhouse.io%20OR%20site%3Alever.co%20OR%20site%3Aworkday.com
STRATEGIC INNOVATIVE SOLUTIONS LLC,81938.12,https://www.google.com/search?q=STRATEGIC%20INNOVATIVE%20SOLUTIONS%20LLC%20careers%20OR%20jobs%20site%3Agreenhouse.io%20OR%20site%3Alever.co%20OR%20site%3Aworkday.com
DMC CONSULTANTS INC,80000.0,https://www.google.com/search?q=DMC%20CONSULTANTS%20INC%20careers%20OR%20jobs%20site%3Agreenhouse.io%20OR%20site%3Alever.co%20OR%20site%3Aworkday.com
FEDSIGHT-JPI JV LLC,79997.15,https://www.google.com/search?q=FEDSIGHT-JPI%20JV%20LLC%20careers%20OR%20jobs%20site%3Agreenhouse.io%20OR%20site%3Alever.co%20OR%20site%3Aworkday.com
"BB&E, INC.",78679.81,https://www.google.com/search?q=BB%26E%2C%20INC.%20careers%20OR%20jobs%20site%3Agreenhouse.io%20OR%20site%3Alever.co%20OR%20site%3Aworkday.com
LIONA ENTERPRISES INC,77481.74,https://www.google.com/search?q=LIONA%20ENTERPRISES%20INC%20careers%20OR%20jobs%20site%3Agreenhouse.io%20OR%20site%3Alever.co%20OR%20site%3Aworkday.com
HELIOTECH,76611.94,https://www.google.com/search?q=HELIOTECH%20careers%20OR%20jobs%20site%3Agreenhouse.io%20OR%20site%3Alever.co%20OR%20site%3Aworkday.com
"CENSEO CONSULTING GROUP, INC.",72471.98,https://www.google.com/search?q=CENSEO%20CONSULTING%20GROUP%2C%20INC.%20careers%20OR%20jobs%20site%3Agreenhouse.io%20OR%20site%3Alever.co%20OR%20site%3Aworkday.com
REGENCY CONSULTING INC,72431.19,https://www.google.com/search?q=REGENCY%20CONSULTING%20INC%20careers%20OR%20jobs%20site%3Agreenhouse.io%20OR%20site%3Alever.co%20OR%20site%3Aworkday.com
"ENVIRONMENTAL TESTING AND CONSULTING, INC.",72000.0,https://www.google.com/search?q=ENVIRONMENTAL%20TESTING%20AND%20CONSULTING%2C%20INC.%20careers%20OR%20jobs%20site%3Agreenhouse.io%20OR%20site%3Alever.co%20OR%20site%3Aworkday.com
"LEADERSHIP CONNECT, INC.",72000.0,https://www.google.com/search?q=LEADERSHIP%20CONNECT%2C%20INC.%20careers%20OR%20jobs%20site%3Agreenhouse.io%20OR%20site%3Alever.co%20OR%20site%3Aworkday.com
HANA ENGINEERS & CONSULTANTS LLC,71295.31,https://www.google.com/search?q=HANA%20ENGINEERS%20%26%20CONSULTANTS%20LLC%20careers%20OR%20jobs%20site%3Agreenhouse.io%20OR%20site%3Alever.co%20OR%20site%3Aworkday.com
"ARCHANGEL PROTECTIVE SERVICES, INC.",71000.0,https://www.google.com/search?q=ARCHANGEL%20PROTECTIVE%20SERVICES%2C%20INC.%20careers%20OR%20jobs%20site%3Agreenhouse.io%20OR%20site%3Alever.co%20OR%20site%3Aworkday.com
EMD MILLIPORE CORP,68396.05,https://www.google.com/search?q=EMD%20MILLIPORE%20CORP%20careers%20OR%20jobs%20site%3Agreenhouse.io%20OR%20site%3Alever.co%20OR%20site%3Aworkday.com
PTS PROFESSIONAL TECHNICAL SERVICES INC,67936.3,https://www.google.com/search?q=PTS%20PROFESSIONAL%20TECHNICAL%20SERVICES%20INC%20careers%20OR%20jobs%20site%3Agreenhouse.io%20OR%20site%3Alever.co%20OR%20site%3Aworkday.com
"ENTERPRISE TECHNOLOGY SOLUTIONS, INC.",67701.13,https://www.google.com/search?q=ENTERPRISE%20TECHNOLOGY%20SOLUTIONS%2C%20INC.%20careers%20OR%20jobs%20site%3Agreenhouse.io%20OR%20site%3Alever.co%20OR%20site%3Aworkday.com
"CORNERSTONE COMMISSIONING, LLC",65800.0,https://www.google.com/search?q=CORNERSTONE%20COMMISSIONING%2C%20LLC%20careers%20OR%20jobs%20site%3Agreenhouse.io%20OR%20site%3Alever.co%20OR%20site%3Aworkday.com
"ECO ANALYSTS, LLC",63500.0,https://www.google.com/search?q=ECO%20ANALYSTS%2C%20LLC%20careers%20OR%20jobs%20site%3Agreenhouse.io%20OR%20site%3Alever.co%20OR%20site%3Aworkday.com
IT VISION NETWORKS INC,62978.0,https://www.google.com/search?q=IT%20VISION%20NETWORKS%20INC%20careers%20OR%20jobs%20site%3Agreenhouse.io%20OR%20site%3Alever.co%20OR%20site%3Aworkday.com
DIRECT OPTICS INC.,62500.0,https://www.google.com/search?q=DIRECT%20OPTICS%20INC.%20careers%20OR%20jobs%20site%3Agreenhouse.io%20OR%20site%3Alever.co%20OR%20site%3Aworkday.com
"WILLIAMS, ADLEY & COMPANY DC LLP",62266.96,https://www.google.com/search?q=WILLIAMS%2C%20ADLEY%20%26%20COMPANY%20DC%20LLP%20careers%20OR%20jobs%20site%3Agreenhouse.io%20OR%20site%3Alever.co%20OR%20site%3Aworkday.com
BLH TECHNOLOGIES INC,61362.0,https://www.google.com/search?q=BLH%20TECHNOLOGIES%20INC%20careers%20OR%20jobs%20site%3Agreenhouse.io%20OR%20site%3Alever.co%20OR%20site%3Aworkday.com
"DEFIANT TECHNOLOGIES, INC.",59746.32,https://www.google.com/search?q=DEFIANT%20TECHNOLOGIES%2C%20INC.%20careers%20OR%20jobs%20site%3Agreenhouse.io%20OR%20site%3Alever.co%20OR%20site%3Aworkday.com
MORGAN INGLAND LLC,59546.0,https://www.google.com/search?q=MORGAN%20INGLAND%20LLC%20careers%20OR%20jobs%20site%3Agreenhouse.io%20OR%20site%3Alever.co%20OR%20site%3Aworkday.com
NUKA RESEARCH & PLANNING GROUP LLC,58684.56,https://www.google.com/search?q=NUKA%20RESEARCH%20%26%20PLANNING%20GROUP%20LLC%20careers%20OR%20jobs%20site%3Agreenhouse.io%20OR%20site%3Alever.co%20OR%20site%3Aworkday.com
KAY KAY LLC,57339.42,https://www.google.com/search?q=KAY%20KAY%20LLC%20careers%20OR%20jobs%20site%3Agreenhouse.io%20OR%20site%3Alever.co%20OR%20site%3Aworkday.com
"TTW SOLUTIONS, INC.",57126.6,https://www.google.com/search?q=TTW%20SOLUTIONS%2C%20INC.%20careers%20OR%20jobs%20site%3Agreenhouse.io%20OR%20site%3Alever.co%20OR%20site%3Aworkday.com
MZIO GMBH,56737.5,https://www.google.com/search?q=MZIO%20GMBH%20careers%20OR%20jobs%20site%3Agreenhouse.io%20OR%20site%3Alever.co%20OR%20site%3Aworkday.com
"J2 SCIENTIFIC, LLC",56500.0,https://www.google.com/search?q=J2%20SCIENTIFIC%2C%20LLC%20careers%20OR%20jobs%20site%3Agreenhouse.io%20OR%20site%3Alever.co%20OR%20site%3Aworkday.com
VEOLIA ES TECHNICAL SOLUTIONS LLC,56438.91,https://www.google.com/search?q=VEOLIA%20ES%20TECHNICAL%20SOLUTIONS%20LLC%20careers%20OR%20jobs%20site%3Agreenhouse.io%20OR%20site%3Alever.co%20OR%20site%3Aworkday.com
"CROSSLEY STAFFING, LLC",56011.44,https://www.google.com/search?q=CROSSLEY%20STAFFING%2C%20LLC%20careers%20OR%20jobs%20site%3Agreenhouse.io%20OR%20site%3Alever.co%20OR%20site%3Aworkday.com
SOVEREIGN CONSULTING INC,55725.7,https://www.google.com/search?q=SOVEREIGN%20CONSULTING%20INC%20careers%20OR%20jobs%20site%3Agreenhouse.io%20OR%20site%3Alever.co%20OR%20site%3Aworkday.com
"DEFENSE CONTRACTING ACTIVITY, LLC",54823.490000000005,https://www.google.com/search?q=DEFENSE%20CONTRACTING%20ACTIVITY%2C%20LLC%20careers%20OR%20jobs%20site%3Agreenhouse.io%20OR%20site%3Alever.co%20OR%20site%3Aworkday.com
LIFE TECHNOLOGIES CORPORATION,54407.19,https://www.google.com/search?q=LIFE%20TECHNOLOGIES%20CORPORATION%20careers%20OR%20jobs%20site%3Agreenhouse.io%20OR%20site%3Alever.co%20OR%20site%3Aworkday.com
JC TECHNOLOGY INC,54029.0,https://www.google.com/search?q=JC%20TECHNOLOGY%20INC%20careers%20OR%20jobs%20site%3Agreenhouse.io%20OR%20site%3Alever.co%20OR%20site%3Aworkday.com
VENTURE BUSINESS STRATEGIES CORP.,52500.0,https://www.google.com/search?q=VENTURE%20BUSINESS%20STRATEGIES%20CORP.%20careers%20OR%20jobs%20site%3Agreenhouse.io%20OR%20site%3Alever.co%20OR%20site%3Aworkday.com
W.L.W LLC,52290.0,https://www.google.com/search?q=W.L.W%20LLC%20careers%20OR%20jobs%20site%3Agreenhouse.io%20OR%20site%3Alever.co%20OR%20site%3Aworkday.com
"ILLUMINA, INC.",52098.69,https://www.google.com/search?q=ILLUMINA%2C%20INC.%20careers%20OR%20jobs%20site%3Agreenhouse.io%20OR%20site%3Alever.co%20OR%20site%3Aworkday.com
MALVERN PANALYTICAL INC,51797.5,https://www.google.com/search?q=MALVERN%20PANALYTICAL%20INC%20careers%20OR%20jobs%20site%3Agreenhouse.io%20OR%20site%3Alever.co%20OR%20site%3Aworkday.com
"SYFT TECHNOLOGIES, INC.",51220.8,https://www.google.com/search?q=SYFT%20TECHNOLOGIES%2C%20INC.%20careers%20OR%20jobs%20site%3Agreenhouse.io%20OR%20site%3Alever.co%20OR%20site%3Aworkday.com
ADVANCED CHEMISTRY DEVELOPMENT INC,51000.0,https://www.google.com/search?q=ADVANCED%20CHEMISTRY%20DEVELOPMENT%20INC%20careers%20OR%20jobs%20site%3Agreenhouse.io%20OR%20site%3Alever.co%20OR%20site%3Aworkday.com
IDEXX LABORATORIES INC,50919.68,https://www.google.com/search?q=IDEXX%20LABORATORIES%20INC%20careers%20OR%20jobs%20site%3Agreenhouse.io%20OR%20site%3Alever.co%20OR%20site%3Aworkday.com
"S&K MISSION SUPPORT, LLC",50330.8,https://www.google.com/search?q=S%26K%20MISSION%20SUPPORT%2C%20LLC%20careers%20OR%20jobs%20site%3Agreenhouse.io%20OR%20site%3Alever.co%20OR%20site%3Aworkday.com
TRANSPORTATION ENERGY INSTITUTE,50000.0,https://www.google.com/search?q=TRANSPORTATION%20ENERGY%20INSTITUTE%20careers%20OR%20jobs%20site%3Agreenhouse.io%20OR%20site%3Alever.co%20OR%20site%3Aworkday.com
"AQUATIC SENSORS, INC.",49900.0,https://www.google.com/search?q=AQUATIC%20SENSORS%2C%20INC.%20careers%20OR%20jobs%20site%3Agreenhouse.io%20OR%20site%3Alever.co%20OR%20site%3Aworkday.com
EXP FEDERAL INC.,49559.59,https://www.google.com/search?q=EXP%20FEDERAL%20INC.%20careers%20OR%20jobs%20site%3Agreenhouse.io%20OR%20site%3Alever.co%20OR%20site%3Aworkday.com
MEDINASK LLC,49543.36,https://www.google.com/search?q=MEDINASK%20LLC%20careers%20OR%20jobs%20site%3Agreenhouse.io%20OR%20site%3Alever.co%20OR%20site%3Aworkday.com
INO-TEK INC.,47482.1,https://www.google.com/search?q=INO-TEK%20INC.%20careers%20OR%20jobs%20site%3Agreenhouse.io%20OR%20site%3Alever.co%20OR%20site%3Aworkday.com
AURORA SYSTEMS CONSULTING INC,47245.46,https://www.google.com/search?q=AURORA%20SYSTEMS%20CONSULTING%20INC%20careers%20OR%20jobs%20site%3Agreenhouse.io%20OR%20site%3Alever.co%20OR%20site%3Aworkday.com
ANALYTIK JENA US LLC,47063.0,https://www.google.com/search?q=ANALYTIK%20JENA%20US%20LLC%20careers%20OR%20jobs%20site%3Agreenhouse.io%20OR%20site%3Alever.co%20OR%20site%3Aworkday.com
LABREPCO LLC,46257.75,https://www.google.com/search?q=LABREPCO%20LLC%20careers%20OR%20jobs%20site%3Agreenhouse.io%20OR%20site%3Alever.co%20OR%20site%3Aworkday.com
"WABTEC INSPECTION TECHNOLOGIES, INC.",46112.0,https://www.google.com/search?q=WABTEC%20INSPECTION%20TECHNOLOGIES%2C%20INC.%20careers%20OR%20jobs%20site%3Agreenhouse.io%20OR%20site%3Alever.co%20OR%20site%3Aworkday.com
VENTURIS LLC,45772.26,https://www.google.com/search?q=VENTURIS%20LLC%20careers%20OR%20jobs%20site%3Agreenhouse.io%20OR%20site%3Alever.co%20OR%20site%3Aworkday.com
AMERICAN GAS PRODUCTS INC,45000.0,https://www.google.com/search?q=AMERICAN%20GAS%20PRODUCTS%20INC%20careers%20OR%20jobs%20site%3Agreenhouse.io%20OR%20site%3Alever.co%20OR%20site%3Aworkday.com
THE GRIEVE CORPORATION,44661.0,https://www.google.com/search?q=THE%20GRIEVE%20CORPORATION%20careers%20OR%20jobs%20site%3Agreenhouse.io%20OR%20site%3Alever.co%20OR%20site%3Aworkday.com
PALMERTON MUNICIPAL AUTHORITY,44660.0,https://www.google.com/search?q=PALMERTON%20MUNICIPAL%20AUTHORITY%20careers%20OR%20jobs%20site%3Agreenhouse.io%20OR%20site%3Alever.co%20OR%20site%3Aworkday.com
TRIBUS ENERGIES LLC,43243.0,https://www.google.com/search?q=TRIBUS%20ENERGIES%20LLC%20careers%20OR%20jobs%20site%3Agreenhouse.io%20OR%20site%3Alever.co%20OR%20site%3Aworkday.com
"GOVAGE, INC.",42981.93,https://www.google.com/search?q=GOVAGE%2C%20INC.%20careers%20OR%20jobs%20site%3Agreenhouse.io%20OR%20site%3Alever.co%20OR%20site%3Aworkday.com
F3 TACTICAL GROUP LLC,42000.0,https://www.google.com/search?q=F3%20TACTICAL%20GROUP%20LLC%20careers%20OR%20jobs%20site%3Agreenhouse.io%20OR%20site%3Alever.co%20OR%20site%3Aworkday.com
"US TECH DEVICES, INC",41929.71,https://www.google.com/search?q=US%20TECH%20DEVICES%2C%20INC%20careers%20OR%20jobs%20site%3Agreenhouse.io%20OR%20site%3Alever.co%20OR%20site%3Aworkday.com
"ROSS & ASSOCIATES ENVIRONMENTAL CONSULTING, LTD.",41319.45,https://www.google.com/search?q=ROSS%20%26%20ASSOCIATES%20ENVIRONMENTAL%20CONSULTING%2C%20LTD.%20careers%20OR%20jobs%20site%3Agreenhouse.io%20OR%20site%3Alever.co%20OR%20site%3Aworkday.com
EMPOWERED SYSTEMS HOLDINGS LLC,40945.22,https://www.google.com/search?q=EMPOWERED%20SYSTEMS%20HOLDINGS%20LLC%20careers%20OR%20jobs%20site%3Agreenhouse.io%20OR%20site%3Alever.co%20OR%20site%3Aworkday.com
"MIDWEST LAKE MANAGEMENT, INC.",40800.0,https://www.google.com/search?q=MIDWEST%20LAKE%20MANAGEMENT%2C%20INC.%20careers%20OR%20jobs%20site%3Agreenhouse.io%20OR%20site%3Alever.co%20OR%20site%3Aworkday.com
"THE TEAM APPROACH, INC.",40500.0,https://www.google.com/search?q=THE%20TEAM%20APPROACH%2C%20INC.%20careers%20OR%20jobs%20site%3Agreenhouse.io%20OR%20site%3Alever.co%20OR%20site%3Aworkday.com
"MG SCIENTIFIC, INC.",38841.0,https://www.google.com/search?q=MG%20SCIENTIFIC%2C%20INC.%20careers%20OR%20jobs%20site%3Agreenhouse.io%20OR%20site%3Alever.co%20OR%20site%3Aworkday.com
THE OSCAR W LARSON COMPANY,37800.0,https://www.google.com/search?q=THE%20OSCAR%20W%20LARSON%20COMPANY%20careers%20OR%20jobs%20site%3Agreenhouse.io%20OR%20site%3Alever.co%20OR%20site%3Aworkday.com
AWARENESS TECHNOLOGY INC,37760.0,https://www.google.com/search?q=AWARENESS%20TECHNOLOGY%20INC%20careers%20OR%20jobs%20site%3Agreenhouse.io%20OR%20site%3Alever.co%20OR%20site%3Aworkday.com
AMERICAN SOCIETY FOR TESTING AND MATERIALS,37649.0,https://www.google.com/search?q=AMERICAN%20SOCIETY%20FOR%20TESTING%20AND%20MATERIALS%20careers%20OR%20jobs%20site%3Agreenhouse.io%20OR%20site%3Alever.co%20OR%20site%3Aworkday.com
FLORIDA ARMOR LLC,37138.5,https://www.google.com/search?q=FLORIDA%20ARMOR%20LLC%20careers%20OR%20jobs%20site%3Agreenhouse.io%20OR%20site%3Alever.co%20OR%20site%3Aworkday.com
SOURCELINQ LLC,36990.0,https://www.google.com/search?q=SOURCELINQ%20LLC%20careers%20OR%20jobs%20site%3Agreenhouse.io%20OR%20site%3Alever.co%20OR%20site%3Aworkday.com
"CAZCOM, INC",36455.16,https://www.google.com/search?q=CAZCOM%2C%20INC%20careers%20OR%20jobs%20site%3Agreenhouse.io%20OR%20site%3Alever.co%20OR%20site%3Aworkday.com
"ADVANCED COMPUTER CONCEPTS, INC.",36205.02,https://www.google.com/search?q=ADVANCED%20COMPUTER%20CONCEPTS%2C%20INC.%20careers%20OR%20jobs%20site%3Agreenhouse.io%20OR%20site%3Alever.co%20OR%20site%3Aworkday.com
"CARPET RESOURCES, INC.",35903.25,https://www.google.com/search?q=CARPET%20RESOURCES%2C%20INC.%20careers%20OR%20jobs%20site%3Agreenhouse.io%20OR%20site%3Alever.co%20OR%20site%3Aworkday.com
"NEXUS GROUP, LLC",35434.39,https://www.google.com/search?q=NEXUS%20GROUP%2C%20LLC%20careers%20OR%20jobs%20site%3Agreenhouse.io%20OR%20site%3Alever.co%20OR%20site%3Aworkday.com
TELEDYNE FLIR COMMERCIAL SYSTEMS INC.,35348.0,https://www.google.com/search?q=TELEDYNE%20FLIR%20COMMERCIAL%20SYSTEMS%20INC.%20careers%20OR%20jobs%20site%3Agreenhouse.io%20OR%20site%3Alever.co%20OR%20site%3Aworkday.com
LAURUS SYSTEMS INC,34936.52,https://www.google.com/search?q=LAURUS%20SYSTEMS%20INC%20careers%20OR%20jobs%20site%3Agreenhouse.io%20OR%20site%3Alever.co%20OR%20site%3Aworkday.com
"QIAGEN, LLC",34689.75,https://www.google.com/search?q=QIAGEN%2C%20LLC%20careers%20OR%20jobs%20site%3Agreenhouse.io%20OR%20site%3Alever.co%20OR%20site%3Aworkday.com
"OHIO LUMEX CO., INC",34400.0,https://www.google.com/search?q=OHIO%20LUMEX%20CO.%2C%20INC%20careers%20OR%20jobs%20site%3Agreenhouse.io%20OR%20site%3Alever.co%20OR%20site%3Aworkday.com
"PROACTIVE ENVIRONMENTAL PRODUCTS, LLC",33600.0,https://www.google.com/search?q=PROACTIVE%20ENVIRONMENTAL%20PRODUCTS%2C%20LLC%20careers%20OR%20jobs%20site%3Agreenhouse.io%20OR%20site%3Alever.co%20OR%20site%3Aworkday.com
GRIPP INCORPORATED,32889.0,https://www.google.com/search?q=GRIPP%20INCORPORATED%20careers%20OR%20jobs%20site%3Agreenhouse.io%20OR%20site%3Alever.co%20OR%20site%3Aworkday.com
AVL TEST SYSTEMS INC,32865.7,https://www.google.com/search?q=AVL%20TEST%20SYSTEMS%20INC%20careers%20OR%20jobs%20site%3Agreenhouse.io%20OR%20site%3Alever.co%20OR%20site%3Aworkday.com
"MEASUREMENT TECHNOLOGY LABORATORIES, LLC",32058.62,https://www.google.com/search?q=MEASUREMENT%20TECHNOLOGY%20LABORATORIES%2C%20LLC%20careers%20OR%20jobs%20site%3Agreenhouse.io%20OR%20site%3Alever.co%20OR%20site%3Aworkday.com
"BIONOMICS, INC.",31930.0,https://www.google.com/search?q=BIONOMICS%2C%20INC.%20careers%20OR%20jobs%20site%3Agreenhouse.io%20OR%20site%3Alever.co%20OR%20site%3Aworkday.com
MILLERKNOLL INC,31570.5,https://www.google.com/search?q=MILLERKNOLL%20INC%20careers%20OR%20jobs%20site%3Agreenhouse.io%20OR%20site%3Alever.co%20OR%20site%3Aworkday.com
"ALETO, INC.",31193.850000000035,https://www.google.com/search?q=ALETO%2C%20INC.%20careers%20OR%20jobs%20site%3Agreenhouse.io%20OR%20site%3Alever.co%20OR%20site%3Aworkday.com
AMERICAN BUSINESS SOLUTIONS INC,31123.25,https://www.google.com/search?q=AMERICAN%20BUSINESS%20SOLUTIONS%20INC%20careers%20OR%20jobs%20site%3Agreenhouse.io%20OR%20site%3Alever.co%20OR%20site%3Aworkday.com
"CARL ZEISS MICROSCOPY, LLC",30567.6,https://www.google.com/search?q=CARL%20ZEISS%20MICROSCOPY%2C%20LLC%20careers%20OR%20jobs%20site%3Agreenhouse.io%20OR%20site%3Alever.co%20OR%20site%3Aworkday.com
THOMPSON EQUIPMENT COMPANY INC,30464.0,https://www.google.com/search?q=THOMPSON%20EQUIPMENT%20COMPANY%20INC%20careers%20OR%20jobs%20site%3Agreenhouse.io%20OR%20site%3Alever.co%20OR%20site%3Aworkday.com
"AIRBORNE ASPECT, INC.",30000.0,https://www.google.com/search?q=AIRBORNE%20ASPECT%2C%20INC.%20careers%20OR%20jobs%20site%3Agreenhouse.io%20OR%20site%3Alever.co%20OR%20site%3Aworkday.com
"MARKES INTERNATIONAL, INC.",29504.0,https://www.google.com/search?q=MARKES%20INTERNATIONAL%2C%20INC.%20careers%20OR%20jobs%20site%3Agreenhouse.io%20OR%20site%3Alever.co%20OR%20site%3Aworkday.com
AKTARIUS LLC,28999.35,https://www.google.com/search?q=AKTARIUS%20LLC%20careers%20OR%20jobs%20site%3Agreenhouse.io%20OR%20site%3Alever.co%20OR%20site%3Aworkday.com
GEOPHYSICAL SURVEY SYSTEMS INC,28905.0,https://www.google.com/search?q=GEOPHYSICAL%20SURVEY%20SYSTEMS%20INC%20careers%20OR%20jobs%20site%3Agreenhouse.io%20OR%20site%3Alever.co%20OR%20site%3Aworkday.com
CHEMWATCH AMERICAS LLC,27879.0,https://www.google.com/search?q=CHEMWATCH%20AMERICAS%20LLC%20careers%20OR%20jobs%20site%3Agreenhouse.io%20OR%20site%3Alever.co%20OR%20site%3Aworkday.com
PEAK SCIENTIFIC INC,27851.95,https://www.google.com/search?q=PEAK%20SCIENTIFIC%20INC%20careers%20OR%20jobs%20site%3Agreenhouse.io%20OR%20site%3Alever.co%20OR%20site%3Aworkday.com
"SKC, INC.",27386.36,https://www.google.com/search?q=SKC%2C%20INC.%20careers%20OR%20jobs%20site%3Agreenhouse.io%20OR%20site%3Alever.co%20OR%20site%3Aworkday.com
CENTRAL WELDING SUPPLY COMPANY,27370.99,https://www.google.com/search?q=CENTRAL%20WELDING%20SUPPLY%20COMPANY%20careers%20OR%20jobs%20site%3Agreenhouse.io%20OR%20site%3Alever.co%20OR%20site%3Aworkday.com
"ASTORIA-PACIFIC, INC.",27204.0,https://www.google.com/search?q=ASTORIA-PACIFIC%2C%20INC.%20careers%20OR%20jobs%20site%3Agreenhouse.io%20OR%20site%3Alever.co%20OR%20site%3Aworkday.com
ROBERTS OXYGEN CO INC,26976.0,https://www.google.com/search?q=ROBERTS%20OXYGEN%20CO%20INC%20careers%20OR%20jobs%20site%3Agreenhouse.io%20OR%20site%3Alever.co%20OR%20site%3Aworkday.com
"RIGAKU AMERICAS HOLDING, INC.",26500.0,https://www.google.com/search?q=RIGAKU%20AMERICAS%20HOLDING%2C%20INC.%20careers%20OR%20jobs%20site%3Agreenhouse.io%20OR%20site%3Alever.co%20OR%20site%3Aworkday.com
"SPECTRO ANALYTICAL INSTRUMENTS, INC.",26334.0,https://www.google.com/search?q=SPECTRO%20ANALYTICAL%20INSTRUMENTS%2C%20INC.%20careers%20OR%20jobs%20site%3Agreenhouse.io%20OR%20site%3Alever.co%20OR%20site%3Aworkday.com
ADISS INC,26250.0,https://www.google.com/search?q=ADISS%20INC%20careers%20OR%20jobs%20site%3Agreenhouse.io%20OR%20site%3Alever.co%20OR%20site%3Aworkday.com
LUMINEX CORP,25736.0,https://www.google.com/search?q=LUMINEX%20CORP%20careers%20OR%20jobs%20site%3Agreenhouse.io%20OR%20site%3Alever.co%20OR%20site%3Aworkday.com
SAVALAN LLC,24995.0,https://www.google.com/search?q=SAVALAN%20LLC%20careers%20OR%20jobs%20site%3Agreenhouse.io%20OR%20site%3Alever.co%20OR%20site%3Aworkday.com
"BRINKMANN INSTRUMENTS, INC.",24605.0,https://www.google.com/search?q=BRINKMANN%20INSTRUMENTS%2C%20INC.%20careers%20OR%20jobs%20site%3Agreenhouse.io%20OR%20site%3Alever.co%20OR%20site%3Aworkday.com
VWR INTERNATIONAL LLC,24400.92,https://www.google.com/search?q=VWR%20INTERNATIONAL%20LLC%20careers%20OR%20jobs%20site%3Agreenhouse.io%20OR%20site%3Alever.co%20OR%20site%3Aworkday.com
ALPINE POWER SYSTEMS INC,24034.72,https://www.google.com/search?q=ALPINE%20POWER%20SYSTEMS%20INC%20careers%20OR%20jobs%20site%3Agreenhouse.io%20OR%20site%3Alever.co%20OR%20site%3Aworkday.com
XEROX CORPORATION,24027.81,https://www.google.com/search?q=XEROX%20CORPORATION%20careers%20OR%20jobs%20site%3Agreenhouse.io%20OR%20site%3Alever.co%20OR%20site%3Aworkday.com
UNIVERSITY RESEARCH GLASSWARE CORPORATION,23958.33,https://www.google.com/search?q=UNIVERSITY%20RESEARCH%20GLASSWARE%20CORPORATION%20careers%20OR%20jobs%20site%3Agreenhouse.io%20OR%20site%3Alever.co%20OR%20site%3Aworkday.com
"BASCOM-TURNER INSTRUMENTS, INC.",23940.0,https://www.google.com/search?q=BASCOM-TURNER%20INSTRUMENTS%2C%20INC.%20careers%20OR%20jobs%20site%3Agreenhouse.io%20OR%20site%3Alever.co%20OR%20site%3Aworkday.com
"VEOLIA WATER TECHNOLOGIES, INC.",23371.69,https://www.google.com/search?q=VEOLIA%20WATER%20TECHNOLOGIES%2C%20INC.%20careers%20OR%20jobs%20site%3Agreenhouse.io%20OR%20site%3Alever.co%20OR%20site%3Aworkday.com
KRA-CRJ JV INC,22941.370000000003,https://www.google.com/search?q=KRA-CRJ%20JV%20INC%20careers%20OR%20jobs%20site%3Agreenhouse.io%20OR%20site%3Alever.co%20OR%20site%3Aworkday.com
COOKE PETER M,22830.0,https://www.google.com/search?q=COOKE%20PETER%20M%20careers%20OR%20jobs%20site%3Agreenhouse.io%20OR%20site%3Alever.co%20OR%20site%3Aworkday.com
WORK & WESTERN BOOTS SAGINAW LTD,22000.0,https://www.google.com/search?q=WORK%20%26%20WESTERN%20BOOTS%20SAGINAW%20LTD%20careers%20OR%20jobs%20site%3Agreenhouse.io%20OR%20site%3Alever.co%20OR%20site%3Aworkday.com
BURKE COURT REPORTING LLC,21948.86,https://www.google.com/search?q=BURKE%20COURT%20REPORTING%20LLC%20careers%20OR%20jobs%20site%3Agreenhouse.io%20OR%20site%3Alever.co%20OR%20site%3Aworkday.com
CLARVAN INCORPORATED,21345.98,https://www.google.com/search?q=CLARVAN%20INCORPORATED%20careers%20OR%20jobs%20site%3Agreenhouse.io%20OR%20site%3Alever.co%20OR%20site%3Aworkday.com
NETA SCIENTIFIC INC,21228.37,https://www.google.com/search?q=NETA%20SCIENTIFIC%20INC%20careers%20OR%20jobs%20site%3Agreenhouse.io%20OR%20site%3Alever.co%20OR%20site%3Aworkday.com
"ARCWOOD ENVIRONMENTAL, LLC",21153.85,https://www.google.com/search?q=ARCWOOD%20ENVIRONMENTAL%2C%20LLC%20careers%20OR%20jobs%20site%3Agreenhouse.io%20OR%20site%3Alever.co%20OR%20site%3Aworkday.com
"BOWHEAD ENTERPRISE, SCIENCE AND TECHNOLOGY, LLC",21000.0,https://www.google.com/search?q=BOWHEAD%20ENTERPRISE%2C%20SCIENCE%20AND%20TECHNOLOGY%2C%20LLC%20careers%20OR%20jobs%20site%3Agreenhouse.io%20OR%20site%3Alever.co%20OR%20site%3Aworkday.com
QUICKSERIES PUBLISHING INC,20276.0,https://www.google.com/search?q=QUICKSERIES%20PUBLISHING%20INC%20careers%20OR%20jobs%20site%3Agreenhouse.io%20OR%20site%3Alever.co%20OR%20site%3Aworkday.com
ENVIRONMENTAL EXPRESS INC,20151.78,https://www.google.com/search?q=ENVIRONMENTAL%20EXPRESS%20INC%20careers%20OR%20jobs%20site%3Agreenhouse.io%20OR%20site%3Alever.co%20OR%20site%3Aworkday.com
"LABWORKS, LLC",19917.0,https://www.google.com/search?q=LABWORKS%2C%20LLC%20careers%20OR%20jobs%20site%3Agreenhouse.io%20OR%20site%3Alever.co%20OR%20site%3Aworkday.com
"FRONTIER PRECISION, INC",19578.96,https://www.google.com/search?q=FRONTIER%20PRECISION%2C%20INC%20careers%20OR%20jobs%20site%3Agreenhouse.io%20OR%20site%3Alever.co%20OR%20site%3Aworkday.com
OREGON HEALTH AUTHORITY-PUBLIC HEALTH,19568.0,https://www.google.com/search?q=OREGON%20HEALTH%20AUTHORITY-PUBLIC%20HEALTH%20careers%20OR%20jobs%20site%3Agreenhouse.io%20OR%20site%3Alever.co%20OR%20site%3Aworkday.com
"VERSAR, INC.",19456.0,https://www.google.com/search?q=VERSAR%2C%20INC.%20careers%20OR%20jobs%20site%3Agreenhouse.io%20OR%20site%3Alever.co%20OR%20site%3Aworkday.com
"MIDDLESEX GASES & TECHNOLOGIES, INC",19020.81,https://www.google.com/search?q=MIDDLESEX%20GASES%20%26%20TECHNOLOGIES%2C%20INC%20careers%20OR%20jobs%20site%3Agreenhouse.io%20OR%20site%3Alever.co%20OR%20site%3Aworkday.com
HARRIE BENJAMIN KIRK,19000.0,https://www.google.com/search?q=HARRIE%20BENJAMIN%20KIRK%20careers%20OR%20jobs%20site%3Agreenhouse.io%20OR%20site%3Alever.co%20OR%20site%3Aworkday.com
"ELEMENTAR AMERICAS, INC.",18742.3,https://www.google.com/search?q=ELEMENTAR%20AMERICAS%2C%20INC.%20careers%20OR%20jobs%20site%3Agreenhouse.io%20OR%20site%3Alever.co%20OR%20site%3Aworkday.com
OREGON STATE UNIVERSITY,18616.0,https://www.google.com/search?q=OREGON%20STATE%20UNIVERSITY%20careers%20OR%20jobs%20site%3Agreenhouse.io%20OR%20site%3Alever.co%20OR%20site%3Aworkday.com
HARTEL'S DISPOSAL LLC,18391.0,https://www.google.com/search?q=HARTEL%27S%20DISPOSAL%20LLC%20careers%20OR%20jobs%20site%3Agreenhouse.io%20OR%20site%3Alever.co%20OR%20site%3Aworkday.com
"POLITICO, LLC",18375.0,https://www.google.com/search?q=POLITICO%2C%20LLC%20careers%20OR%20jobs%20site%3Agreenhouse.io%20OR%20site%3Alever.co%20OR%20site%3Aworkday.com
"ART SIGN WORKS, INC",18350.0,https://www.google.com/search?q=ART%20SIGN%20WORKS%2C%20INC%20careers%20OR%20jobs%20site%3Agreenhouse.io%20OR%20site%3Alever.co%20OR%20site%3Aworkday.com
ACE PARKING MANAGEMENT INC,18000.0,https://www.google.com/search?q=ACE%20PARKING%20MANAGEMENT%20INC%20careers%20OR%20jobs%20site%3Agreenhouse.io%20OR%20site%3Alever.co%20OR%20site%3Aworkday.com
C TECH DEVELOPMENT CORPORATION,17349.59,https://www.google.com/search?q=C%20TECH%20DEVELOPMENT%20CORPORATION%20careers%20OR%20jobs%20site%3Agreenhouse.io%20OR%20site%3Alever.co%20OR%20site%3Aworkday.com
LEADING TECHNOLOGY COMPOSITES INC,17268.76,https://www.google.com/search?q=LEADING%20TECHNOLOGY%20COMPOSITES%20INC%20careers%20OR%20jobs%20site%3Agreenhouse.io%20OR%20site%3Alever.co%20OR%20site%3Aworkday.com
"ORKIN, LLC",17263.95,https://www.google.com/search?q=ORKIN%2C%20LLC%20careers%20OR%20jobs%20site%3Agreenhouse.io%20OR%20site%3Alever.co%20OR%20site%3Aworkday.com
ARCHITECHTURE SOLUTIONS LLC,17030.16,https://www.google.com/search?q=ARCHITECHTURE%20SOLUTIONS%20LLC%20careers%20OR%20jobs%20site%3Agreenhouse.io%20OR%20site%3Alever.co%20OR%20site%3Aworkday.com
UNIVERSITY OF GEORGIA,16800.0,https://www.google.com/search?q=UNIVERSITY%20OF%20GEORGIA%20careers%20OR%20jobs%20site%3Agreenhouse.io%20OR%20site%3Alever.co%20OR%20site%3Aworkday.com
"WASTE MANAGEMENT OF WASHINGTON, INC.",16514.0,https://www.google.com/search?q=WASTE%20MANAGEMENT%20OF%20WASHINGTON%2C%20INC.%20careers%20OR%20jobs%20site%3Agreenhouse.io%20OR%20site%3Alever.co%20OR%20site%3Aworkday.com
SLAM TECHNICAL SERVICES LLC,16067.45,https://www.google.com/search?q=SLAM%20TECHNICAL%20SERVICES%20LLC%20careers%20OR%20jobs%20site%3Agreenhouse.io%20OR%20site%3Alever.co%20OR%20site%3Aworkday.com
VNS FEDERAL SERVICES LLC,15792.02,https://www.google.com/search?q=VNS%20FEDERAL%20SERVICES%20LLC%20careers%20OR%20jobs%20site%3Agreenhouse.io%20OR%20site%3Alever.co%20OR%20site%3Aworkday.com
SPRINGFIELD SOLUTIONS LLC,15762.02,https://www.google.com/search?q=SPRINGFIELD%20SOLUTIONS%20LLC%20careers%20OR%20jobs%20site%3Agreenhouse.io%20OR%20site%3Alever.co%20OR%20site%3Aworkday.com
AAALAC INTERNATIONAL,15439.0,https://www.google.com/search?q=AAALAC%20INTERNATIONAL%20careers%20OR%20jobs%20site%3Agreenhouse.io%20OR%20site%3Alever.co%20OR%20site%3Aworkday.com
"COSMOSID, INC",15438.5,https://www.google.com/search?q=COSMOSID%2C%20INC%20careers%20OR%20jobs%20site%3Agreenhouse.io%20OR%20site%3Alever.co%20OR%20site%3Aworkday.com
"RCG OF NORTH CAROLINA, LLC",15300.0,https://www.google.com/search?q=RCG%20OF%20NORTH%20CAROLINA%2C%20LLC%20careers%20OR%20jobs%20site%3Agreenhouse.io%20OR%20site%3Alever.co%20OR%20site%3Aworkday.com
"MAGNET FORENSICS, LLC",15249.0,https://www.google.com/search?q=MAGNET%20FORENSICS%2C%20LLC%20careers%20OR%20jobs%20site%3Agreenhouse.io%20OR%20site%3Alever.co%20OR%20site%3Aworkday.com
"AGS SCIENTIFIC, LLC",14950.0,https://www.google.com/search?q=AGS%20SCIENTIFIC%2C%20LLC%20careers%20OR%20jobs%20site%3Agreenhouse.io%20OR%20site%3Alever.co%20OR%20site%3Aworkday.com
ALLSTEEL LLC,14640.75,https://www.google.com/search?q=ALLSTEEL%20LLC%20careers%20OR%20jobs%20site%3Agreenhouse.io%20OR%20site%3Alever.co%20OR%20site%3Aworkday.com
KRISTIE GUZMAN-MARTINEZ,14400.0,https://www.google.com/search?q=KRISTIE%20GUZMAN-MARTINEZ%20careers%20OR%20jobs%20site%3Agreenhouse.io%20OR%20site%3Alever.co%20OR%20site%3Aworkday.com
ANSI NATIONAL ACCREDITATION BOARD LLC,12675.0,https://www.google.com/search?q=ANSI%20NATIONAL%20ACCREDITATION%20BOARD%20LLC%20careers%20OR%20jobs%20site%3Agreenhouse.io%20OR%20site%3Alever.co%20OR%20site%3Aworkday.com
BRUMBAUGH DAVID,12000.0,https://www.google.com/search?q=BRUMBAUGH%20DAVID%20careers%20OR%20jobs%20site%3Agreenhouse.io%20OR%20site%3Alever.co%20OR%20site%3Aworkday.com
"DONNEGAN SYSTEMS, INC.",11896.0,https://www.google.com/search?q=DONNEGAN%20SYSTEMS%2C%20INC.%20careers%20OR%20jobs%20site%3Agreenhouse.io%20OR%20site%3Alever.co%20OR%20site%3Aworkday.com
"CHENEGA SENTINEL 360, LLC",11886.23,https://www.google.com/search?q=CHENEGA%20SENTINEL%20360%2C%20LLC%20careers%20OR%20jobs%20site%3Agreenhouse.io%20OR%20site%3Alever.co%20OR%20site%3Aworkday.com
"GARTEN SERVICES, INC.",11729.34,https://www.google.com/search?q=GARTEN%20SERVICES%2C%20INC.%20careers%20OR%20jobs%20site%3Agreenhouse.io%20OR%20site%3Alever.co%20OR%20site%3Aworkday.com
"NIPPON SANSO MATHESON, INC.",11000.0,https://www.google.com/search?q=NIPPON%20SANSO%20MATHESON%2C%20INC.%20careers%20OR%20jobs%20site%3Agreenhouse.io%20OR%20site%3Alever.co%20OR%20site%3Aworkday.com
"COAST TO COAST CALIBRATIONS, INC.",10752.5,https://www.google.com/search?q=COAST%20TO%20COAST%20CALIBRATIONS%2C%20INC.%20careers%20OR%20jobs%20site%3Agreenhouse.io%20OR%20site%3Alever.co%20OR%20site%3Aworkday.com
"CQ-ROLL CALL, INC",10300.0,https://www.google.com/search?q=CQ-ROLL%20CALL%2C%20INC%20careers%20OR%20jobs%20site%3Agreenhouse.io%20OR%20site%3Alever.co%20OR%20site%3Aworkday.com
"ALLIANT INSURANCE SERVICES, INC.",9200.0,https://www.google.com/search?q=ALLIANT%20INSURANCE%20SERVICES%2C%20INC.%20careers%20OR%20jobs%20site%3Agreenhouse.io%20OR%20site%3Alever.co%20OR%20site%3Aworkday.com
CAPITAL RELOCATION SERVICES L.L.C.,9109.149999999994,https://www.google.com/search?q=CAPITAL%20RELOCATION%20SERVICES%20L.L.C.%20careers%20OR%20jobs%20site%3Agreenhouse.io%20OR%20site%3Alever.co%20OR%20site%3Aworkday.com
"SAFETY-KLEEN SYSTEMS, INC.",8734.4,https://www.google.com/search?q=SAFETY-KLEEN%20SYSTEMS%2C%20INC.%20careers%20OR%20jobs%20site%3Agreenhouse.io%20OR%20site%3Alever.co%20OR%20site%3Aworkday.com
MILLBROOK SUPPORT SERVICES INC,8320.0,https://www.google.com/search?q=MILLBROOK%20SUPPORT%20SERVICES%20INC%20careers%20OR%20jobs%20site%3Agreenhouse.io%20OR%20site%3Alever.co%20OR%20site%3Aworkday.com
COAST2COAST SHREDDING LLC,8296.0,https://www.google.com/search?q=COAST2COAST%20SHREDDING%20LLC%20careers%20OR%20jobs%20site%3Agreenhouse.io%20OR%20site%3Alever.co%20OR%20site%3Aworkday.com
"MATRIX HG, INC.",7258.0,https://www.google.com/search?q=MATRIX%20HG%2C%20INC.%20careers%20OR%20jobs%20site%3Agreenhouse.io%20OR%20site%3Alever.co%20OR%20site%3Aworkday.com
PITNEY BOWES INC.,6245.4,https://www.google.com/search?q=PITNEY%20BOWES%20INC.%20careers%20OR%20jobs%20site%3Agreenhouse.io%20OR%20site%3Alever.co%20OR%20site%3Aworkday.com
TSI INCORPORATED,5505.0,https://www.google.com/search?q=TSI%20INCORPORATED%20careers%20OR%20jobs%20site%3Agreenhouse.io%20OR%20site%3Alever.co%20OR%20site%3Aworkday.com
WASHINGTON EXPRESS LLC,5148.35,https://www.google.com/search?q=WASHINGTON%20EXPRESS%20LLC%20careers%20OR%20jobs%20site%3Agreenhouse.io%20OR%20site%3Alever.co%20OR%20site%3Aworkday.com
THE LIOCE GROUP INC,5001.07,https://www.google.com/search?q=THE%20LIOCE%20GROUP%20INC%20careers%20OR%20jobs%20site%3Agreenhouse.io%20OR%20site%3Alever.co%20OR%20site%3Aworkday.com
MOTIONPOINT CORPORATION,4595.0,https://www.google.com/search?q=MOTIONPOINT%20CORPORATION%20careers%20OR%20jobs%20site%3Agreenhouse.io%20OR%20site%3Alever.co%20OR%20site%3Aworkday.com
ACCESS INFORMATION MANAGEMENT CORPORATION,4233.4,https://www.google.com/search?q=ACCESS%20INFORMATION%20MANAGEMENT%20CORPORATION%20careers%20OR%20jobs%20site%3Agreenhouse.io%20OR%20site%3Alever.co%20OR%20site%3Aworkday.com
AMERITEL COMMUNICATIONS CORPORATION,3564.0,https://www.google.com/search?q=AMERITEL%20COMMUNICATIONS%20CORPORATION%20careers%20OR%20jobs%20site%3Agreenhouse.io%20OR%20site%3Alever.co%20OR%20site%3Aworkday.com
UNISON SOFTWARE INC,3015.3899999999994,https://www.google.com/search?q=UNISON%20SOFTWARE%20INC%20careers%20OR%20jobs%20site%3Agreenhouse.io%20OR%20site%3Alever.co%20OR%20site%3Aworkday.com
"MLINQS, LLC",2153.31,https://www.google.com/search?q=MLINQS%2C%20LLC%20careers%20OR%20jobs%20site%3Agreenhouse.io%20OR%20site%3Alever.co%20OR%20site%3Aworkday.com
MRIGLOBAL,100.0,https://www.google.com/search?q=MRIGLOBAL%20careers%20OR%20jobs%20site%3Agreenhouse.io%20OR%20site%3Alever.co%20OR%20site%3Aworkday.com
ROYAL PAPER STOCK CO INC,100.0,https://www.google.com/search?q=ROYAL%20PAPER%20STOCK%20CO%20INC%20careers%20OR%20jobs%20site%3Agreenhouse.io%20OR%20site%3Alever.co%20OR%20site%3Aworkday.com
"EPPENDORF NORTH AMERICA, INC.",0.01,https://www.google.com/search?q=EPPENDORF%20NORTH%20AMERICA%2C%20INC.%20careers%20OR%20jobs%20site%3Agreenhouse.io%20OR%20site%3Alever.co%20OR%20site%3Aworkday.com
"BECKMAN COULTER, INC.",0.0,https://www.google.com/search?q=BECKMAN%20COULTER%2C%20INC.%20careers%20OR%20jobs%20site%3Agreenhouse.io%20OR%20site%3Alever.co%20OR%20site%3Aworkday.com
"AVANT GARDE SCIENTIFIC, INC",0.0,https://www.google.com/search?q=AVANT%20GARDE%20SCIENTIFIC%2C%20INC%20careers%20OR%20jobs%20site%3Agreenhouse.io%20OR%20site%3Alever.co%20OR%20site%3Aworkday.com
GROUND CONTROL SYSTEMS,0.0,https://www.google.com/search?q=GROUND%20CONTROL%20SYSTEMS%20careers%20OR%20jobs%20site%3Agreenhouse.io%20OR%20site%3Alever.co%20OR%20site%3Aworkday.com
"GREEN OPTIONS, PBC",0.0,https://www.google.com/search?q=GREEN%20OPTIONS%2C%20PBC%20careers%20OR%20jobs%20site%3Agreenhouse.io%20OR%20site%3Alever.co%20OR%20site%3Aworkday.com
"GETINGE USA SALES, LLC",0.0,https://www.google.com/search?q=GETINGE%20USA%20SALES%2C%20LLC%20careers%20OR%20jobs%20site%3Agreenhouse.io%20OR%20site%3Alever.co%20OR%20site%3Aworkday.com
AT/SCAN LTD.,0.0,https://www.google.com/search?q=AT/SCAN%20LTD.%20careers%20OR%20jobs%20site%3Agreenhouse.io%20OR%20site%3Alever.co%20OR%20site%3Aworkday.com
"PROSPECT GROWTH, INC.",0.0,https://www.google.com/search?q=PROSPECT%20GROWTH%2C%20INC.%20careers%20OR%20jobs%20site%3Agreenhouse.io%20OR%20site%3Alever.co%20OR%20site%3Aworkday.com
"PAGE TECHNOLOGIES, INC.",0.0,https://www.google.com/search?q=PAGE%20TECHNOLOGIES%2C%20INC.%20careers%20OR%20jobs%20site%3Agreenhouse.io%20OR%20site%3Alever.co%20OR%20site%3Aworkday.com
"PACIFIC RECLAIMED LUMBER & SUPPLY, SPC",0.0,https://www.google.com/search?q=PACIFIC%20RECLAIMED%20LUMBER%20%26%20SUPPLY%2C%20SPC%20careers%20OR%20jobs%20site%3Agreenhouse.io%20OR%20site%3Alever.co%20OR%20site%3Aworkday.com
"PRIME DEFENSE, LLC",0.0,https://www.google.com/search?q=PRIME%20DEFENSE%2C%20LLC%20careers%20OR%20jobs%20site%3Agreenhouse.io%20OR%20site%3Alever.co%20OR%20site%3Aworkday.com
"QUENCH USA, INC.",0.0,https://www.google.com/search?q=QUENCH%20USA%2C%20INC.%20careers%20OR%20jobs%20site%3Agreenhouse.io%20OR%20site%3Alever.co%20OR%20site%3Aworkday.com
"GERLING & ASSOCIATES, INC.",0.0,https://www.google.com/search?q=GERLING%20%26%20ASSOCIATES%2C%20INC.%20careers%20OR%20jobs%20site%3Agreenhouse.io%20OR%20site%3Alever.co%20OR%20site%3Aworkday.com
"GLOBAL GRAB TECHNOLOGIES, INC.",0.0,https://www.google.com/search?q=GLOBAL%20GRAB%20TECHNOLOGIES%2C%20INC.%20careers%20OR%20jobs%20site%3Agreenhouse.io%20OR%20site%3Alever.co%20OR%20site%3Aworkday.com
GLOBAL LEASE GROUP INC,0.0,https://www.google.com/search?q=GLOBAL%20LEASE%20GROUP%20INC%20careers%20OR%20jobs%20site%3Agreenhouse.io%20OR%20site%3Alever.co%20OR%20site%3Aworkday.com
"PROCESS APPLICATIONS, INC.",0.0,https://www.google.com/search?q=PROCESS%20APPLICATIONS%2C%20INC.%20careers%20OR%20jobs%20site%3Agreenhouse.io%20OR%20site%3Alever.co%20OR%20site%3Aworkday.com
"FITCH SOLUTIONS, INC.",0.0,https://www.google.com/search?q=FITCH%20SOLUTIONS%2C%20INC.%20careers%20OR%20jobs%20site%3Agreenhouse.io%20OR%20site%3Alever.co%20OR%20site%3Aworkday.com
NORTON ROSE FULBRIGHT US LLP,0.0,https://www.google.com/search?q=NORTON%20ROSE%20FULBRIGHT%20US%20LLP%20careers%20OR%20jobs%20site%3Agreenhouse.io%20OR%20site%3Alever.co%20OR%20site%3Aworkday.com
NEXTECH LINTECH LLC,0.0,https://www.google.com/search?q=NEXTECH%20LINTECH%20LLC%20careers%20OR%20jobs%20site%3Agreenhouse.io%20OR%20site%3Alever.co%20OR%20site%3Aworkday.com
"MAXIMUS FEDERAL TECHNOLOGY SOLUTIONS, LLC",0.0,https://www.google.com/search?q=MAXIMUS%20FEDERAL%20TECHNOLOGY%20SOLUTIONS%2C%20LLC%20careers%20OR%20jobs%20site%3Agreenhouse.io%20OR%20site%3Alever.co%20OR%20site%3Aworkday.com
"IMPRES TECHNOLOGY SOLUTIONS, INC",0.0,https://www.google.com/search?q=IMPRES%20TECHNOLOGY%20SOLUTIONS%2C%20INC%20careers%20OR%20jobs%20site%3Agreenhouse.io%20OR%20site%3Alever.co%20OR%20site%3Aworkday.com
"MG FACILITY SERVICES, LLC",0.0,https://www.google.com/search?q=MG%20FACILITY%20SERVICES%2C%20LLC%20careers%20OR%20jobs%20site%3Agreenhouse.io%20OR%20site%3Alever.co%20OR%20site%3Aworkday.com
"MELWOOD HORTICULTURAL TRAINING CENTER, INC.",0.0,https://www.google.com/search?q=MELWOOD%20HORTICULTURAL%20TRAINING%20CENTER%2C%20INC.%20careers%20OR%20jobs%20site%3Agreenhouse.io%20OR%20site%3Alever.co%20OR%20site%3Aworkday.com
"LEADSONLINE, LLC",0.0,https://www.google.com/search?q=LEADSONLINE%2C%20LLC%20careers%20OR%20jobs%20site%3Agreenhouse.io%20OR%20site%3Alever.co%20OR%20site%3Aworkday.com
LIVEVIEWGPS INC.,0.0,https://www.google.com/search?q=LIVEVIEWGPS%20INC.%20careers%20OR%20jobs%20site%3Agreenhouse.io%20OR%20site%3Alever.co%20OR%20site%3Aworkday.com
KLF ENTERPRISES INC,0.0,https://www.google.com/search?q=KLF%20ENTERPRISES%20INC%20careers%20OR%20jobs%20site%3Agreenhouse.io%20OR%20site%3Alever.co%20OR%20site%3Aworkday.com
"ATLANTIC DIVING SUPPLY, INC.",0.0,https://www.google.com/search?q=ATLANTIC%20DIVING%20SUPPLY%2C%20INC.%20careers%20OR%20jobs%20site%3Agreenhouse.io%20OR%20site%3Alever.co%20OR%20site%3Aworkday.com
"NEAL R. GROSS AND COMPANY, INC.",0.0,https://www.google.com/search?q=NEAL%20R.%20GROSS%20AND%20COMPANY%2C%20INC.%20careers%20OR%20jobs%20site%3Agreenhouse.io%20OR%20site%3Alever.co%20OR%20site%3Aworkday.com
"GETTY IMAGES (US), INC.",0.0,https://www.google.com/search?q=GETTY%20IMAGES%20%28US%29%2C%20INC.%20careers%20OR%20jobs%20site%3Agreenhouse.io%20OR%20site%3Alever.co%20OR%20site%3Aworkday.com
ACADIAN RESEARCH & DEVELOPMENT LLC,0.0,https://www.google.com/search?q=ACADIAN%20RESEARCH%20%26%20DEVELOPMENT%20LLC%20careers%20OR%20jobs%20site%3Agreenhouse.io%20OR%20site%3Alever.co%20OR%20site%3Aworkday.com
JAGAI JYOTSNA S,0.0,https://www.google.com/search?q=JAGAI%20JYOTSNA%20S%20careers%20OR%20jobs%20site%3Agreenhouse.io%20OR%20site%3Alever.co%20OR%20site%3Aworkday.com
INTERPARK LLC,0.0,https://www.google.com/search?q=INTERPARK%20LLC%20careers%20OR%20jobs%20site%3Agreenhouse.io%20OR%20site%3Alever.co%20OR%20site%3Aworkday.com
"JEOL USA, INC.",0.0,https://www.google.com/search?q=JEOL%20USA%2C%20INC.%20careers%20OR%20jobs%20site%3Agreenhouse.io%20OR%20site%3Alever.co%20OR%20site%3Aworkday.com
LBO TECHNOLOGY LLC,0.0,https://www.google.com/search?q=LBO%20TECHNOLOGY%20LLC%20careers%20OR%20jobs%20site%3Agreenhouse.io%20OR%20site%3Alever.co%20OR%20site%3Aworkday.com
"LOGICAL DATA SOLUTIONS, INC",0.0,https://www.google.com/search?q=LOGICAL%20DATA%20SOLUTIONS%2C%20INC%20careers%20OR%20jobs%20site%3Agreenhouse.io%20OR%20site%3Alever.co%20OR%20site%3Aworkday.com
MEC DISTRIBUTION LLC,0.0,https://www.google.com/search?q=MEC%20DISTRIBUTION%20LLC%20careers%20OR%20jobs%20site%3Agreenhouse.io%20OR%20site%3Alever.co%20OR%20site%3Aworkday.com
ADVENTURES BY DAWN L.L.C,0.0,https://www.google.com/search?q=ADVENTURES%20BY%20DAWN%20L.L.C%20careers%20OR%20jobs%20site%3Agreenhouse.io%20OR%20site%3Alever.co%20OR%20site%3Aworkday.com
"ALEUT SERVICES, LLC",0.0,https://www.google.com/search?q=ALEUT%20SERVICES%2C%20LLC%20careers%20OR%20jobs%20site%3Agreenhouse.io%20OR%20site%3Alever.co%20OR%20site%3Aworkday.com
"WILLIAM S. HEIN & CO., INC.",0.0,https://www.google.com/search?q=WILLIAM%20S.%20HEIN%20%26%20CO.%2C%20INC.%20careers%20OR%20jobs%20site%3Agreenhouse.io%20OR%20site%3Alever.co%20OR%20site%3Aworkday.com
AHTNA INFRASTRUCTURE & TECHNOLOGIES LLC,0.0,https://www.google.com/search?q=AHTNA%20INFRASTRUCTURE%20%26%20TECHNOLOGIES%20LLC%20careers%20OR%20jobs%20site%3Agreenhouse.io%20OR%20site%3Alever.co%20OR%20site%3Aworkday.com
WASHER SOLUTIONS INC.,0.0,https://www.google.com/search?q=WASHER%20SOLUTIONS%20INC.%20careers%20OR%20jobs%20site%3Agreenhouse.io%20OR%20site%3Alever.co%20OR%20site%3Aworkday.com
UNIVERSITY OF WISCONSIN SYSTEM,0.0,https://www.google.com/search?q=UNIVERSITY%20OF%20WISCONSIN%20SYSTEM%20careers%20OR%20jobs%20site%3Agreenhouse.io%20OR%20site%3Alever.co%20OR%20site%3Aworkday.com
"BURLESON RESEARCH TECHNOLOGIES, INC.",0.0,https://www.google.com/search?q=BURLESON%20RESEARCH%20TECHNOLOGIES%2C%20INC.%20careers%20OR%20jobs%20site%3Agreenhouse.io%20OR%20site%3Alever.co%20OR%20site%3Aworkday.com
"CHENEGA LOGISTICS, LLC",0.0,https://www.google.com/search?q=CHENEGA%20LOGISTICS%2C%20LLC%20careers%20OR%20jobs%20site%3Agreenhouse.io%20OR%20site%3Alever.co%20OR%20site%3Aworkday.com
CLARIVATE ANALYTICS (US) LLC,0.0,https://www.google.com/search?q=CLARIVATE%20ANALYTICS%20%28US%29%20LLC%20careers%20OR%20jobs%20site%3Agreenhouse.io%20OR%20site%3Alever.co%20OR%20site%3Aworkday.com
"CHEMTEX ENVIRONMENTAL LABORATORY, INC.",0.0,https://www.google.com/search?q=CHEMTEX%20ENVIRONMENTAL%20LABORATORY%2C%20INC.%20careers%20OR%20jobs%20site%3Agreenhouse.io%20OR%20site%3Alever.co%20OR%20site%3Aworkday.com
C & C ENVIRONMENTAL INC,0.0,https://www.google.com/search?q=C%20%26%20C%20ENVIRONMENTAL%20INC%20careers%20OR%20jobs%20site%3Agreenhouse.io%20OR%20site%3Alever.co%20OR%20site%3Aworkday.com
CLIFFORD CHANCE US LLP,0.0,https://www.google.com/search?q=CLIFFORD%20CHANCE%20US%20LLP%20careers%20OR%20jobs%20site%3Agreenhouse.io%20OR%20site%3Alever.co%20OR%20site%3Aworkday.com
"T-MOBILE USA, INC.",0.0,https://www.google.com/search?q=T-MOBILE%20USA%2C%20INC.%20careers%20OR%20jobs%20site%3Agreenhouse.io%20OR%20site%3Alever.co%20OR%20site%3Aworkday.com
DECISIONWARE INC,0.0,https://www.google.com/search?q=DECISIONWARE%20INC%20careers%20OR%20jobs%20site%3Agreenhouse.io%20OR%20site%3Alever.co%20OR%20site%3Aworkday.com
STERIS CORPORATION,0.0,https://www.google.com/search?q=STERIS%20CORPORATION%20careers%20OR%20jobs%20site%3Agreenhouse.io%20OR%20site%3Alever.co%20OR%20site%3Aworkday.com
STRYDER CORP,0.0,https://www.google.com/search?q=STRYDER%20CORP%20careers%20OR%20jobs%20site%3Agreenhouse.io%20OR%20site%3Alever.co%20OR%20site%3Aworkday.com
"DEAF ACCESS SOLUTIONS, INC",0.0,https://www.google.com/search?q=DEAF%20ACCESS%20SOLUTIONS%2C%20INC%20careers%20OR%20jobs%20site%3Agreenhouse.io%20OR%20site%3Alever.co%20OR%20site%3Aworkday.com
"DIVE LAB, INC.",0.0,https://www.google.com/search?q=DIVE%20LAB%2C%20INC.%20careers%20OR%20jobs%20site%3Agreenhouse.io%20OR%20site%3Alever.co%20OR%20site%3Aworkday.com
"E & S ENVIRONMENTAL CHEMISTRY, INC.",0.0,https://www.google.com/search?q=E%20%26%20S%20ENVIRONMENTAL%20CHEMISTRY%2C%20INC.%20careers%20OR%20jobs%20site%3Agreenhouse.io%20OR%20site%3Alever.co%20OR%20site%3Aworkday.com
SENSORS INC,0.0,https://www.google.com/search?q=SENSORS%20INC%20careers%20OR%20jobs%20site%3Agreenhouse.io%20OR%20site%3Alever.co%20OR%20site%3Aworkday.com
SERVICESOURCE INC,0.0,https://www.google.com/search?q=SERVICESOURCE%20INC%20careers%20OR%20jobs%20site%3Agreenhouse.io%20OR%20site%3Alever.co%20OR%20site%3Aworkday.com
CONDOR SECURITY OF AMERICA INC,0.0,https://www.google.com/search?q=CONDOR%20SECURITY%20OF%20AMERICA%20INC%20careers%20OR%20jobs%20site%3Agreenhouse.io%20OR%20site%3Alever.co%20OR%20site%3Aworkday.com
TELOPS INC,0.0,https://www.google.com/search?q=TELOPS%20INC%20careers%20OR%20jobs%20site%3Agreenhouse.io%20OR%20site%3Alever.co%20OR%20site%3Aworkday.com
CLEARPATH CONSULTANTS JV,0.0,https://www.google.com/search?q=CLEARPATH%20CONSULTANTS%20JV%20careers%20OR%20jobs%20site%3Agreenhouse.io%20OR%20site%3Alever.co%20OR%20site%3Aworkday.com
"COMPUTECH INTERNATIONAL, INC.",0.0,https://www.google.com/search?q=COMPUTECH%20INTERNATIONAL%2C%20INC.%20careers%20OR%20jobs%20site%3Agreenhouse.io%20OR%20site%3Alever.co%20OR%20site%3Aworkday.com
"CLINISYS, INC.",0.0,https://www.google.com/search?q=CLINISYS%2C%20INC.%20careers%20OR%20jobs%20site%3Agreenhouse.io%20OR%20site%3Alever.co%20OR%20site%3Aworkday.com
STAPLES INC,0.0,https://www.google.com/search?q=STAPLES%20INC%20careers%20OR%20jobs%20site%3Agreenhouse.io%20OR%20site%3Alever.co%20OR%20site%3Aworkday.com
"TAHER, INC.",0.0,https://www.google.com/search?q=TAHER%2C%20INC.%20careers%20OR%20jobs%20site%3Agreenhouse.io%20OR%20site%3Alever.co%20OR%20site%3Aworkday.com
CW JANITORIAL SERVICE LLC,0.0,https://www.google.com/search?q=CW%20JANITORIAL%20SERVICE%20LLC%20careers%20OR%20jobs%20site%3Agreenhouse.io%20OR%20site%3Alever.co%20OR%20site%3Aworkday.com
DATACOR INC,0.0,https://www.google.com/search?q=DATACOR%20INC%20careers%20OR%20jobs%20site%3Agreenhouse.io%20OR%20site%3Alever.co%20OR%20site%3Aworkday.com
ENVIRONMENTAL ENGINEERING & MEASUREMENT SERVICES INC,0.0,https://www.google.com/search?q=ENVIRONMENTAL%20ENGINEERING%20%26%20MEASUREMENT%20SERVICES%20INC%20careers%20OR%20jobs%20site%3Agreenhouse.io%20OR%20site%3Alever.co%20OR%20site%3Aworkday.com
"ENVIRONMENTAL RESOURCE ASSOCIATES, INC.",0.0,https://www.google.com/search?q=ENVIRONMENTAL%20RESOURCE%20ASSOCIATES%2C%20INC.%20careers%20OR%20jobs%20site%3Agreenhouse.io%20OR%20site%3Alever.co%20OR%20site%3Aworkday.com
EX LIBRIS USA INC,0.0,https://www.google.com/search?q=EX%20LIBRIS%20USA%20INC%20careers%20OR%20jobs%20site%3Agreenhouse.io%20OR%20site%3Alever.co%20OR%20site%3Aworkday.com
NORTH CAROLINA STATE UNIVERSITY,0.0,https://www.google.com/search?q=NORTH%20CAROLINA%20STATE%20UNIVERSITY%20careers%20OR%20jobs%20site%3Agreenhouse.io%20OR%20site%3Alever.co%20OR%20site%3Aworkday.com
OMEGA WORLD TRAVEL INC,0.0,https://www.google.com/search?q=OMEGA%20WORLD%20TRAVEL%20INC%20careers%20OR%20jobs%20site%3Agreenhouse.io%20OR%20site%3Alever.co%20OR%20site%3Aworkday.com
"MODERN BUILDING SYSTEMS, INC.",0.0,https://www.google.com/search?q=MODERN%20BUILDING%20SYSTEMS%2C%20INC.%20careers%20OR%20jobs%20site%3Agreenhouse.io%20OR%20site%3Alever.co%20OR%20site%3Aworkday.com
AXNANO INC,0.0,https://www.google.com/search?q=AXNANO%20INC%20careers%20OR%20jobs%20site%3Agreenhouse.io%20OR%20site%3Alever.co%20OR%20site%3Aworkday.com
AYUDA MC2 JV LLC,0.0,https://www.google.com/search?q=AYUDA%20MC2%20JV%20LLC%20careers%20OR%20jobs%20site%3Agreenhouse.io%20OR%20site%3Alever.co%20OR%20site%3Aworkday.com
"MOODY'S ANALYTICS, INC.",0.0,https://www.google.com/search?q=MOODY%27S%20ANALYTICS%2C%20INC.%20careers%20OR%20jobs%20site%3Agreenhouse.io%20OR%20site%3Alever.co%20OR%20site%3Aworkday.com
DSTA LLC,0.0,https://www.google.com/search?q=DSTA%20LLC%20careers%20OR%20jobs%20site%3Agreenhouse.io%20OR%20site%3Alever.co%20OR%20site%3Aworkday.com
ECONOMIC SYSTEMS INC,0.0,https://www.google.com/search?q=ECONOMIC%20SYSTEMS%20INC%20careers%20OR%20jobs%20site%3Agreenhouse.io%20OR%20site%3Alever.co%20OR%20site%3Aworkday.com
"ECOATEX, LLC",0.0,https://www.google.com/search?q=ECOATEX%2C%20LLC%20careers%20OR%20jobs%20site%3Agreenhouse.io%20OR%20site%3Alever.co%20OR%20site%3Aworkday.com
AMERICAN NATIONAL STANDARDS INSTITUTE INCORPORATED,0.0,https://www.google.com/search?q=AMERICAN%20NATIONAL%20STANDARDS%20INSTITUTE%20INCORPORATED%20careers%20OR%20jobs%20site%3Agreenhouse.io%20OR%20site%3Alever.co%20OR%20site%3Aworkday.com
SOUTHWEST RESEARCH INSTITUTE,0.0,https://www.google.com/search?q=SOUTHWEST%20RESEARCH%20INSTITUTE%20careers%20OR%20jobs%20site%3Agreenhouse.io%20OR%20site%3Alever.co%20OR%20site%3Aworkday.com
"SMITHGROUP, INC.",0.0,https://www.google.com/search?q=SMITHGROUP%2C%20INC.%20careers%20OR%20jobs%20site%3Agreenhouse.io%20OR%20site%3Alever.co%20OR%20site%3Aworkday.com
"SMARTPROCURE FEDMINE, LLC",0.0,https://www.google.com/search?q=SMARTPROCURE%20FEDMINE%2C%20LLC%20careers%20OR%20jobs%20site%3Agreenhouse.io%20OR%20site%3Alever.co%20OR%20site%3Aworkday.com
"SKEO SOLUTIONS, INC",0.0,https://www.google.com/search?q=SKEO%20SOLUTIONS%2C%20INC%20careers%20OR%20jobs%20site%3Agreenhouse.io%20OR%20site%3Alever.co%20OR%20site%3Aworkday.com
"ENF PRODUCTS, LLC",0.0,https://www.google.com/search?q=ENF%20PRODUCTS%2C%20LLC%20careers%20OR%20jobs%20site%3Agreenhouse.io%20OR%20site%3Alever.co%20OR%20site%3Aworkday.com
EMPLOYMENT SOURCE INC,0.0,https://www.google.com/search?q=EMPLOYMENT%20SOURCE%20INC%20careers%20OR%20jobs%20site%3Agreenhouse.io%20OR%20site%3Alever.co%20OR%20site%3Aworkday.com
"ELECTRONIC RISKS CONSULTANTS, INC.",0.0,https://www.google.com/search?q=ELECTRONIC%20RISKS%20CONSULTANTS%2C%20INC.%20careers%20OR%20jobs%20site%3Agreenhouse.io%20OR%20site%3Alever.co%20OR%20site%3Aworkday.com
ELSEVIER INC.,0.0,https://www.google.com/search?q=ELSEVIER%20INC.%20careers%20OR%20jobs%20site%3Agreenhouse.io%20OR%20site%3Alever.co%20OR%20site%3Aworkday.com
STANDARD BIOTOOLS INC,0.0,https://www.google.com/search?q=STANDARD%20BIOTOOLS%20INC%20careers%20OR%20jobs%20site%3Agreenhouse.io%20OR%20site%3Alever.co%20OR%20site%3Aworkday.com
APEX FSE JV LLC,0.0,https://www.google.com/search?q=APEX%20FSE%20JV%20LLC%20careers%20OR%20jobs%20site%3Agreenhouse.io%20OR%20site%3Alever.co%20OR%20site%3Aworkday.com
"ECS FEDERAL, LLC",0.0,https://www.google.com/search?q=ECS%20FEDERAL%2C%20LLC%20careers%20OR%20jobs%20site%3Agreenhouse.io%20OR%20site%3Alever.co%20OR%20site%3Aworkday.com
S&P GLOBAL MARKET INTELLIGENCE LLC,0.0,https://www.google.com/search?q=S%26P%20GLOBAL%20MARKET%20INTELLIGENCE%20LLC%20careers%20OR%20jobs%20site%3Agreenhouse.io%20OR%20site%3Alever.co%20OR%20site%3Aworkday.com
"BLUESTONE ENVIRONMENTAL GROUP, INC.",0.0,https://www.google.com/search?q=BLUESTONE%20ENVIRONMENTAL%20GROUP%2C%20INC.%20careers%20OR%20jobs%20site%3Agreenhouse.io%20OR%20site%3Alever.co%20OR%20site%3Aworkday.com
"BIOSPYDER TECHNOLOGIES, INC.",0.0,https://www.google.com/search?q=BIOSPYDER%20TECHNOLOGIES%2C%20INC.%20careers%20OR%20jobs%20site%3Agreenhouse.io%20OR%20site%3Alever.co%20OR%20site%3Aworkday.com
BONNER ANALYTICAL TESTING CO,0.0,https://www.google.com/search?q=BONNER%20ANALYTICAL%20TESTING%20CO%20careers%20OR%20jobs%20site%3Agreenhouse.io%20OR%20site%3Alever.co%20OR%20site%3Aworkday.com
RIVA SOLUTIONS INC,0.0,https://www.google.com/search?q=RIVA%20SOLUTIONS%20INC%20careers%20OR%20jobs%20site%3Agreenhouse.io%20OR%20site%3Alever.co%20OR%20site%3Aworkday.com
ELSEVIER B.V.,0.0,https://www.google.com/search?q=ELSEVIER%20B.V.%20careers%20OR%20jobs%20site%3Agreenhouse.io%20OR%20site%3Alever.co%20OR%20site%3Aworkday.com
"RIZON MANUFACTURING, INC",0.0,https://www.google.com/search?q=RIZON%20MANUFACTURING%2C%20INC%20careers%20OR%20jobs%20site%3Agreenhouse.io%20OR%20site%3Alever.co%20OR%20site%3Aworkday.com
FIERCE SOFTWARE CORP,0.0,https://www.google.com/search?q=FIERCE%20SOFTWARE%20CORP%20careers%20OR%20jobs%20site%3Agreenhouse.io%20OR%20site%3Alever.co%20OR%20site%3Aworkday.com
R.S. MEANS COMPANY LLC,0.0,https://www.google.com/search?q=R.S.%20MEANS%20COMPANY%20LLC%20careers%20OR%20jobs%20site%3Agreenhouse.io%20OR%20site%3Alever.co%20OR%20site%3Aworkday.com
"REPRINTS DESK, INC.",0.0,https://www.google.com/search?q=REPRINTS%20DESK%2C%20INC.%20careers%20OR%20jobs%20site%3Agreenhouse.io%20OR%20site%3Alever.co%20OR%20site%3Aworkday.com
"SITEIMPROVE, INC",-0.01,https://www.google.com/search?q=SITEIMPROVE%2C%20INC%20careers%20OR%20jobs%20site%3Agreenhouse.io%20OR%20site%3Alever.co%20OR%20site%3Aworkday.com
"DLT SOLUTIONS, LLC",-0.01,https://www.google.com/search?q=DLT%20SOLUTIONS%2C%20LLC%20careers%20OR%20jobs%20site%3Agreenhouse.io%20OR%20site%3Alever.co%20OR%20site%3Aworkday.com
"OCLC, INC",-0.04,https://www.google.com/search?q=OCLC%2C%20INC%20careers%20OR%20jobs%20site%3Agreenhouse.io%20OR%20site%3Alever.co%20OR%20site%3Aworkday.com
NEXTDOOR INC,-0.79,https://www.google.com/search?q=NEXTDOOR%20INC%20careers%20OR%20jobs%20site%3Agreenhouse.io%20OR%20site%3Alever.co%20OR%20site%3Aworkday.com
"VISION TECHNOLOGIES, LLC",-9.86,https://www.google.com/search?q=VISION%20TECHNOLOGIES%2C%20LLC%20careers%20OR%20jobs%20site%3Agreenhouse.io%20OR%20site%3Alever.co%20OR%20site%3Aworkday.com
DOCUMENT IMAGING DIMENSIONS INC.,-25.06,https://www.google.com/search?q=DOCUMENT%20IMAGING%20DIMENSIONS%20INC.%20careers%20OR%20jobs%20site%3Agreenhouse.io%20OR%20site%3Alever.co%20OR%20site%3Aworkday.com
"TAYLOR DISTRIBUTION GROUP, LLC",-63.54,https://www.google.com/search?q=TAYLOR%20DISTRIBUTION%20GROUP%2C%20LLC%20careers%20OR%20jobs%20site%3Agreenhouse.io%20OR%20site%3Alever.co%20OR%20site%3Aworkday.com
"ECKERT & ZIEGLER ANALYTICS, INC",-100.0,https://www.google.com/search?q=ECKERT%20%26%20ZIEGLER%20ANALYTICS%2C%20INC%20careers%20OR%20jobs%20site%3Agreenhouse.io%20OR%20site%3Alever.co%20OR%20site%3Aworkday.com
"BIO-RAD LABORATORIES, INC.",-120.96,https://www.google.com/search?q=BIO-RAD%20LABORATORIES%2C%20INC.%20careers%20OR%20jobs%20site%3Agreenhouse.io%20OR%20site%3Alever.co%20OR%20site%3Aworkday.com
"LOCKHEED MARTIN SERVICES, INC.",-169.35,https://www.google.com/search?q=LOCKHEED%20MARTIN%20SERVICES%2C%20INC.%20careers%20OR%20jobs%20site%3Agreenhouse.io%20OR%20site%3Alever.co%20OR%20site%3Aworkday.com
"HITECH INSTRUMENTS, INC.",-341.3,https://www.google.com/search?q=HITECH%20INSTRUMENTS%2C%20INC.%20careers%20OR%20jobs%20site%3Agreenhouse.io%20OR%20site%3Alever.co%20OR%20site%3Aworkday.com
MICHIGAN STATE UNIVERSITY,-529.42,https://www.google.com/search?q=MICHIGAN%20STATE%20UNIVERSITY%20careers%20OR%20jobs%20site%3Agreenhouse.io%20OR%20site%3Alever.co%20OR%20site%3Aworkday.com
"PRIMUS SOLUTIONS, LLC",-563.5799999999999,https://www.google.com/search?q=PRIMUS%20SOLUTIONS%2C%20LLC%20careers%20OR%20jobs%20site%3Agreenhouse.io%20OR%20site%3Alever.co%20OR%20site%3Aworkday.com
TOWN OFFICE SERVICE INC,-624.0,https://www.google.com/search?q=TOWN%20OFFICE%20SERVICE%20INC%20careers%20OR%20jobs%20site%3Agreenhouse.io%20OR%20site%3Alever.co%20OR%20site%3Aworkday.com
CORPORATE WASTE SOLUTIONS LLC,-671.0,https://www.google.com/search?q=CORPORATE%20WASTE%20SOLUTIONS%20LLC%20careers%20OR%20jobs%20site%3Agreenhouse.io%20OR%20site%3Alever.co%20OR%20site%3Aworkday.com
CENTRAL LAKE ARMOR EXPRESS INC,-691.45,https://www.google.com/search?q=CENTRAL%20LAKE%20ARMOR%20EXPRESS%20INC%20careers%20OR%20jobs%20site%3Agreenhouse.io%20OR%20site%3Alever.co%20OR%20site%3Aworkday.com
RWD CONSULTING LLC,-707.0,https://www.google.com/search?q=RWD%20CONSULTING%20LLC%20careers%20OR%20jobs%20site%3Agreenhouse.io%20OR%20site%3Alever.co%20OR%20site%3Aworkday.com
"ASRC FEDERAL DATA NETWORK TECHNOLOGIES, LLC",-755.38,https://www.google.com/search?q=ASRC%20FEDERAL%20DATA%20NETWORK%20TECHNOLOGIES%2C%20LLC%20careers%20OR%20jobs%20site%3Agreenhouse.io%20OR%20site%3Alever.co%20OR%20site%3Aworkday.com
"DAWSON ENTERPRISES, INC.",-960.17,https://www.google.com/search?q=DAWSON%20ENTERPRISES%2C%20INC.%20careers%20OR%20jobs%20site%3Agreenhouse.io%20OR%20site%3Alever.co%20OR%20site%3Aworkday.com
LINDE GAS & EQUIPMENT INC.,-993.28,https://www.google.com/search?q=LINDE%20GAS%20%26%20EQUIPMENT%20INC.%20careers%20OR%20jobs%20site%3Agreenhouse.io%20OR%20site%3Alever.co%20OR%20site%3Aworkday.com
"NATIONAL CAPITOL CONTRACTING, LLC",-1000.0,https://www.google.com/search?q=NATIONAL%20CAPITOL%20CONTRACTING%2C%20LLC%20careers%20OR%20jobs%20site%3Agreenhouse.io%20OR%20site%3Alever.co%20OR%20site%3Aworkday.com
COMPREHENSIVE ENVIRONMENTAL INC,-1150.0,https://www.google.com/search?q=COMPREHENSIVE%20ENVIRONMENTAL%20INC%20careers%20OR%20jobs%20site%3Agreenhouse.io%20OR%20site%3Alever.co%20OR%20site%3Aworkday.com
RELX INC.,-1560.0,https://www.google.com/search?q=RELX%20INC.%20careers%20OR%20jobs%20site%3Agreenhouse.io%20OR%20site%3Alever.co%20OR%20site%3Aworkday.com
A-BEAR CONSULT LLC,-1589.0,https://www.google.com/search?q=A-BEAR%20CONSULT%20LLC%20careers%20OR%20jobs%20site%3Agreenhouse.io%20OR%20site%3Alever.co%20OR%20site%3Aworkday.com
"MAINE ENVIRONMENTAL LABORATORY, LLC",-1895.09,https://www.google.com/search?q=MAINE%20ENVIRONMENTAL%20LABORATORY%2C%20LLC%20careers%20OR%20jobs%20site%3Agreenhouse.io%20OR%20site%3Alever.co%20OR%20site%3Aworkday.com
"BECTON, DICKINSON AND COMPANY",-1995.06,https://www.google.com/search?q=BECTON%2C%20DICKINSON%20AND%20COMPANY%20careers%20OR%20jobs%20site%3Agreenhouse.io%20OR%20site%3Alever.co%20OR%20site%3Aworkday.com
"ZOLON PCS II, LLC",-2145.19,https://www.google.com/search?q=ZOLON%20PCS%20II%2C%20LLC%20careers%20OR%20jobs%20site%3Agreenhouse.io%20OR%20site%3Alever.co%20OR%20site%3Aworkday.com
"MIRION TECHNOLOGIES (CANBERRA), INC.",-4103.0,https://www.google.com/search?q=MIRION%20TECHNOLOGIES%20%28CANBERRA%29%2C%20INC.%20careers%20OR%20jobs%20site%3Agreenhouse.io%20OR%20site%3Alever.co%20OR%20site%3Aworkday.com
"SATCOM DIRECT GOVERNMENT, LLC",-4340.0,https://www.google.com/search?q=SATCOM%20DIRECT%20GOVERNMENT%2C%20LLC%20careers%20OR%20jobs%20site%3Agreenhouse.io%20OR%20site%3Alever.co%20OR%20site%3Aworkday.com
"BURDETTE, KOEHLER, MURPHY AND ASSOCIATES, INC.",-4919.21,https://www.google.com/search?q=BURDETTE%2C%20KOEHLER%2C%20MURPHY%20AND%20ASSOCIATES%2C%20INC.%20careers%20OR%20jobs%20site%3Agreenhouse.io%20OR%20site%3Alever.co%20OR%20site%3Aworkday.com
GENERAL AIR SERVICE & SUPPLY CO.,-7026.94,https://www.google.com/search?q=GENERAL%20AIR%20SERVICE%20%26%20SUPPLY%20CO.%20careers%20OR%20jobs%20site%3Agreenhouse.io%20OR%20site%3Alever.co%20OR%20site%3Aworkday.com
TRANSLATIONS INTERNATIONAL INC.,-7066.0,https://www.google.com/search?q=TRANSLATIONS%20INTERNATIONAL%20INC.%20careers%20OR%20jobs%20site%3Agreenhouse.io%20OR%20site%3Alever.co%20OR%20site%3Aworkday.com
INTSCI-ENDYNA LLC,-7851.879999999999,https://www.google.com/search?q=INTSCI-ENDYNA%20LLC%20careers%20OR%20jobs%20site%3Agreenhouse.io%20OR%20site%3Alever.co%20OR%20site%3Aworkday.com
AIRGAS USA LLC,-9477.31,https://www.google.com/search?q=AIRGAS%20USA%20LLC%20careers%20OR%20jobs%20site%3Agreenhouse.io%20OR%20site%3Alever.co%20OR%20site%3Aworkday.com
"EMP2, INC.",-10000.0,https://www.google.com/search?q=EMP2%2C%20INC.%20careers%20OR%20jobs%20site%3Agreenhouse.io%20OR%20site%3Alever.co%20OR%20site%3Aworkday.com
"ABACO-BLACKFISH JV, LLC",-10806.45,https://www.google.com/search?q=ABACO-BLACKFISH%20JV%2C%20LLC%20careers%20OR%20jobs%20site%3Agreenhouse.io%20OR%20site%3Alever.co%20OR%20site%3Aworkday.com
CLEAN HARBORS ENVIRONMENTAL SERVICES INC,-10883.799999999996,https://www.google.com/search?q=CLEAN%20HARBORS%20ENVIRONMENTAL%20SERVICES%20INC%20careers%20OR%20jobs%20site%3Agreenhouse.io%20OR%20site%3Alever.co%20OR%20site%3Aworkday.com
"TRADEBE ENVIRONMENTAL SERVICES, LLC",-11347.5,https://www.google.com/search?q=TRADEBE%20ENVIRONMENTAL%20SERVICES%2C%20LLC%20careers%20OR%20jobs%20site%3Agreenhouse.io%20OR%20site%3Alever.co%20OR%20site%3Aworkday.com
METTLER-TOLEDO LLC,-11474.63,https://www.google.com/search?q=METTLER-TOLEDO%20LLC%20careers%20OR%20jobs%20site%3Agreenhouse.io%20OR%20site%3Alever.co%20OR%20site%3Aworkday.com
SP INDUSTRIES INC,-11934.71,https://www.google.com/search?q=SP%20INDUSTRIES%20INC%20careers%20OR%20jobs%20site%3Agreenhouse.io%20OR%20site%3Alever.co%20OR%20site%3Aworkday.com
NEXAIR LLC,-13654.559999999998,https://www.google.com/search?q=NEXAIR%20LLC%20careers%20OR%20jobs%20site%3Agreenhouse.io%20OR%20site%3Alever.co%20OR%20site%3Aworkday.com
CGI FEDERAL INC.,-13915.71,https://www.google.com/search?q=CGI%20FEDERAL%20INC.%20careers%20OR%20jobs%20site%3Agreenhouse.io%20OR%20site%3Alever.co%20OR%20site%3Aworkday.com
THE MASLOW MEDIA GROUP INC,-14059.05,https://www.google.com/search?q=THE%20MASLOW%20MEDIA%20GROUP%20INC%20careers%20OR%20jobs%20site%3Agreenhouse.io%20OR%20site%3Alever.co%20OR%20site%3Aworkday.com
"FUJIFILM CELLULAR DYNAMICS, INC",-15755.0,https://www.google.com/search?q=FUJIFILM%20CELLULAR%20DYNAMICS%2C%20INC%20careers%20OR%20jobs%20site%3Agreenhouse.io%20OR%20site%3Alever.co%20OR%20site%3Aworkday.com
CITADEL FEDERAL SOLUTIONS LLC,-19028.6,https://www.google.com/search?q=CITADEL%20FEDERAL%20SOLUTIONS%20LLC%20careers%20OR%20jobs%20site%3Agreenhouse.io%20OR%20site%3Alever.co%20OR%20site%3Aworkday.com
BIALEK CORPORATION OF MARYLAND,-19941.46,https://www.google.com/search?q=BIALEK%20CORPORATION%20OF%20MARYLAND%20careers%20OR%20jobs%20site%3Agreenhouse.io%20OR%20site%3Alever.co%20OR%20site%3Aworkday.com
HEM DATA CORP,-21261.21,https://www.google.com/search?q=HEM%20DATA%20CORP%20careers%20OR%20jobs%20site%3Agreenhouse.io%20OR%20site%3Alever.co%20OR%20site%3Aworkday.com
"WINDSOR SOLUTIONS, INC.",-22803.66,https://www.google.com/search?q=WINDSOR%20SOLUTIONS%2C%20INC.%20careers%20OR%20jobs%20site%3Agreenhouse.io%20OR%20site%3Alever.co%20OR%20site%3Aworkday.com
ARROW MOVING & STORAGE OF COLORADO INC,-39212.1,https://www.google.com/search?q=ARROW%20MOVING%20%26%20STORAGE%20OF%20COLORADO%20INC%20careers%20OR%20jobs%20site%3Agreenhouse.io%20OR%20site%3Alever.co%20OR%20site%3Aworkday.com
"RELIANCE RELOCATION SERVICES, INC",-48000.0,https://www.google.com/search?q=RELIANCE%20RELOCATION%20SERVICES%2C%20INC%20careers%20OR%20jobs%20site%3Agreenhouse.io%20OR%20site%3Alever.co%20OR%20site%3Aworkday.com
ATT MOBILITY LLC,-52942.11,https://www.google.com/search?q=ATT%20MOBILITY%20LLC%20careers%20OR%20jobs%20site%3Agreenhouse.io%20OR%20site%3Alever.co%20OR%20site%3Aworkday.com
HAZTRAIN INC,-57194.32,https://www.google.com/search?q=HAZTRAIN%20INC%20careers%20OR%20jobs%20site%3Agreenhouse.io%20OR%20site%3Alever.co%20OR%20site%3Aworkday.com
DELL FEDERAL SYSTEMS L.P,-58103.36000000001,https://www.google.com/search?q=DELL%20FEDERAL%20SYSTEMS%20L.P%20careers%20OR%20jobs%20site%3Agreenhouse.io%20OR%20site%3Alever.co%20OR%20site%3Aworkday.com
"PEMY CONSULTING, LLC",-84931.5,https://www.google.com/search?q=PEMY%20CONSULTING%2C%20LLC%20careers%20OR%20jobs%20site%3Agreenhouse.io%20OR%20site%3Alever.co%20OR%20site%3Aworkday.com
NATIONAL ACADEMY OF SCIENCES,-89872.59999999999,https://www.google.com/search?q=NATIONAL%20ACADEMY%20OF%20SCIENCES%20careers%20OR%20jobs%20site%3Agreenhouse.io%20OR%20site%3Alever.co%20OR%20site%3Aworkday.com
"AEEC, LLC",-96330.67,https://www.google.com/search?q=AEEC%2C%20LLC%20careers%20OR%20jobs%20site%3Agreenhouse.io%20OR%20site%3Alever.co%20OR%20site%3Aworkday.com
"GOLD SYSTEMS, INC.",-99985.4,https://www.google.com/search?q=GOLD%20SYSTEMS%2C%20INC.%20careers%20OR%20jobs%20site%3Agreenhouse.io%20OR%20site%3Alever.co%20OR%20site%3Aworkday.com
DPRA INCORPORATED,-101085.63,https://www.google.com/search?q=DPRA%20INCORPORATED%20careers%20OR%20jobs%20site%3Agreenhouse.io%20OR%20site%3Alever.co%20OR%20site%3Aworkday.com
STRATEGIX MANAGEMENT LLC,-113246.6,https://www.google.com/search?q=STRATEGIX%20MANAGEMENT%20LLC%20careers%20OR%20jobs%20site%3Agreenhouse.io%20OR%20site%3Alever.co%20OR%20site%3Aworkday.com
"MPF FEDERAL, LLC",-120103.39,https://www.google.com/search?q=MPF%20FEDERAL%2C%20LLC%20careers%20OR%20jobs%20site%3Agreenhouse.io%20OR%20site%3Alever.co%20OR%20site%3Aworkday.com
CELLCO PARTNERSHIP,-141445.62,https://www.google.com/search?q=CELLCO%20PARTNERSHIP%20careers%20OR%20jobs%20site%3Agreenhouse.io%20OR%20site%3Alever.co%20OR%20site%3Aworkday.com
BUCHAN EDNA,-169915.36,https://www.google.com/search?q=BUCHAN%20EDNA%20careers%20OR%20jobs%20site%3Agreenhouse.io%20OR%20site%3Alever.co%20OR%20site%3Aworkday.com
"EMERGINT TECHNOLOGIES, LLC",-175810.28,https://www.google.com/search?q=EMERGINT%20TECHNOLOGIES%2C%20LLC%20careers%20OR%20jobs%20site%3Agreenhouse.io%20OR%20site%3Alever.co%20OR%20site%3Aworkday.com
"AHTNA-BRENNAN JV, LLC",-566173.21,https://www.google.com/search?q=AHTNA-BRENNAN%20JV%2C%20LLC%20careers%20OR%20jobs%20site%3Agreenhouse.io%20OR%20site%3Alever.co%20OR%20site%3Aworkday.com
CSRA LLC,-581999.66,https://www.google.com/search?q=CSRA%20LLC%20careers%20OR%20jobs%20site%3Agreenhouse.io%20OR%20site%3Alever.co%20OR%20site%3Aworkday.com
"VALIANT SOLUTIONS, LLC",-2682396.98,https://www.google.com/search?q=VALIANT%20SOLUTIONS%2C%20LLC%20careers%20OR%20jobs%20site%3Agreenhouse.io%20OR%20site%3Alever.co%20OR%20site%3Aworkday.com
WESTON SOLUTIONS INC,-15142339.27,https://www.google.com/search?q=WESTON%20SOLUTIONS%20INC%20careers%20OR%20jobs%20site%3Agreenhouse.io%20OR%20site%3Alever.co%20OR%20site%3Aworkday.com
