Award Id,Recipient Name,Action Date,Award Amount,Piid,Place Of Performance State Code,Place Of Performance City Name,Place Of Performance ZIP Code,Place Of Performance County Name,Product Or Service Code (Psc),Psc Description,Naics Code,Naics Description,Type Of Set Aside,Type Of Set Aside Description,Contracting Officer Business Size Determination,Last Modified Date,Is Small Business,Is 8a Set-Aside
75N95024F00093,GUIDEHOUSE DIGITAL LLC,2026-09-23,62964.0,75N95024F00093,MD,BETHESDA,20892,MONTGOMERY,R499,SUPPORT- PROFESSIONAL: OTHER,541690,OTHER SCIENTIFIC AND TECHNICAL CONSULTING SERVICES,,,,,False,False
75N95024P00077,FROM THE LAB BENCH LLC,2026-09-23,-594.56,75N95024P00077,LA,BATON ROUGE,70808,EAST BATON ROUGE,R499,SUPPORT- PROFESSIONAL: OTHER,541690,OTHER SCIENTIFIC AND TECHNICAL CONSULTING SERVICES,,,,,False,False
75N98026F00021,GUIDEHOUSE DIGITAL LLC,2026-09-23,1210514.14,75N98026F00021,MD,ROCKVILLE,20852,MONTGOMERY,R499,SUPPORT- PROFESSIONAL: OTHER,541690,OTHER SCIENTIFIC AND TECHNICAL CONSULTING SERVICES,,,,,False,False
75N93026F00002,UTAH STATE UNIVERSITY,2026-09-23,250324.0,75N93026F00002,UT,LOGAN,84322,CACHE,AN11,HEALTH R&D SERVICES; HEALTH CARE SERVICES; BASIC RESEARCH,541714,RESEARCH AND DEVELOPMENT IN BIOTECHNOLOGY (EXCEPT NANOBIOTECHNOLOGY),,,,,False,False
75N99026C00033,"HARPY CONSTRUCTION 2 JV, LLC",2026-09-23,1530559.63,75N99026C00033,MD,BETHESDA,20892,MONTGOMERY,Y1JZ,CONSTRUCTION OF MISCELLANEOUS BUILDINGS,236220,COMMERCIAL AND INSTITUTIONAL BUILDING CONSTRUCTION,,,,,False,False
75N98026P00259,RISTECH CO INC,2026-09-23,0.0,75N98026P00259,MD,BETHESDA,20892,MONTGOMERY,J074,MAINT/REPAIR/REBUILD OF EQUIPMENT- OFFICE MACHINES/TEXT PROCESSING SYS/VISIBLE RECORD EQUIPMENT,811210,ELECTRONIC AND PRECISION EQUIPMENT REPAIR AND MAINTENANCE,,,,,False,False
75N99026F00003,"AFFILIATED ENGINEERS METRO DC, INC.",2026-09-23,62453.19,75N99026F00003,MD,BETHESDA,20892,MONTGOMERY,C219,ARCHITECT AND ENGINEERING- GENERAL: OTHER,541330,ENGINEERING SERVICES,,,,,False,False
75N99026F00012,"TREON SUPPORT SERVICES JV, LLC",2026-09-23,38436.15,75N99026F00012,MD,BETHESDA,20892,MONTGOMERY,Y1JZ,CONSTRUCTION OF MISCELLANEOUS BUILDINGS,236220,COMMERCIAL AND INSTITUTIONAL BUILDING CONSTRUCTION,,,,,False,False
75N98026F00005,"MID-ATLANTIC SERVICES GROUP, INC.",2026-09-23,50000.0,75N98026F00005,MD,BETHESDA,20892,MONTGOMERY,M1LZ,OPERATION OF PARKING FACILITIES,812930,PARKING LOTS AND GARAGES,,,,,False,False
75N99026F00003,"AFFILIATED ENGINEERS METRO DC, INC.",2026-09-23,56685.4,75N99026F00003,MD,BETHESDA,20892,MONTGOMERY,C219,ARCHITECT AND ENGINEERING- GENERAL: OTHER,541330,ENGINEERING SERVICES,,,,,False,False
75N98023C00018,AMERICAN SOCIETY FOR HEALTH CRM,2026-09-23,25000.0,75N98023C00018,DC,WASHINGTON,20001,DISTRICT OF COLUMBIA,7A21,IT AND TELECOM - BUSINESS APPLICATION SOFTWARE (PERPETUAL LICENSE SOFTWARE),541519,OTHER COMPUTER RELATED SERVICES,,,,,False,False
75N98026F00013,GUIDEHOUSE DIGITAL LLC,2026-09-23,0.0,75N98026F00013,VA,MCLEAN,22102,FAIRFAX,R499,SUPPORT- PROFESSIONAL: OTHER,541690,OTHER SCIENTIFIC AND TECHNICAL CONSULTING SERVICES,,,,,False,False
75N99026F00013,CHAPPELLE MECHANICAL SERVICES LLC,2026-09-23,195757.0,75N99026F00013,MD,BETHESDA,20892,MONTGOMERY,Y1JZ,CONSTRUCTION OF MISCELLANEOUS BUILDINGS,236220,COMMERCIAL AND INSTITUTIONAL BUILDING CONSTRUCTION,,,,,False,False
75N98026F00250,RESEARCH TRIANGLE INSTITUTE,2026-09-23,2800000.0,75N98026F00250,NC,DURHAM,27713,DURHAM,R499,SUPPORT- PROFESSIONAL: OTHER,541611,ADMINISTRATIVE MANAGEMENT AND GENERAL MANAGEMENT CONSULTING SERVICES,,,,,False,False
75N98026P01583,"10X GENOMICS, INC.",2026-09-23,94822.29,75N98026P01583,CA,PLEASANTON,94588,ALAMEDA,6640,LABORATORY EQUIPMENT AND SUPPLIES,334516,ANALYTICAL LABORATORY INSTRUMENT MANUFACTURING,,,,,False,False
75N91026F00001,"WASHINGTON UNIVERSITY, THE",2026-09-23,1246168.0,75N91026F00001,MO,SAINT LOUIS,63130,SAINT LOUIS,B529,SPECIAL STUDIES/ANALYSIS- SCIENTIFIC DATA,541380,TESTING LABORATORIES AND SERVICES,,,,,False,False
75N98026P01828,"10X GENOMICS, INC.",2026-09-23,52764.0,75N98026P01828,MD,BETHESDA,20892,MONTGOMERY,Q301,REFERENCE LABORATORY TESTING,325413,IN-VITRO DIAGNOSTIC SUBSTANCE MANUFACTURING,,,,,False,False
75N91019F00129,MAYO CLINIC,2026-09-23,-162900.61,75N91019F00129,MN,ROCHESTER,55905,OLMSTED,AN12,HEALTH R&D SERVICES; HEALTH CARE SERVICES; APPLIED RESEARCH,541712,"RESEARCH AND DEVELOPMENT IN THE PHYSICAL, ENGINEERING, AND LIFE SCIENCES (EXCEPT BIOTECHNOLOGY)",,,,,False,False
75N98026F00424,MELLING LLC,2026-09-23,52322.53,75N98026F00424,VA,ALEXANDRIA,22314,ALEXANDRIA CITY,6640,LABORATORY EQUIPMENT AND SUPPLIES,339112,SURGICAL AND MEDICAL INSTRUMENT MANUFACTURING,,,,,False,False
75N99023C00092,"OLGOONIK GENERAL, LLC",2026-09-23,75796.0,75N99023C00092,MD,BETHESDA,20892,MONTGOMERY,Y1JZ,CONSTRUCTION OF MISCELLANEOUS BUILDINGS,236220,COMMERCIAL AND INSTITUTIONAL BUILDING CONSTRUCTION,,,,,False,False
75N99026F00013,"OLGOONIK GENERAL, LLC",2026-09-23,407267.04,75N99026F00013,MD,BETHESDA,20892,MONTGOMERY,Y1JZ,CONSTRUCTION OF MISCELLANEOUS BUILDINGS,236220,COMMERCIAL AND INSTITUTIONAL BUILDING CONSTRUCTION,,,,,False,False
75N98124F00005,"IMPRES TECHNOLOGY SOLUTIONS, INC",2026-09-23,597147.21,75N98124F00005,HI,KIHEI,96753,MAUI,7A21,IT AND TELECOM - BUSINESS APPLICATION SOFTWARE (PERPETUAL LICENSE SOFTWARE),541519,OTHER COMPUTER RELATED SERVICES,,,,,False,False
75N98026F00401,BLACK CANYON CONSULTING LLC,2026-09-23,255426.0,75N98026F00401,VA,FAIRFAX,22033,FAIRFAX,R499,SUPPORT- PROFESSIONAL: OTHER,541511,CUSTOM COMPUTER PROGRAMMING SERVICES,,,,,False,False
75N98125F00001,JCS SOLUTIONS LLC,2026-09-23,10391328.0,75N98125F00001,VA,FAIRFAX,22033,FAIRFAX,DA01,IT AND TELECOM - BUSINESS APPLICATION/APPLICATION DEVELOPMENT SUPPORT SERVICES (LABOR),541512,COMPUTER SYSTEMS DESIGN SERVICES,,,,,False,False
75N93021F00001,BATTELLE MEMORIAL INSTITUTE,2026-09-23,-33400.2,75N93021F00001,OH,COLUMBUS,43201,FRANKLIN,AN12,HEALTH R&D SERVICES; HEALTH CARE SERVICES; APPLIED RESEARCH,541713,RESEARCH AND DEVELOPMENT IN NANOTECHNOLOGY,,,,,False,False
75N99026F00006,"SUMMER CONSULTANTS, INC.",2026-09-23,43686.08,75N99026F00006,MD,BETHESDA,20892,MONTGOMERY,C219,ARCHITECT AND ENGINEERING- GENERAL: OTHER,541330,ENGINEERING SERVICES,,,,,False,False
75N98026P01843,ABBERIOR INSTRUMENTS AMERICA LLC,2026-09-23,996301.2,75N98026P01843,FL,JUPITER,33458,PALM BEACH,6640,LABORATORY EQUIPMENT AND SUPPLIES,334516,ANALYTICAL LABORATORY INSTRUMENT MANUFACTURING,,,,,False,False
75N91026F00001,INFINITY BIOLOGIX LLC,2026-09-23,661396.0,75N91026F00001,NJ,PISCATAWAY,08854,MIDDLESEX,B529,SPECIAL STUDIES/ANALYSIS- SCIENTIFIC DATA,541380,TESTING LABORATORIES AND SERVICES,,,,,False,False
75N91026F00002,INFINITY BIOLOGIX LLC,2026-09-23,3125862.56,75N91026F00002,NJ,PISCATAWAY,08854,MIDDLESEX,B529,SPECIAL STUDIES/ANALYSIS- SCIENTIFIC DATA,541380,TESTING LABORATORIES AND SERVICES,,,,,False,False
75N95026F00006,"22ND CENTURY TECHNOLOGIES, INC.",2026-09-23,132204.8,75N95026F00006,VA,MCLEAN,22102,FAIRFAX,R408,SUPPORT- PROFESSIONAL: PROGRAM MANAGEMENT/SUPPORT,541690,OTHER SCIENTIFIC AND TECHNICAL CONSULTING SERVICES,,,,,False,False
75N98026F00001,VANDERBILT UNIVERSITY MEDICAL CENTER,2026-09-23,566954.0,75N98026F00001,TN,NASHVILLE,37232,DAVIDSON,B599,SPECIAL STUDIES/ANALYSIS- OTHER,541380,TESTING LABORATORIES AND SERVICES,,,,,False,False
75N93020F00008,"MEDICAL SCIENCE & COMPUTING, LLC",2026-09-23,-13767.99,75N93020F00008,MD,GERMANTOWN,20874,MONTGOMERY,R707,SUPPORT- MANAGEMENT: CONTRACT/PROCUREMENT/ACQUISITION SUPPORT,541990,"ALL OTHER PROFESSIONAL, SCIENTIFIC, AND TECHNICAL SERVICES",,,,,False,False
75N98026C00026,DLA TROOP SUPPORT,2026-09-23,11809000.0,75N98026C00026,PA,PHILADELPHIA,19111,PHILADELPHIA,6505,DRUGS AND BIOLOGICALS,325412,PHARMACEUTICAL PREPARATION MANUFACTURING,,,,,False,False
75N93021F00066,"MEDICAL SCIENCE & COMPUTING, LLC",2026-09-23,-14350.84,75N93021F00066,MD,BETHESDA,20814,MONTGOMERY,R707,SUPPORT- MANAGEMENT: CONTRACT/PROCUREMENT/ACQUISITION SUPPORT,541990,"ALL OTHER PROFESSIONAL, SCIENTIFIC, AND TECHNICAL SERVICES",,,,,False,False
75N93020F00002,"MEDICAL SCIENCE & COMPUTING, LLC",2026-09-23,-39178.23,75N93020F00002,MD,BETHESDA,20892,MONTGOMERY,R707,SUPPORT- MANAGEMENT: CONTRACT/PROCUREMENT/ACQUISITION SUPPORT,541990,"ALL OTHER PROFESSIONAL, SCIENTIFIC, AND TECHNICAL SERVICES",,,,,False,False
75N98026P01806,"CARL ZEISS MICROSCOPY, LLC",2026-09-23,547363.72,75N98026P01806,NY,WHITE PLAINS,10601,WESTCHESTER,6640,LABORATORY EQUIPMENT AND SUPPLIES,334516,ANALYTICAL LABORATORY INSTRUMENT MANUFACTURING,,,,,False,False
75N98026F00007,"CHICKASAW FUTREND TECHNOLOGIES ALLIANCE, LLC",2026-09-23,456676.6,75N98026F00007,OK,NORMAN,73071,CLEVELAND,7A21,IT AND TELECOM - BUSINESS APPLICATION SOFTWARE (PERPETUAL LICENSE SOFTWARE),541511,CUSTOM COMPUTER PROGRAMMING SERVICES,,,,,False,False
75N93020F00004,"MEDICAL SCIENCE & COMPUTING, LLC",2026-09-23,-64548.53,75N93020F00004,MD,GERMANTOWN,20874,MONTGOMERY,R707,SUPPORT- MANAGEMENT: CONTRACT/PROCUREMENT/ACQUISITION SUPPORT,541990,"ALL OTHER PROFESSIONAL, SCIENTIFIC, AND TECHNICAL SERVICES",,,,,False,False
75N93021F00073,"MEDICAL SCIENCE & COMPUTING, LLC",2026-09-23,-31075.2,75N93021F00073,MD,BETHESDA,20814,MONTGOMERY,R707,SUPPORT- MANAGEMENT: CONTRACT/PROCUREMENT/ACQUISITION SUPPORT,541990,"ALL OTHER PROFESSIONAL, SCIENTIFIC, AND TECHNICAL SERVICES",,,,,False,False
75N95019F00088,LUMINA CORPS INC.,2026-09-23,-10865.6,75N95019F00088,MD,ROCKVILLE,20852,MONTGOMERY,R699,SUPPORT- ADMINISTRATIVE: OTHER,541611,ADMINISTRATIVE MANAGEMENT AND GENERAL MANAGEMENT CONSULTING SERVICES,,,,,False,False
75N93021F00071,"MEDICAL SCIENCE & COMPUTING, LLC",2026-09-23,-1525.99,75N93021F00071,MD,ROCKVILLE,20852,MONTGOMERY,R707,SUPPORT- MANAGEMENT: CONTRACT/PROCUREMENT/ACQUISITION SUPPORT,541990,"ALL OTHER PROFESSIONAL, SCIENTIFIC, AND TECHNICAL SERVICES",,,,,False,False
75N93021F00048,"MEDICAL SCIENCE & COMPUTING, LLC",2026-09-23,-19187.6,75N93021F00048,MD,ROCKVILLE,20852,MONTGOMERY,R707,SUPPORT- MANAGEMENT: CONTRACT/PROCUREMENT/ACQUISITION SUPPORT,541990,"ALL OTHER PROFESSIONAL, SCIENTIFIC, AND TECHNICAL SERVICES",,,,,False,False
75N99026F00004,POLU KAI SERVICES LLC,2026-09-23,7621174.0,75N99026F00004,MD,BETHESDA,20892,MONTGOMERY,Y1JZ,CONSTRUCTION OF MISCELLANEOUS BUILDINGS,236220,COMMERCIAL AND INSTITUTIONAL BUILDING CONSTRUCTION,,,,,False,False
75N98026P01077,ANTECH INC.,2026-09-23,0.0,75N98026P01077,CO,ARVADA,80003,JEFFERSON,6515,"MEDICAL AND SURGICAL INSTRUMENTS, EQUIPMENT, AND SUPPLIES",339112,SURGICAL AND MEDICAL INSTRUMENT MANUFACTURING,,,,,False,False
75N93021F00074,"MEDICAL SCIENCE & COMPUTING, LLC",2026-09-23,-44779.91,75N93021F00074,MD,BETHESDA,20814,MONTGOMERY,R707,SUPPORT- MANAGEMENT: CONTRACT/PROCUREMENT/ACQUISITION SUPPORT,541990,"ALL OTHER PROFESSIONAL, SCIENTIFIC, AND TECHNICAL SERVICES",,,,,False,False
75N93019F00132,"MEDICAL SCIENCE & COMPUTING, LLC",2026-09-23,-536815.1,75N93019F00132,MD,ROCKVILLE,20852,MONTGOMERY,R499,SUPPORT- PROFESSIONAL: OTHER,541990,"ALL OTHER PROFESSIONAL, SCIENTIFIC, AND TECHNICAL SERVICES",,,,,False,False
75N91023F00002,DELOITTE & TOUCHE LLP,2026-09-23,485416.68,75N91023F00002,VA,ARLINGTON,22209,ARLINGTON,DA01,IT AND TELECOM - BUSINESS APPLICATION/APPLICATION DEVELOPMENT SUPPORT SERVICES (LABOR),541519,OTHER COMPUTER RELATED SERVICES,,,,,False,False
75N98026P01846,"NORTH EAST TECHNICAL SALES, INC.",2026-09-23,16535.0,75N98026P01846,PA,HARLEYSVILLE,19438,MONTGOMERY,6640,LABORATORY EQUIPMENT AND SUPPLIES,334519,OTHER MEASURING AND CONTROLLING DEVICE MANUFACTURING,,,,,False,False
75N93021F00069,"MEDICAL SCIENCE & COMPUTING, LLC",2026-09-23,-12058.28,75N93021F00069,MD,ROCKVILLE,20852,MONTGOMERY,R707,SUPPORT- MANAGEMENT: CONTRACT/PROCUREMENT/ACQUISITION SUPPORT,541990,"ALL OTHER PROFESSIONAL, SCIENTIFIC, AND TECHNICAL SERVICES",,,,,False,False
75N93021F00067,"MEDICAL SCIENCE & COMPUTING, LLC",2026-09-23,-14350.84,75N93021F00067,MD,BETHESDA,20814,MONTGOMERY,R707,SUPPORT- MANAGEMENT: CONTRACT/PROCUREMENT/ACQUISITION SUPPORT,541990,"ALL OTHER PROFESSIONAL, SCIENTIFIC, AND TECHNICAL SERVICES",,,,,False,False
75N93021F00075,"MEDICAL SCIENCE & COMPUTING, LLC",2026-09-23,-643.22,75N93021F00075,MD,BETHESDA,20814,MONTGOMERY,R707,SUPPORT- MANAGEMENT: CONTRACT/PROCUREMENT/ACQUISITION SUPPORT,541990,"ALL OTHER PROFESSIONAL, SCIENTIFIC, AND TECHNICAL SERVICES",,,,,False,False
75N93019F00144,"MEDICAL SCIENCE & COMPUTING, LLC",2026-09-23,-320764.6,75N93019F00144,MD,GERMANTOWN,20874,MONTGOMERY,R499,SUPPORT- PROFESSIONAL: OTHER,541990,"ALL OTHER PROFESSIONAL, SCIENTIFIC, AND TECHNICAL SERVICES",,,,,False,False
75N93019F00139,"MEDICAL SCIENCE & COMPUTING, LLC",2026-09-23,-24881.79,75N93019F00139,MD,ROCKVILLE,20852,MONTGOMERY,R499,SUPPORT- PROFESSIONAL: OTHER,541990,"ALL OTHER PROFESSIONAL, SCIENTIFIC, AND TECHNICAL SERVICES",,,,,False,False
75N93020F00067,"MEDICAL SCIENCE & COMPUTING, LLC",2026-09-23,0.0,75N93020F00067,MD,GERMANTOWN,20874,MONTGOMERY,R707,SUPPORT- MANAGEMENT: CONTRACT/PROCUREMENT/ACQUISITION SUPPORT,541990,"ALL OTHER PROFESSIONAL, SCIENTIFIC, AND TECHNICAL SERVICES",,,,,False,False
75N93021F00082,"MEDICAL SCIENCE & COMPUTING, LLC",2026-09-23,-92819.38,75N93021F00082,MD,BETHESDA,20814,MONTGOMERY,R707,SUPPORT- MANAGEMENT: CONTRACT/PROCUREMENT/ACQUISITION SUPPORT,541990,"ALL OTHER PROFESSIONAL, SCIENTIFIC, AND TECHNICAL SERVICES",,,,,False,False
75N93019F00131,"MEDICAL SCIENCE & COMPUTING, LLC",2026-09-23,-721311.46,75N93019F00131,MD,ROCKVILLE,20852,MONTGOMERY,R499,SUPPORT- PROFESSIONAL: OTHER,541990,"ALL OTHER PROFESSIONAL, SCIENTIFIC, AND TECHNICAL SERVICES",,,,,False,False
75N93019F00161,"MEDICAL SCIENCE & COMPUTING, LLC",2026-09-23,-12882.73,75N93019F00161,MD,GERMANTOWN,20874,MONTGOMERY,R499,SUPPORT- PROFESSIONAL: OTHER,541990,"ALL OTHER PROFESSIONAL, SCIENTIFIC, AND TECHNICAL SERVICES",,,,,False,False
75N93021F00072,"MEDICAL SCIENCE & COMPUTING, LLC",2026-09-23,-2288.5,75N93021F00072,MD,ROCKVILLE,20852,MONTGOMERY,R707,SUPPORT- MANAGEMENT: CONTRACT/PROCUREMENT/ACQUISITION SUPPORT,541990,"ALL OTHER PROFESSIONAL, SCIENTIFIC, AND TECHNICAL SERVICES",,,,,False,False
75N97024F00010,"ANACAPA MICRO PRODUCTS, INC.",2026-09-23,266606.87,75N97024F00010,MD,BETHESDA,20817,MONTGOMERY,7E20,"IT AND TELECOM - END USER: HELP DESK;TIER 1-2,WORKSPACE,PRINT,OUTPUT,PRODUCTIVITY TOOLS (HW/PERP SW)",541519,OTHER COMPUTER RELATED SERVICES,,,,,False,False
75N91020F00001,"PBG CONSULTING, LLC",2026-09-23,-58763.92,75N91020F00001,VA,MCLEAN,22102,FAIRFAX,D399,IT AND TELECOM- OTHER IT AND TELECOMMUNICATIONS,541519,OTHER COMPUTER RELATED SERVICES,,,,,False,False
75N98026P01796,"VISION RESEARCH, INC",2026-09-23,61115.0,75N98026P01796,NJ,WAYNE,07470,PASSAIC,6640,LABORATORY EQUIPMENT AND SUPPLIES,334516,ANALYTICAL LABORATORY INSTRUMENT MANUFACTURING,,,,,False,False
75N95024F00134,"KELLY SERVICES, INC.",2026-09-23,237865.92,75N95024F00134,MI,TROY,48084,OAKLAND,R499,SUPPORT- PROFESSIONAL: OTHER,541690,OTHER SCIENTIFIC AND TECHNICAL CONSULTING SERVICES,,,,,False,False
75N97022F00089,"AFFIGENT, LLC",2026-09-23,0.0,75N97022F00089,MD,BETHESDA,20817,MONTGOMERY,7C20,IT AND TELECOM - DATA CENTER PRODUCTS (HARDWARE AND PERPETUAL LICENSE SOFTWARE),541519,OTHER COMPUTER RELATED SERVICES,,,,,False,False
75N93023F00014,"KELLY SERVICES, INC.",2026-09-23,-1451.92,75N93023F00014,MD,BETHESDA,20814,MONTGOMERY,R707,SUPPORT- MANAGEMENT: CONTRACT/PROCUREMENT/ACQUISITION SUPPORT,541990,"ALL OTHER PROFESSIONAL, SCIENTIFIC, AND TECHNICAL SERVICES",,,,,False,False
75N95026F00158,"KELLY SERVICES, INC.",2026-09-23,129265.92,75N95026F00158,MI,TROY,48084,OAKLAND,R499,SUPPORT- PROFESSIONAL: OTHER,541690,OTHER SCIENTIFIC AND TECHNICAL CONSULTING SERVICES,,,,,False,False
75N98026F00386,"NEAL R. GROSS AND COMPANY, INC.",2026-09-23,43750.0,75N98026F00386,DC,WASHINGTON,20009,DISTRICT OF COLUMBIA,R499,SUPPORT- PROFESSIONAL: OTHER,561320,TEMPORARY HELP SERVICES,,,,,False,False
75N94026F00003,FISHER BIOSERVICES INC,2026-09-23,77937.32,75N94026F00003,MD,ROCKVILLE,20850,MONTGOMERY,AN12,HEALTH R&D SERVICES; HEALTH CARE SERVICES; APPLIED RESEARCH,541714,RESEARCH AND DEVELOPMENT IN BIOTECHNOLOGY (EXCEPT NANOBIOTECHNOLOGY),,,,,False,False
75N93023F00012,"KELLY SERVICES, INC.",2026-09-23,-0.16,75N93023F00012,MD,BETHESDA,20814,MONTGOMERY,R707,SUPPORT- MANAGEMENT: CONTRACT/PROCUREMENT/ACQUISITION SUPPORT,541990,"ALL OTHER PROFESSIONAL, SCIENTIFIC, AND TECHNICAL SERVICES",,,,,False,False
75N98026P01789,NIKON INSTRUMENTS INC,2026-09-23,606549.23,75N98026P01789,NY,MELVILLE,11747,SUFFOLK,6640,LABORATORY EQUIPMENT AND SUPPLIES,334516,ANALYTICAL LABORATORY INSTRUMENT MANUFACTURING,,,,,False,False
75N98026P01798,OLINK PROTEOMICS INC,2026-09-23,19984.0,75N98026P01798,MA,WALTHAM,02453,MIDDLESEX,6640,LABORATORY EQUIPMENT AND SUPPLIES,339112,SURGICAL AND MEDICAL INSTRUMENT MANUFACTURING,,,,,False,False
75N92025C00008,RHO FEDERAL SYSTEMS DIVISION INC,2026-09-23,217467.39,75N92025C00008,NC,DURHAM,27713,DURHAM,AN12,HEALTH R&D SERVICES; HEALTH CARE SERVICES; APPLIED RESEARCH,541715,"RESEARCH AND DEVELOPMENT IN THE PHYSICAL, ENGINEERING, AND LIFE SCIENCES (EXCEPT NANOTECHNOLOGY AND BIOTECHNOLOGY)",,,,,False,False
75N98026P01823,OLINK PROTEOMICS INC,2026-09-23,129827.31,75N98026P01823,MA,WALTHAM,02453,MIDDLESEX,6640,LABORATORY EQUIPMENT AND SUPPLIES,334516,ANALYTICAL LABORATORY INSTRUMENT MANUFACTURING,,,,,False,False
75N98026P01833,FISHER SCIENTIFIC COMPANY L.L.C.,2026-09-23,16250.0,75N98026P01833,PA,PITTSBURGH,15275,ALLEGHENY,6640,LABORATORY EQUIPMENT AND SUPPLIES,334516,ANALYTICAL LABORATORY INSTRUMENT MANUFACTURING,,,,,False,False
75N98026F00420,NIKON INSTRUMENTS INC,2026-09-23,187351.0,75N98026F00420,NY,MELVILLE,11747,SUFFOLK,6640,LABORATORY EQUIPMENT AND SUPPLIES,333314,OPTICAL INSTRUMENT AND LENS MANUFACTURING,,,,,False,False
75N91025P00088,VECTOR BIOMED INC.,2026-09-23,0.0,75N91025P00088,MD,GAITHERSBURG,20878,MONTGOMERY,6505,DRUGS AND BIOLOGICALS,325414,BIOLOGICAL PRODUCT (EXCEPT DIAGNOSTIC) MANUFACTURING,,,,,False,False
75N98026P01830,OLINK PROTEOMICS INC,2026-09-23,54363.81,75N98026P01830,MA,WALTHAM,02453,MIDDLESEX,6640,LABORATORY EQUIPMENT AND SUPPLIES,334516,ANALYTICAL LABORATORY INSTRUMENT MANUFACTURING,,,,,False,False
75N98026F00428,NIKON INSTRUMENTS INC,2026-09-23,52355.0,75N98026F00428,NY,MELVILLE,11747,SUFFOLK,6640,LABORATORY EQUIPMENT AND SUPPLIES,333314,OPTICAL INSTRUMENT AND LENS MANUFACTURING,,,,,False,False
75N93021F00001,THE JOHNS HOPKINS UNIVERSITY,2026-09-23,-41594.68,75N93021F00001,MD,BALTIMORE,21218,BALTIMORE CITY,AJ12,GENERAL SCIENCE AND TECHNOLOGY R&D SERVICES; GENERAL SCIENCE AND TECHNOLOGY; APPLIED RESEARCH,541714,RESEARCH AND DEVELOPMENT IN BIOTECHNOLOGY (EXCEPT NANOBIOTECHNOLOGY),,,,,False,False
75N98026P01818,THERAKOS LLC,2026-09-23,48750.0,75N98026P01818,NJ,BRIDGEWATER,08807,SOMERSET,6550,"IN VITRO DIAGNOSTIC SUBSTANCES, REAGENTS, TEST KITS AND SETS",423450,"MEDICAL, DENTAL, AND HOSPITAL EQUIPMENT AND SUPPLIES MERCHANT WHOLESALERS",,,,,False,False
75N98026P01734,SCINTICA INC.,2026-09-23,0.0,75N98026P01734,TX,WEBSTER,77598,HARRIS,6640,LABORATORY EQUIPMENT AND SUPPLIES,334516,ANALYTICAL LABORATORY INSTRUMENT MANUFACTURING,,,,,False,False
75N99022F00013,WASHINGTON GAS LIGHT COMPANY,2026-09-23,7657.0,75N99022F00013,MD,BETHESDA,20892,MONTGOMERY,S112,UTILITIES- ELECTRIC,221210,NATURAL GAS DISTRIBUTION,,,,,False,False
75N98019F00837,DELL MARKETING L.P.,2026-09-23,-0.1,75N98019F00837,MD,BETHESDA,20817,MONTGOMERY,D318,"IT AND TELECOM- INTEGRATED HARDWARE/SOFTWARE/SERVICES SOLUTIONS, PREDOMINANTLY SERVICES",511210,SOFTWARE PUBLISHERS,,,,,False,False
75N98026P01811,"LAXCO, INC",2026-09-23,156760.0,75N98026P01811,WA,BOTHELL,98012,SNOHOMISH,6640,LABORATORY EQUIPMENT AND SUPPLIES,334516,ANALYTICAL LABORATORY INSTRUMENT MANUFACTURING,,,,,False,False
75N92025P00120,THE JOHNS HOPKINS UNIVERSITY,2026-09-23,9129.76,75N92025P00120,MD,BETHESDA,20892,MONTGOMERY,Q301,REFERENCE LABORATORY TESTING,541990,"ALL OTHER PROFESSIONAL, SCIENTIFIC, AND TECHNICAL SERVICES",,,,,False,False
75N98022F00006,DELL MARKETING L.P.,2026-09-23,-312496.46,75N98022F00006,MD,BETHESDA,20817,MONTGOMERY,DG01,IT AND TELECOM - NETWORK SUPPORT SERVICES (LABOR),511210,SOFTWARE PUBLISHERS,,,,,False,False
75N95023C00020,"INFORMATION MANAGEMENT SERVICES, INC.",2026-09-23,0.0,75N95023C00020,MD,BELTSVILLE,20705,PRINCE GEORGES,AN11,HEALTH R&D SERVICES; HEALTH CARE SERVICES; BASIC RESEARCH,541715,"RESEARCH AND DEVELOPMENT IN THE PHYSICAL, ENGINEERING, AND LIFE SCIENCES (EXCEPT NANOTECHNOLOGY AND BIOTECHNOLOGY)",,,,,False,False
75N98026P01816,LEONARD PAPER COMPANY,2026-09-23,19985.22,75N98026P01816,MD,BALTIMORE,21205,BALTIMORE CITY,6508,MEDICATED COSMETICS AND TOILETRIES,325611,SOAP AND OTHER DETERGENT MANUFACTURING,,,,,False,False
75N99026F00009,3D ENVIROLOGICS LLC,2026-09-23,124714.48,75N99026F00009,MD,BETHESDA,20892,MONTGOMERY,F108,ENVIRONMENTAL SYSTEMS PROTECTION- ENVIRONMENTAL REMEDIATION,562910,REMEDIATION SERVICES,,,,,False,False
75N91018F00001,"PUBLIC HEALTH, MASSACHUSETTS DEPARTMENT OF",2026-09-23,-49646.14,75N91018F00001,MA,BOSTON,02108,SUFFOLK,AN12,HEALTH R&D SERVICES; HEALTH CARE SERVICES; APPLIED RESEARCH,541715,"RESEARCH AND DEVELOPMENT IN THE PHYSICAL, ENGINEERING, AND LIFE SCIENCES (EXCEPT NANOTECHNOLOGY AND BIOTECHNOLOGY)",,,,,False,False
75N98026F00009,METAL MEN LLC,2026-09-23,180279.11,75N98026F00009,MD,BETHESDA,20892,MONTGOMERY,Y1JZ,CONSTRUCTION OF MISCELLANEOUS BUILDINGS,236220,COMMERCIAL AND INSTITUTIONAL BUILDING CONSTRUCTION,,,,,False,False
75N98123F00001,"MACKSON CONSULTING, LLC",2026-09-23,3807917.42,75N98123F00001,VA,MCLEAN,22102,FAIRFAX,DD01,"IT AND TELECOM - SERVICE DELIVERY SUPPORT SERVICES: ITSM, OPERATIONS CENTER, PROJECT/PM (LABOR)",541512,COMPUTER SYSTEMS DESIGN SERVICES,,,,,False,False
75N94026P00161,"NOLDUS INFORMATION TECHNOLOGY, INC.",2026-09-23,35525.0,75N94026P00161,VA,LEESBURG,20176,LOUDOUN,6640,LABORATORY EQUIPMENT AND SUPPLIES,334516,ANALYTICAL LABORATORY INSTRUMENT MANUFACTURING,,,,,False,False
75N98026P01812,"TACONIC BIOSCIENCES, INC.",2026-09-23,53928.93,75N98026P01812,,,,,8820,"LIVE ANIMALS, NOT RAISED FOR FOOD",325414,BIOLOGICAL PRODUCT (EXCEPT DIAGNOSTIC) MANUFACTURING,,,,,False,False
75N90025P00755,HID GLOBAL CORP,2026-09-23,98.69,75N90025P00755,TX,AUSTIN,78753,TRAVIS,6605,NAVIGATIONAL INSTRUMENTS,541511,CUSTOM COMPUTER PROGRAMMING SERVICES,,,,,False,False
75N99026F00003,"SALAS O'BRIEN FEDERAL, LLC",2026-09-23,259475.0,75N99026F00003,MD,ROCKVILLE,20850,MONTGOMERY,C219,ARCHITECT AND ENGINEERING- GENERAL: OTHER,541330,ENGINEERING SERVICES,,,,,False,False
75N98023F00002,MATHEMATICA INC.,2026-09-23,197974.0,75N98023F00002,NJ,PRINCETON,08540,MERCER,R499,SUPPORT- PROFESSIONAL: OTHER,541611,ADMINISTRATIVE MANAGEMENT AND GENERAL MANAGEMENT CONSULTING SERVICES,,,,,False,False
75N98026P01740,ROGUE RESEARCH (US) INC.,2026-09-23,46403.0,75N98026P01740,,,,,6525,"IMAGING EQUIPMENT AND SUPPLIES: MEDICAL, DENTAL, VETERINARY",423450,"MEDICAL, DENTAL, AND HOSPITAL EQUIPMENT AND SUPPLIES MERCHANT WHOLESALERS",,,,,False,False
75N91026F00026,LEIDOS BIOMEDICAL RESEARCH INC,2026-09-23,1683296.0,75N91026F00026,MD,FREDERICK,21702,FREDERICK,AN12,HEALTH R&D SERVICES; HEALTH CARE SERVICES; APPLIED RESEARCH,541715,"RESEARCH AND DEVELOPMENT IN THE PHYSICAL, ENGINEERING, AND LIFE SCIENCES (EXCEPT NANOTECHNOLOGY AND BIOTECHNOLOGY)",,,,,False,False
75N98026P01813,PULCIR INC,2026-09-23,35043.14,75N98026P01813,TN,KNOXVILLE,37932,KNOX,4110,REFRIGERATION EQUIPMENT,333415,AIR-CONDITIONING AND WARM AIR HEATING EQUIPMENT AND COMMERCIAL AND INDUSTRIAL REFRIGERATION EQUIPMENT MANUFACTURING,,,,,False,False
75N93021F00038,"AXLE INFORMATICS, LLC",2026-09-23,-11231.71,75N93021F00038,MD,ROCKVILLE,20852,MONTGOMERY,R707,SUPPORT- MANAGEMENT: CONTRACT/PROCUREMENT/ACQUISITION SUPPORT,541990,"ALL OTHER PROFESSIONAL, SCIENTIFIC, AND TECHNICAL SERVICES",,,,,False,False
75N95025F00014,"AXLE INFORMATICS, LLC",2026-09-23,106231.44,75N95025F00014,MD,BETHESDA,20892,MONTGOMERY,R499,SUPPORT- PROFESSIONAL: OTHER,541690,OTHER SCIENTIFIC AND TECHNICAL CONSULTING SERVICES,,,,,False,False
75N98023P01036,"WOLTERS KLUWER FINANCIAL SERVICES, INC.",2026-09-23,-0.01,75N98023P01036,MN,MINNEAPOLIS,55402,HENNEPIN,R710,SUPPORT- MANAGEMENT: FINANCIAL,513210,SOFTWARE PUBLISHERS,,,,,False,False
75N98026F00018,"AXLE INFORMATICS, LLC",2026-09-23,227451.84,75N98026F00018,MD,ROCKVILLE,20852,MONTGOMERY,R499,SUPPORT- PROFESSIONAL: OTHER,541690,OTHER SCIENTIFIC AND TECHNICAL CONSULTING SERVICES,,,,,False,False
75N93021F00045,"AXLE INFORMATICS, LLC",2026-09-23,-7798.0,75N93021F00045,MD,BETHESDA,20814,MONTGOMERY,R707,SUPPORT- MANAGEMENT: CONTRACT/PROCUREMENT/ACQUISITION SUPPORT,541990,"ALL OTHER PROFESSIONAL, SCIENTIFIC, AND TECHNICAL SERVICES",,,,,False,False
75N93019F00135,"AXLE INFORMATICS, LLC",2026-09-23,-40326.08,75N93019F00135,MD,GERMANTOWN,20874,MONTGOMERY,R499,SUPPORT- PROFESSIONAL: OTHER,541990,"ALL OTHER PROFESSIONAL, SCIENTIFIC, AND TECHNICAL SERVICES",,,,,False,False
75N93021F00041,"AXLE INFORMATICS, LLC",2026-09-23,-3540.4,75N93021F00041,MD,ROCKVILLE,20852,MONTGOMERY,R707,SUPPORT- MANAGEMENT: CONTRACT/PROCUREMENT/ACQUISITION SUPPORT,541990,"ALL OTHER PROFESSIONAL, SCIENTIFIC, AND TECHNICAL SERVICES",,,,,False,False
75N91022F00016,LEIDOS BIOMEDICAL RESEARCH INC,2026-09-23,2437886.0,75N91022F00016,MD,FREDERICK,21703,FREDERICK,AN12,HEALTH R&D SERVICES; HEALTH CARE SERVICES; APPLIED RESEARCH,541715,"RESEARCH AND DEVELOPMENT IN THE PHYSICAL, ENGINEERING, AND LIFE SCIENCES (EXCEPT NANOTECHNOLOGY AND BIOTECHNOLOGY)",,,,,False,False
75N93021F00044,"AXLE INFORMATICS, LLC",2026-09-23,-3409.36,75N93021F00044,MD,BETHESDA,20814,MONTGOMERY,R707,SUPPORT- MANAGEMENT: CONTRACT/PROCUREMENT/ACQUISITION SUPPORT,541990,"ALL OTHER PROFESSIONAL, SCIENTIFIC, AND TECHNICAL SERVICES",,,,,False,False
75N91019F00138,LEIDOS BIOMEDICAL RESEARCH INC,2026-09-23,1809441.87,75N91019F00138,MD,FREDERICK,21702,FREDERICK,AN12,HEALTH R&D SERVICES; HEALTH CARE SERVICES; APPLIED RESEARCH,541715,"RESEARCH AND DEVELOPMENT IN THE PHYSICAL, ENGINEERING, AND LIFE SCIENCES (EXCEPT NANOTECHNOLOGY AND BIOTECHNOLOGY)",,,,,False,False
75N93021F00043,"AXLE INFORMATICS, LLC",2026-09-23,-2894.05,75N93021F00043,MD,BETHESDA,20814,MONTGOMERY,R707,SUPPORT- MANAGEMENT: CONTRACT/PROCUREMENT/ACQUISITION SUPPORT,541990,"ALL OTHER PROFESSIONAL, SCIENTIFIC, AND TECHNICAL SERVICES",,,,,False,False
75N95025F00023,"AXLE INFORMATICS, LLC",2026-09-23,34199.04,75N95025F00023,MD,BETHESDA,20892,MONTGOMERY,R499,SUPPORT- PROFESSIONAL: OTHER,541690,OTHER SCIENTIFIC AND TECHNICAL CONSULTING SERVICES,,,,,False,False
75N93020F00001,"AXLE INFORMATICS, LLC",2026-09-23,-17046.63,75N93020F00001,MD,GERMANTOWN,20874,MONTGOMERY,R707,SUPPORT- MANAGEMENT: CONTRACT/PROCUREMENT/ACQUISITION SUPPORT,541990,"ALL OTHER PROFESSIONAL, SCIENTIFIC, AND TECHNICAL SERVICES",,,,,False,False
75N95026F00042,"AXLE INFORMATICS, LLC",2026-09-23,156838.4,75N95026F00042,MD,BETHESDA,20814,MONTGOMERY,R499,SUPPORT- PROFESSIONAL: OTHER,541690,OTHER SCIENTIFIC AND TECHNICAL CONSULTING SERVICES,,,,,False,False
75N93021F00036,"AXLE INFORMATICS, LLC",2026-09-23,-12873.27,75N93021F00036,MD,ROCKVILLE,20852,MONTGOMERY,R707,SUPPORT- MANAGEMENT: CONTRACT/PROCUREMENT/ACQUISITION SUPPORT,541990,"ALL OTHER PROFESSIONAL, SCIENTIFIC, AND TECHNICAL SERVICES",,,,,False,False
75N93021F00039,"AXLE INFORMATICS, LLC",2026-09-23,-47985.21,75N93021F00039,MD,BETHESDA,20814,MONTGOMERY,R707,SUPPORT- MANAGEMENT: CONTRACT/PROCUREMENT/ACQUISITION SUPPORT,541990,"ALL OTHER PROFESSIONAL, SCIENTIFIC, AND TECHNICAL SERVICES",,,,,False,False
75N93021F00042,"AXLE INFORMATICS, LLC",2026-09-23,-132529.72,75N93021F00042,MD,BETHESDA,20814,MONTGOMERY,R707,SUPPORT- MANAGEMENT: CONTRACT/PROCUREMENT/ACQUISITION SUPPORT,541990,"ALL OTHER PROFESSIONAL, SCIENTIFIC, AND TECHNICAL SERVICES",,,,,False,False
75N95024C00003,"WESTAT, INC.",2026-09-23,0.0,75N95024C00003,MD,ROCKVILLE,20850,MONTGOMERY,AN11,HEALTH R&D SERVICES; HEALTH CARE SERVICES; BASIC RESEARCH,541715,"RESEARCH AND DEVELOPMENT IN THE PHYSICAL, ENGINEERING, AND LIFE SCIENCES (EXCEPT NANOTECHNOLOGY AND BIOTECHNOLOGY)",,,,,False,False
75N97023F00099,SCIENTIFIC CONSULTING GROUP INC,2026-09-23,0.0,75N97023F00099,MD,BETHESDA,20817,MONTGOMERY,R499,SUPPORT- PROFESSIONAL: OTHER,561920,CONVENTION AND TRADE SHOW ORGANIZERS,,,,,False,False
75N98026F00418,THE MITRE CORPORATION,2026-09-23,949000.0,75N98026F00418,VA,MCLEAN,22102,FAIRFAX,R499,SUPPORT- PROFESSIONAL: OTHER,541715,"RESEARCH AND DEVELOPMENT IN THE PHYSICAL, ENGINEERING, AND LIFE SCIENCES (EXCEPT NANOTECHNOLOGY AND BIOTECHNOLOGY)",,,,,False,False
75N95021F00003,TALU LLC,2026-09-23,-22758.78,75N95021F00003,VA,HERNDON,20171,FAIRFAX,Z2AA,REPAIR OR ALTERATION OF OFFICE BUILDINGS,337127,INSTITUTIONAL FURNITURE MANUFACTURING,,,,,False,False
75N93021F00040,"AXLE INFORMATICS, LLC",2026-09-23,-5000.3,75N93021F00040,MD,ROCKVILLE,20852,MONTGOMERY,R707,SUPPORT- MANAGEMENT: CONTRACT/PROCUREMENT/ACQUISITION SUPPORT,541990,"ALL OTHER PROFESSIONAL, SCIENTIFIC, AND TECHNICAL SERVICES",,,,,False,False
75N98026P01805,BRITISH HEART FOUNDATION,2026-09-23,43612.5,75N98026P01805,MD,BETHESDA,20814,MONTGOMERY,R499,SUPPORT- PROFESSIONAL: OTHER,541990,"ALL OTHER PROFESSIONAL, SCIENTIFIC, AND TECHNICAL SERVICES",,,,,False,False
75N98026F00001,"SCHATZ PUBLISHING GROUP, LLC",2026-09-23,234551.0,75N98026F00001,MD,BETHESDA,20892,MONTGOMERY,R499,SUPPORT- PROFESSIONAL: OTHER,541910,MARKETING RESEARCH AND PUBLIC OPINION POLLING,,,,,False,False
75N91021F00001,"ICF INCORPORATED, L.L.C.",2026-09-23,-31866.94,75N91021F00001,VA,FAIRFAX,22031,FAIRFAX,R426,SUPPORT- PROFESSIONAL: COMMUNICATIONS,541611,ADMINISTRATIVE MANAGEMENT AND GENERAL MANAGEMENT CONSULTING SERVICES,,,,,False,False
75N98026P01829,"GENERAL MACHINE SHOP, INC.",2026-09-23,39875.0,75N98026P01829,MD,BETHESDA,20892,MONTGOMERY,Q301,REFERENCE LABORATORY TESTING,238290,OTHER BUILDING EQUIPMENT CONTRACTORS,,,,,False,False
75N93020F00006,"CAMRIS INTERNATIONAL, LLC",2026-09-23,-4457.98,75N93020F00006,MD,GERMANTOWN,20874,MONTGOMERY,R707,SUPPORT- MANAGEMENT: CONTRACT/PROCUREMENT/ACQUISITION SUPPORT,541990,"ALL OTHER PROFESSIONAL, SCIENTIFIC, AND TECHNICAL SERVICES",,,,,False,False
75N95022P00754,BUCHI CORP,2026-09-23,-611.0,75N95022P00754,DE,NEW CASTLE,19720,NEW CASTLE,6640,LABORATORY EQUIPMENT AND SUPPLIES,334516,ANALYTICAL LABORATORY INSTRUMENT MANUFACTURING,,,,,False,False
75N93020F00005,"CAMRIS INTERNATIONAL, LLC",2026-09-23,-29698.5,75N93020F00005,MD,ROCKVILLE,20852,MONTGOMERY,R707,SUPPORT- MANAGEMENT: CONTRACT/PROCUREMENT/ACQUISITION SUPPORT,541990,"ALL OTHER PROFESSIONAL, SCIENTIFIC, AND TECHNICAL SERVICES",,,,,False,False
75N93021F00002,"CAMRIS INTERNATIONAL, LLC",2026-09-23,-4470.84,75N93021F00002,MD,BETHESDA,20814,MONTGOMERY,R707,SUPPORT- MANAGEMENT: CONTRACT/PROCUREMENT/ACQUISITION SUPPORT,541990,"ALL OTHER PROFESSIONAL, SCIENTIFIC, AND TECHNICAL SERVICES",,,,,False,False
75N98026F00383,TRANSLOGIC CORP.,2026-09-23,257400.0,75N98026F00383,MD,BETHESDA,20892,MONTGOMERY,7A20,IT AND TELECOM - APPLICATION DEVELOPMENT SOFTWARE (PERPETUAL LICENSE SOFTWARE),339999,ALL OTHER MISCELLANEOUS MANUFACTURING,,,,,False,False
75N93020F00004,"CAMRIS INTERNATIONAL, LLC",2026-09-23,-2693.85,75N93020F00004,MD,ROCKVILLE,20852,MONTGOMERY,R499,SUPPORT- PROFESSIONAL: OTHER,541990,"ALL OTHER PROFESSIONAL, SCIENTIFIC, AND TECHNICAL SERVICES",,,,,False,False
75N93021F00001,"CAMRIS INTERNATIONAL, LLC",2026-09-23,-6387.15,75N93021F00001,MD,BETHESDA,20814,MONTGOMERY,R707,SUPPORT- MANAGEMENT: CONTRACT/PROCUREMENT/ACQUISITION SUPPORT,541990,"ALL OTHER PROFESSIONAL, SCIENTIFIC, AND TECHNICAL SERVICES",,,,,False,False
75N97022F00002,DELOITTE CONSULTING LLP,2026-09-23,16199275.38,75N97022F00002,VA,ARLINGTON,22209,ARLINGTON,R499,SUPPORT- PROFESSIONAL: OTHER,541512,COMPUTER SYSTEMS DESIGN SERVICES,,,,,False,False
75N93021F00006,"CAMRIS INTERNATIONAL, LLC",2026-09-23,-6336.54,75N93021F00006,MD,BETHESDA,20814,MONTGOMERY,R707,SUPPORT- MANAGEMENT: CONTRACT/PROCUREMENT/ACQUISITION SUPPORT,541990,"ALL OTHER PROFESSIONAL, SCIENTIFIC, AND TECHNICAL SERVICES",,,,,False,False
75N98026P01837,HELMER SCIENTIFIC LLC,2026-09-23,36985.4,75N98026P01837,IN,NOBLESVILLE,46060,HAMILTON,6515,"MEDICAL AND SURGICAL INSTRUMENTS, EQUIPMENT, AND SUPPLIES",339113,SURGICAL APPLIANCE AND SUPPLIES MANUFACTURING,,,,,False,False
75N93026F00002,COLORADO STATE UNIVERSITY,2026-09-23,748244.0,75N93026F00002,CO,FORT COLLINS,80523,LARIMER,AN11,HEALTH R&D SERVICES; HEALTH CARE SERVICES; BASIC RESEARCH,541714,RESEARCH AND DEVELOPMENT IN BIOTECHNOLOGY (EXCEPT NANOBIOTECHNOLOGY),,,,,False,False
75N99026F00012,SIEMENS INDUSTRY INC,2026-09-23,39563.75,75N99026F00012,MD,BETHESDA,20892,MONTGOMERY,Z1JZ,MAINTENANCE OF MISCELLANEOUS BUILDINGS,561210,FACILITIES SUPPORT SERVICES,,,,,False,False
75N98026F00042,"GAP SOLUTIONS, INC.",2026-09-23,173549.44,75N98026F00042,VA,HERNDON,20170,FAIRFAX,R499,SUPPORT- PROFESSIONAL: OTHER,541690,OTHER SCIENTIFIC AND TECHNICAL CONSULTING SERVICES,,,,,False,False
75N91026P00028,JASON FINE,2026-09-23,18900.0,75N91026P00028,MA,WAKEFIELD,01880,MIDDLESEX,R499,SUPPORT- PROFESSIONAL: OTHER,541990,"ALL OTHER PROFESSIONAL, SCIENTIFIC, AND TECHNICAL SERVICES",,,,,False,False
75N99026F00002,"NTVI SOLUTIONS, LLC",2026-09-23,49582.28,75N99026F00002,MD,BETHESDA,20892,MONTGOMERY,Z2JZ,REPAIR OR ALTERATION OF MISCELLANEOUS BUILDINGS,561210,FACILITIES SUPPORT SERVICES,,,,,False,False
75N99026F00003,BELT BUILT CFM GOVERNMENT SERVICES JV LLC,2026-09-23,861154.0,75N99026F00003,MD,BRINKLOW,20862,MONTGOMERY,Y1JZ,CONSTRUCTION OF MISCELLANEOUS BUILDINGS,236220,COMMERCIAL AND INSTITUTIONAL BUILDING CONSTRUCTION,,,,,False,False
75N93021F00004,"GAP SOLUTIONS, INC.",2026-09-23,-0.01,75N93021F00004,MD,ROCKVILLE,20852,MONTGOMERY,R707,SUPPORT- MANAGEMENT: CONTRACT/PROCUREMENT/ACQUISITION SUPPORT,541990,"ALL OTHER PROFESSIONAL, SCIENTIFIC, AND TECHNICAL SERVICES",,,,,False,False
75N94025F00001,"TECHNICAL RESOURCES INTERNATIONAL, INC.",2026-09-23,200659.0,75N94025F00001,MD,BETHESDA,20817,MONTGOMERY,AN11,HEALTH R&D SERVICES; HEALTH CARE SERVICES; BASIC RESEARCH,541714,RESEARCH AND DEVELOPMENT IN BIOTECHNOLOGY (EXCEPT NANOBIOTECHNOLOGY),,,,,False,False
75N93024F00001,"TECHNICAL RESOURCES INTERNATIONAL, INC.",2026-09-23,0.0,75N93024F00001,MD,ROCKVILLE,20850,MONTGOMERY,AN12,HEALTH R&D SERVICES; HEALTH CARE SERVICES; APPLIED RESEARCH,541714,RESEARCH AND DEVELOPMENT IN BIOTECHNOLOGY (EXCEPT NANOBIOTECHNOLOGY),,,,,False,False
75N98026P01817,"BIO-RAD LABORATORIES, INC.",2026-09-23,49560.0,75N98026P01817,CA,HERCULES,94547,CONTRA COSTA,6640,LABORATORY EQUIPMENT AND SUPPLIES,334516,ANALYTICAL LABORATORY INSTRUMENT MANUFACTURING,,,,,False,False
75N98026F00425,"APPLICA SOLUTIONS, INC.",2026-09-23,85104.32,75N98026F00425,VA,MANASSAS,20110,PRINCE WILLIAM,6530,"HOSPITAL FURNITURE, EQUIPMENT, UTENSILS, AND SUPPLIES",337211,WOOD OFFICE FURNITURE MANUFACTURING,,,,,False,False
75N98026P01006,"HIGHRES BIOSOLUTIONS, INC.",2026-09-23,0.0,75N98026P01006,MA,BEVERLY,01915,ESSEX,6640,LABORATORY EQUIPMENT AND SUPPLIES,339113,SURGICAL APPLIANCE AND SUPPLIES MANUFACTURING,,,,,False,False
75N95025F00014,"GAP SOLUTIONS, INC.",2026-09-23,13923.84,75N95025F00014,MD,BETHESDA,20892,MONTGOMERY,R499,SUPPORT- PROFESSIONAL: OTHER,541690,OTHER SCIENTIFIC AND TECHNICAL CONSULTING SERVICES,,,,,False,False
75N91024F00017,"KILIUDA CONSULTING, LLC",2026-09-23,-5264.0,75N91024F00017,MD,BETHESDA,20892,MONTGOMERY,R499,SUPPORT- PROFESSIONAL: OTHER,541611,ADMINISTRATIVE MANAGEMENT AND GENERAL MANAGEMENT CONSULTING SERVICES,,,,,False,False
75N95026F00058,"GAP SOLUTIONS, INC.",2026-09-23,1045275.84,75N95026F00058,VA,HERNDON,20170,FAIRFAX,R499,SUPPORT- PROFESSIONAL: OTHER,541690,OTHER SCIENTIFIC AND TECHNICAL CONSULTING SERVICES,,,,,False,False
75N98026F00011,"PANAMERICA COMPUTERS, INC.",2026-09-23,101554.2,75N98026F00011,VA,LURAY,22835,PAGE,7B20,IT AND TELECOM - HIGH PERFORMANCE COMPUTE (HARDWARE AND PERPETUAL LICENSE SOFTWARE),541519,OTHER COMPUTER RELATED SERVICES,,,,,False,False
75N98024P01710,"CESC TRS, L.L.C",2026-09-23,-5859.86,75N98024P01710,MD,BETHESDA,20814,MONTGOMERY,X1LZ,LEASE/RENTAL OF PARKING FACILITIES,812930,PARKING LOTS AND GARAGES,,,,,False,False
75N98024C00003,EX LIBRIS USA INC,2026-09-23,0.0,75N98024C00003,IL,DES PLAINES,60018,COOK,7630,NEWSPAPERS AND PERIODICALS,513120,PERIODICAL PUBLISHERS,,,,,False,False
75N98026P01814,STEMCELL TECHNOLOGIES INC,2026-09-23,99969.58,75N98026P01814,VA,CENTREVILLE,20120,FAIRFAX,6515,"MEDICAL AND SURGICAL INSTRUMENTS, EQUIPMENT, AND SUPPLIES",334516,ANALYTICAL LABORATORY INSTRUMENT MANUFACTURING,,,,,False,False
75N99026F00002,"CYTRIC, LLC",2026-09-23,145340.0,75N99026F00002,MD,BRINKLOW,20862,MONTGOMERY,Z2JZ,REPAIR OR ALTERATION OF MISCELLANEOUS BUILDINGS,561210,FACILITIES SUPPORT SERVICES,,,,,False,False
75N98026F00001,BOOZ ALLEN HAMILTON INC,2026-09-23,0.0,75N98026F00001,VA,MCLEAN,22102,FAIRFAX,R499,SUPPORT- PROFESSIONAL: OTHER,541990,"ALL OTHER PROFESSIONAL, SCIENTIFIC, AND TECHNICAL SERVICES",,,,,False,False
75N90026P00023,"QIAGEN, LLC",2026-09-23,-21210.0,75N90026P00023,MD,GERMANTOWN,20874,MONTGOMERY,V119,TRANSPORTATION/TRAVEL/RELOCATION- TRANSPORTATION: OTHER,334516,ANALYTICAL LABORATORY INSTRUMENT MANUFACTURING,,,,,False,False
75N98026P01776,"METTLER-TOLEDO RAININ, LLC",2026-09-22,19785.66,75N98026P01776,CA,OAKLAND,94621,ALAMEDA,6640,LABORATORY EQUIPMENT AND SUPPLIES,334516,ANALYTICAL LABORATORY INSTRUMENT MANUFACTURING,,,,,False,False
75N99026F00002,"AFFILIATED ENGINEERS METRO DC, INC.",2026-09-22,1839501.0,75N99026F00002,MD,BETHESDA,20892,MONTGOMERY,C219,ARCHITECT AND ENGINEERING- GENERAL: OTHER,541330,ENGINEERING SERVICES,,,,,False,False
75N98026P01815,"WICELL RESEARCH INSTITUTE, INC",2026-09-22,49115.0,75N98026P01815,WI,MADISON,53719,DANE,Q301,REFERENCE LABORATORY TESTING,541990,"ALL OTHER PROFESSIONAL, SCIENTIFIC, AND TECHNICAL SERVICES",,,,,False,False
HHSN273201700005C,BATTELLE MEMORIAL INSTITUTE,2026-09-22,-1654687.82,HHSN273201700005C,OH,COLUMBUS,43201,FRANKLIN,AZ11,R&D- OTHER RESEARCH AND DEVELOPMENT (BASIC RESEARCH),541712,"RESEARCH AND DEVELOPMENT IN THE PHYSICAL, ENGINEERING, AND LIFE SCIENCES (EXCEPT BIOTECHNOLOGY)",,,,,False,False
75N98026P01506,"BK MEDICAL HOLDING COMPANY, INC.",2026-09-22,0.0,75N98026P01506,MA,BURLINGTON,01803,MIDDLESEX,6515,"MEDICAL AND SURGICAL INSTRUMENTS, EQUIPMENT, AND SUPPLIES",339112,SURGICAL AND MEDICAL INSTRUMENT MANUFACTURING,,,,,False,False
75N91021F00001,BOOZ ALLEN HAMILTON INC,2026-09-22,-45309.01,75N91021F00001,VA,MCLEAN,22102,FAIRFAX,B529,SPECIAL STUDIES/ANALYSIS- SCIENTIFIC DATA,541511,CUSTOM COMPUTER PROGRAMMING SERVICES,,,,,False,False
75N98026P01802,"IMMUDEX USA, LLC",2026-09-22,52486.35,75N98026P01802,MD,BALTIMORE,21224,BALTIMORE CITY,6640,LABORATORY EQUIPMENT AND SUPPLIES,334516,ANALYTICAL LABORATORY INSTRUMENT MANUFACTURING,,,,,False,False
75N98026F00001,AMERICAN PEST MANAGEMENT INC,2026-09-22,1584000.0,75N98026F00001,MD,FULTON,20759,HOWARD,S207,HOUSEKEEPING- INSECT/RODENT CONTROL,561710,EXTERMINATING AND PEST CONTROL SERVICES,,,,,False,False
75N93024P01210,BAYLOR MIRACA GENETICS LABORATORIES LLC,2026-09-22,735000.0,75N93024P01210,TX,HOUSTON,77021,HARRIS,Q301,REFERENCE LABORATORY TESTING,541380,TESTING LABORATORIES AND SERVICES,,,,,False,False
75N99026F00005,CHAPPELLE MECHANICAL SERVICES LLC,2026-09-22,39490.0,75N99026F00005,MD,BETHESDA,20892,MONTGOMERY,Y1JZ,CONSTRUCTION OF MISCELLANEOUS BUILDINGS,236220,COMMERCIAL AND INSTITUTIONAL BUILDING CONSTRUCTION,,,,,False,False
75N98024F00001,CAMEO CONSULTING GROUP LLC,2026-09-22,297942.4,75N98024F00001,MD,FREDERICK,21704,FREDERICK,R699,SUPPORT- ADMINISTRATIVE: OTHER,541611,ADMINISTRATIVE MANAGEMENT AND GENERAL MANAGEMENT CONSULTING SERVICES,,,,,False,False
HHSN276201700005A,EMERGENCY CARE RESEARCH INSTITUTE,2026-09-22,-8550.58,HHSN276201700005A,PA,PLYMOUTH MEETING,19462,MONTGOMERY,T003,PHOTO/MAP/PRINT/PUBLICATION- CATALOGING,519190,ALL OTHER INFORMATION SERVICES,,,,,False,False
75N98026F00001,RESEARCH TRIANGLE INSTITUTE,2026-09-22,531049.48,75N98026F00001,MD,BETHESDA,20892,MONTGOMERY,R499,SUPPORT- PROFESSIONAL: OTHER,541611,ADMINISTRATIVE MANAGEMENT AND GENERAL MANAGEMENT CONSULTING SERVICES,,,,,False,False
75N98026P01759,MANAGE INCORPORATED,2026-09-22,48109.92,75N98026P01759,MD,BETHESDA,20892,MONTGOMERY,DB02,"IT AND TELECOM - COMPUTE SUPPORT SERVICES, NON-HPC (LABOR)",513210,SOFTWARE PUBLISHERS,,,,,False,False
75N91021F00001,RESEARCH INSTITUTE AT NATIONWIDE CHILDREN'S HOSPITAL,2026-09-22,-135329.0,75N91021F00001,OH,COLUMBUS,43205,FRANKLIN,Q301,REFERENCE LABORATORY TESTING,541380,TESTING LABORATORIES AND SERVICES,,,,,False,False
75N90024F00071,QUEST DIAGNOSTICS INCORPORATED,2026-09-22,4000.0,75N90024F00071,MD,BETHESDA,20892,MONTGOMERY,Q301,REFERENCE LABORATORY TESTING,621511,MEDICAL LABORATORIES,,,,,False,False
75N98024F00002,CAMEO CONSULTING GROUP LLC,2026-09-22,114454.08,75N98024F00002,MD,FREDERICK,21704,FREDERICK,R699,SUPPORT- ADMINISTRATIVE: OTHER,541611,ADMINISTRATIVE MANAGEMENT AND GENERAL MANAGEMENT CONSULTING SERVICES,,,,,False,False
75N95020F00001,FORS MARSH GROUP LLC,2026-09-22,-25848.85,75N95020F00001,VA,ARLINGTON,22201,ARLINGTON,R701,SUPPORT- MANAGEMENT: ADVERTISING,511199,ALL OTHER PUBLISHERS,,,,,False,False
75N98026P01808,"10X GENOMICS, INC.",2026-09-22,249990.44,75N98026P01808,CA,PLEASANTON,94588,ALAMEDA,6640,LABORATORY EQUIPMENT AND SUPPLIES,541714,RESEARCH AND DEVELOPMENT IN BIOTECHNOLOGY (EXCEPT NANOBIOTECHNOLOGY),,,,,False,False
75N99026F00008,"ET&T JV, LLC",2026-09-22,1346339.0,75N99026F00008,MD,BETHESDA,20892,MONTGOMERY,Y1JZ,CONSTRUCTION OF MISCELLANEOUS BUILDINGS,236220,COMMERCIAL AND INSTITUTIONAL BUILDING CONSTRUCTION,,,,,False,False
75N98026P01790,"SIEMENS MEDICAL SOLUTIONS USA, INC.",2026-09-22,170983.78,75N98026P01790,PA,MALVERN,19355,CHESTER,J066,MAINT/REPAIR/REBUILD OF EQUIPMENT- INSTRUMENTS AND LABORATORY EQUIPMENT,811210,ELECTRONIC AND PRECISION EQUIPMENT REPAIR AND MAINTENANCE,,,,,False,False
75N91019F00129,MRIGLOBAL,2026-09-22,-118787.08,75N91019F00129,MO,KANSAS CITY,64110,JACKSON,Q301,REFERENCE LABORATORY TESTING,541690,OTHER SCIENTIFIC AND TECHNICAL CONSULTING SERVICES,,,,,False,False
75N98026P01727,INGENIOUS TARGETING LABORATORY INC.,2026-09-22,22995.0,75N98026P01727,NY,HOLBROOK,11741,SUFFOLK,6505,DRUGS AND BIOLOGICALS,541714,RESEARCH AND DEVELOPMENT IN BIOTECHNOLOGY (EXCEPT NANOBIOTECHNOLOGY),,,,,False,False
75N98026P01801,"ALPHA OMEGA CO. USA, INC.",2026-09-22,25000.0,75N98026P01801,GA,NORCROSS,30071,GWINNETT,J066,MAINT/REPAIR/REBUILD OF EQUIPMENT- INSTRUMENTS AND LABORATORY EQUIPMENT,334510,ELECTROMEDICAL AND ELECTROTHERAPEUTIC APPARATUS MANUFACTURING,,,,,False,False
75N98026F00423,LABREPCO LLC,2026-09-22,105680.2,75N98026F00423,PA,HORSHAM,19044,MONTGOMERY,6640,LABORATORY EQUIPMENT AND SUPPLIES,333415,AIR-CONDITIONING AND WARM AIR HEATING EQUIPMENT AND COMMERCIAL AND INDUSTRIAL REFRIGERATION EQUIPMENT MANUFACTURING,,,,,False,False
75N98026F00422,LABREPCO LLC,2026-09-22,21865.76,75N98026F00422,PA,HORSHAM,19044,MONTGOMERY,6640,LABORATORY EQUIPMENT AND SUPPLIES,333415,AIR-CONDITIONING AND WARM AIR HEATING EQUIPMENT AND COMMERCIAL AND INDUSTRIAL REFRIGERATION EQUIPMENT MANUFACTURING,,,,,False,False
75N93021F00016,"MEDICAL SCIENCE & COMPUTING, LLC",2026-09-22,-39378.24,75N93021F00016,MD,ROCKVILLE,20852,MONTGOMERY,R707,SUPPORT- MANAGEMENT: CONTRACT/PROCUREMENT/ACQUISITION SUPPORT,541990,"ALL OTHER PROFESSIONAL, SCIENTIFIC, AND TECHNICAL SERVICES",,,,,False,False
75N93021F00050,"MEDICAL SCIENCE & COMPUTING, LLC",2026-09-22,-10889.35,75N93021F00050,MD,ROCKVILLE,20852,MONTGOMERY,R707,SUPPORT- MANAGEMENT: CONTRACT/PROCUREMENT/ACQUISITION SUPPORT,541990,"ALL OTHER PROFESSIONAL, SCIENTIFIC, AND TECHNICAL SERVICES",,,,,False,False
75N93021F00024,"MEDICAL SCIENCE & COMPUTING, LLC",2026-09-22,-5018.09,75N93021F00024,MD,BETHESDA,20814,MONTGOMERY,R707,SUPPORT- MANAGEMENT: CONTRACT/PROCUREMENT/ACQUISITION SUPPORT,541990,"ALL OTHER PROFESSIONAL, SCIENTIFIC, AND TECHNICAL SERVICES",,,,,False,False
75N93021F00060,"MEDICAL SCIENCE & COMPUTING, LLC",2026-09-22,-7129.35,75N93021F00060,MD,BETHESDA,20814,MONTGOMERY,R707,SUPPORT- MANAGEMENT: CONTRACT/PROCUREMENT/ACQUISITION SUPPORT,541990,"ALL OTHER PROFESSIONAL, SCIENTIFIC, AND TECHNICAL SERVICES",,,,,False,False
75N93021F00044,"MEDICAL SCIENCE & COMPUTING, LLC",2026-09-22,-31963.51,75N93021F00044,MD,BETHESDA,20814,MONTGOMERY,R707,SUPPORT- MANAGEMENT: CONTRACT/PROCUREMENT/ACQUISITION SUPPORT,541990,"ALL OTHER PROFESSIONAL, SCIENTIFIC, AND TECHNICAL SERVICES",,,,,False,False
75N98026P01787,"ADVANCED AIR AMBULANCE, CORP.",2026-09-22,85000.0,75N98026P01787,MD,BETHESDA,20892,MONTGOMERY,V228,TRANSPORTATION/TRAVEL/RELOCATION- TRAVEL/LODGING/RECRUITMENT: PORT OPERATIONS,621910,AMBULANCE SERVICES,,,,,False,False
75N93021F00030,"MEDICAL SCIENCE & COMPUTING, LLC",2026-09-22,-197.7,75N93021F00030,MD,BETHESDA,20814,MONTGOMERY,R707,SUPPORT- MANAGEMENT: CONTRACT/PROCUREMENT/ACQUISITION SUPPORT,541990,"ALL OTHER PROFESSIONAL, SCIENTIFIC, AND TECHNICAL SERVICES",,,,,False,False
75N93021F00063,"MEDICAL SCIENCE & COMPUTING, LLC",2026-09-22,-6093.41,75N93021F00063,MD,ROCKVILLE,20852,MONTGOMERY,R707,SUPPORT- MANAGEMENT: CONTRACT/PROCUREMENT/ACQUISITION SUPPORT,541990,"ALL OTHER PROFESSIONAL, SCIENTIFIC, AND TECHNICAL SERVICES",,,,,False,False
75N93021F00018,"MEDICAL SCIENCE & COMPUTING, LLC",2026-09-22,-1586.4,75N93021F00018,MD,ROCKVILLE,20852,MONTGOMERY,R707,SUPPORT- MANAGEMENT: CONTRACT/PROCUREMENT/ACQUISITION SUPPORT,541990,"ALL OTHER PROFESSIONAL, SCIENTIFIC, AND TECHNICAL SERVICES",,,,,False,False
75N98026P01797,"CARL ZEISS MICROSCOPY, LLC",2026-09-22,641905.61,75N98026P01797,NY,WHITE PLAINS,10601,WESTCHESTER,6640,LABORATORY EQUIPMENT AND SUPPLIES,334516,ANALYTICAL LABORATORY INSTRUMENT MANUFACTURING,,,,,False,False
75N93019F00154,"MEDICAL SCIENCE & COMPUTING, LLC",2026-09-22,-7965.34,75N93019F00154,MD,GERMANTOWN,20874,MONTGOMERY,R499,SUPPORT- PROFESSIONAL: OTHER,541990,"ALL OTHER PROFESSIONAL, SCIENTIFIC, AND TECHNICAL SERVICES",,,,,False,False
75N93021F00025,"MEDICAL SCIENCE & COMPUTING, LLC",2026-09-22,-18899.89,75N93021F00025,MD,ROCKVILLE,20852,MONTGOMERY,R707,SUPPORT- MANAGEMENT: CONTRACT/PROCUREMENT/ACQUISITION SUPPORT,541990,"ALL OTHER PROFESSIONAL, SCIENTIFIC, AND TECHNICAL SERVICES",,,,,False,False
75N93020F00003,"MEDICAL SCIENCE & COMPUTING, LLC",2026-09-22,-148052.51,75N93020F00003,MD,BETHESDA,20892,MONTGOMERY,R707,SUPPORT- MANAGEMENT: CONTRACT/PROCUREMENT/ACQUISITION SUPPORT,541990,"ALL OTHER PROFESSIONAL, SCIENTIFIC, AND TECHNICAL SERVICES",,,,,False,False
75N93021F00039,"MEDICAL SCIENCE & COMPUTING, LLC",2026-09-22,-661.78,75N93021F00039,MD,BETHESDA,20814,MONTGOMERY,R707,SUPPORT- MANAGEMENT: CONTRACT/PROCUREMENT/ACQUISITION SUPPORT,541990,"ALL OTHER PROFESSIONAL, SCIENTIFIC, AND TECHNICAL SERVICES",,,,,False,False
75N93021F00035,"MEDICAL SCIENCE & COMPUTING, LLC",2026-09-22,-49040.63,75N93021F00035,MD,BETHESDA,20814,MONTGOMERY,R707,SUPPORT- MANAGEMENT: CONTRACT/PROCUREMENT/ACQUISITION SUPPORT,541990,"ALL OTHER PROFESSIONAL, SCIENTIFIC, AND TECHNICAL SERVICES",,,,,False,False
75N93021F00056,"MEDICAL SCIENCE & COMPUTING, LLC",2026-09-22,-2831.28,75N93021F00056,MD,BETHESDA,20814,MONTGOMERY,R707,SUPPORT- MANAGEMENT: CONTRACT/PROCUREMENT/ACQUISITION SUPPORT,541990,"ALL OTHER PROFESSIONAL, SCIENTIFIC, AND TECHNICAL SERVICES",,,,,False,False
75N93021F00036,"MEDICAL SCIENCE & COMPUTING, LLC",2026-09-22,-540.0,75N93021F00036,MD,BETHESDA,20814,MONTGOMERY,R707,SUPPORT- MANAGEMENT: CONTRACT/PROCUREMENT/ACQUISITION SUPPORT,541990,"ALL OTHER PROFESSIONAL, SCIENTIFIC, AND TECHNICAL SERVICES",,,,,False,False
75N93021F00009,"MEDICAL SCIENCE & COMPUTING, LLC",2026-09-22,-5561.48,75N93021F00009,MD,BETHESDA,20814,MONTGOMERY,R707,SUPPORT- MANAGEMENT: CONTRACT/PROCUREMENT/ACQUISITION SUPPORT,541990,"ALL OTHER PROFESSIONAL, SCIENTIFIC, AND TECHNICAL SERVICES",,,,,False,False
75N98026P01783,LEICA MICROSYSTEMS INC.,2026-09-22,15897.0,75N98026P01783,IL,DEERFIELD,60015,LAKE,6640,LABORATORY EQUIPMENT AND SUPPLIES,333310,COMMERCIAL AND SERVICE INDUSTRY MACHINERY MANUFACTURING,,,,,False,False
75N98026P01672,LEICA MICROSYSTEMS INC.,2026-09-22,6102.28,75N98026P01672,MD,BETHESDA,20892,MONTGOMERY,J066,MAINT/REPAIR/REBUILD OF EQUIPMENT- INSTRUMENTS AND LABORATORY EQUIPMENT,811210,ELECTRONIC AND PRECISION EQUIPMENT REPAIR AND MAINTENANCE,,,,,False,False
75N93021F00014,"MEDICAL SCIENCE & COMPUTING, LLC",2026-09-22,-3606.79,75N93021F00014,MD,BETHESDA,20814,MONTGOMERY,R707,SUPPORT- MANAGEMENT: CONTRACT/PROCUREMENT/ACQUISITION SUPPORT,541990,"ALL OTHER PROFESSIONAL, SCIENTIFIC, AND TECHNICAL SERVICES",,,,,False,False
75N93021F00047,"MEDICAL SCIENCE & COMPUTING, LLC",2026-09-22,-998.08,75N93021F00047,MD,BETHESDA,20814,MONTGOMERY,R707,SUPPORT- MANAGEMENT: CONTRACT/PROCUREMENT/ACQUISITION SUPPORT,541990,"ALL OTHER PROFESSIONAL, SCIENTIFIC, AND TECHNICAL SERVICES",,,,,False,False
75N93021F00051,"MEDICAL SCIENCE & COMPUTING, LLC",2026-09-22,-3890.58,75N93021F00051,MD,BETHESDA,20814,MONTGOMERY,R707,SUPPORT- MANAGEMENT: CONTRACT/PROCUREMENT/ACQUISITION SUPPORT,541990,"ALL OTHER PROFESSIONAL, SCIENTIFIC, AND TECHNICAL SERVICES",,,,,False,False
75N93021F00015,"MEDICAL SCIENCE & COMPUTING, LLC",2026-09-22,-125.08,75N93021F00015,MD,BETHESDA,20814,MONTGOMERY,R707,SUPPORT- MANAGEMENT: CONTRACT/PROCUREMENT/ACQUISITION SUPPORT,541990,"ALL OTHER PROFESSIONAL, SCIENTIFIC, AND TECHNICAL SERVICES",,,,,False,False
75N98026P01739,VISION RT INC,2026-09-22,92946.0,75N98026P01739,NJ,SOMERSET,08873,SOMERSET,J066,MAINT/REPAIR/REBUILD OF EQUIPMENT- INSTRUMENTS AND LABORATORY EQUIPMENT,811210,ELECTRONIC AND PRECISION EQUIPMENT REPAIR AND MAINTENANCE,,,,,False,False
75N93021F00040,"MEDICAL SCIENCE & COMPUTING, LLC",2026-09-22,-35330.23,75N93021F00040,MD,ROCKVILLE,20852,MONTGOMERY,R707,SUPPORT- MANAGEMENT: CONTRACT/PROCUREMENT/ACQUISITION SUPPORT,541990,"ALL OTHER PROFESSIONAL, SCIENTIFIC, AND TECHNICAL SERVICES",,,,,False,False
75N93021F00062,"MEDICAL SCIENCE & COMPUTING, LLC",2026-09-22,-14350.84,75N93021F00062,MD,ROCKVILLE,20852,MONTGOMERY,R707,SUPPORT- MANAGEMENT: CONTRACT/PROCUREMENT/ACQUISITION SUPPORT,541990,"ALL OTHER PROFESSIONAL, SCIENTIFIC, AND TECHNICAL SERVICES",,,,,False,False
75N93021F00065,"MEDICAL SCIENCE & COMPUTING, LLC",2026-09-22,-24773.51,75N93021F00065,MD,ROCKVILLE,20852,MONTGOMERY,R707,SUPPORT- MANAGEMENT: CONTRACT/PROCUREMENT/ACQUISITION SUPPORT,541990,"ALL OTHER PROFESSIONAL, SCIENTIFIC, AND TECHNICAL SERVICES",,,,,False,False
75N93021F00012,"MEDICAL SCIENCE & COMPUTING, LLC",2026-09-22,-8560.0,75N93021F00012,MD,BETHESDA,20814,MONTGOMERY,R707,SUPPORT- MANAGEMENT: CONTRACT/PROCUREMENT/ACQUISITION SUPPORT,541990,"ALL OTHER PROFESSIONAL, SCIENTIFIC, AND TECHNICAL SERVICES",,,,,False,False
75N93021F00055,"MEDICAL SCIENCE & COMPUTING, LLC",2026-09-22,-956.33,75N93021F00055,MD,ROCKVILLE,20852,MONTGOMERY,R707,SUPPORT- MANAGEMENT: CONTRACT/PROCUREMENT/ACQUISITION SUPPORT,541990,"ALL OTHER PROFESSIONAL, SCIENTIFIC, AND TECHNICAL SERVICES",,,,,False,False
75N98026F00001,PROGENICS PHARMACEUTICALS INC,2026-09-22,93000.0,75N98026F00001,MA,BEDFORD,01730,MIDDLESEX,6505,DRUGS AND BIOLOGICALS,325412,PHARMACEUTICAL PREPARATION MANUFACTURING,,,,,False,False
75N93021F00026,"MEDICAL SCIENCE & COMPUTING, LLC",2026-09-22,-8406.07,75N93021F00026,MD,BETHESDA,20814,MONTGOMERY,R707,SUPPORT- MANAGEMENT: CONTRACT/PROCUREMENT/ACQUISITION SUPPORT,541990,"ALL OTHER PROFESSIONAL, SCIENTIFIC, AND TECHNICAL SERVICES",,,,,False,False
75N95021F00030,"KELLY SERVICES, INC.",2026-09-22,-21577.68,75N95021F00030,MD,BETHESDA,20892,MONTGOMERY,R408,SUPPORT- PROFESSIONAL: PROGRAM MANAGEMENT/SUPPORT,541690,OTHER SCIENTIFIC AND TECHNICAL CONSULTING SERVICES,,,,,False,False
75N95021F00028,"KELLY SERVICES, INC.",2026-09-22,-24104.88,75N95021F00028,MD,BETHESDA,20892,MONTGOMERY,R408,SUPPORT- PROFESSIONAL: PROGRAM MANAGEMENT/SUPPORT,541690,OTHER SCIENTIFIC AND TECHNICAL CONSULTING SERVICES,,,,,False,False
75N99026C00015,"PER-GEESH RITZ JV, LLC",2026-09-22,939667.0,75N99026C00015,MD,BETHESDA,20892,MONTGOMERY,Z2JZ,REPAIR OR ALTERATION OF MISCELLANEOUS BUILDINGS,236220,COMMERCIAL AND INSTITUTIONAL BUILDING CONSTRUCTION,,,,,False,False
75N95021F00002,"KELLY SERVICES, INC.",2026-09-22,-21615.49,75N95021F00002,MD,BETHESDA,20892,MONTGOMERY,R408,SUPPORT- PROFESSIONAL: PROGRAM MANAGEMENT/SUPPORT,541690,OTHER SCIENTIFIC AND TECHNICAL CONSULTING SERVICES,,,,,False,False
75N95021F00033,"KELLY SERVICES, INC.",2026-09-22,-521.75,75N95021F00033,MD,BETHESDA,20892,MONTGOMERY,R408,SUPPORT- PROFESSIONAL: PROGRAM MANAGEMENT/SUPPORT,541690,OTHER SCIENTIFIC AND TECHNICAL CONSULTING SERVICES,,,,,False,False
75N95021F00039,"KELLY SERVICES, INC.",2026-09-22,-171653.82,75N95021F00039,MD,BETHESDA,20892,MONTGOMERY,R408,SUPPORT- PROFESSIONAL: PROGRAM MANAGEMENT/SUPPORT,541690,OTHER SCIENTIFIC AND TECHNICAL CONSULTING SERVICES,,,,,False,False
75N95021F00019,"KELLY SERVICES, INC.",2026-09-22,-1443.61,75N95021F00019,MD,BETHESDA,20892,MONTGOMERY,R408,SUPPORT- PROFESSIONAL: PROGRAM MANAGEMENT/SUPPORT,541690,OTHER SCIENTIFIC AND TECHNICAL CONSULTING SERVICES,,,,,False,False
75N95021F00034,"KELLY SERVICES, INC.",2026-09-22,-63558.15,75N95021F00034,MD,BETHESDA,20892,MONTGOMERY,R408,SUPPORT- PROFESSIONAL: PROGRAM MANAGEMENT/SUPPORT,541690,OTHER SCIENTIFIC AND TECHNICAL CONSULTING SERVICES,,,,,False,False
75N95025F00004,"KELLY SERVICES, INC.",2026-09-22,9675.2,75N95025F00004,MI,TROY,48084,OAKLAND,R499,SUPPORT- PROFESSIONAL: OTHER,541690,OTHER SCIENTIFIC AND TECHNICAL CONSULTING SERVICES,,,,,False,False
75N95021F00036,"KELLY SERVICES, INC.",2026-09-22,-35615.26,75N95021F00036,MD,BETHESDA,20892,MONTGOMERY,R408,SUPPORT- PROFESSIONAL: PROGRAM MANAGEMENT/SUPPORT,541690,OTHER SCIENTIFIC AND TECHNICAL CONSULTING SERVICES,,,,,False,False
75N95019C00001,"HARBOR HOSPITAL, INC.",2026-09-22,-419713.48,75N95019C00001,MD,BROOKLYN,21225,BALTIMORE CITY,Q301,REFERENCE LABORATORY TESTING,621511,MEDICAL LABORATORIES,,,,,False,False
75N95024F00140,"KELLY SERVICES, INC.",2026-09-22,133212.0,75N95024F00140,MI,TROY,48084,OAKLAND,R499,SUPPORT- PROFESSIONAL: OTHER,541690,OTHER SCIENTIFIC AND TECHNICAL CONSULTING SERVICES,,,,,False,False
75N95024F00119,"KELLY SERVICES, INC.",2026-09-22,0.0,75N95024F00119,MI,TROY,48084,OAKLAND,R499,SUPPORT- PROFESSIONAL: OTHER,541690,OTHER SCIENTIFIC AND TECHNICAL CONSULTING SERVICES,,,,,False,False
75N95021F00002,"KELLY SERVICES, INC.",2026-09-22,-21615.49,75N95021F00002,MD,BETHESDA,20892,MONTGOMERY,R408,SUPPORT- PROFESSIONAL: PROGRAM MANAGEMENT/SUPPORT,541690,OTHER SCIENTIFIC AND TECHNICAL CONSULTING SERVICES,,,,,False,False
75N95021F00033,"KELLY SERVICES, INC.",2026-09-22,-521.75,75N95021F00033,MD,BETHESDA,20892,MONTGOMERY,R408,SUPPORT- PROFESSIONAL: PROGRAM MANAGEMENT/SUPPORT,541690,OTHER SCIENTIFIC AND TECHNICAL CONSULTING SERVICES,,,,,False,False
75N98026P01748,BRUKER BIOSPIN CORP,2026-09-22,1386784.81,75N98026P01748,MA,BILLERICA,01821,MIDDLESEX,6640,LABORATORY EQUIPMENT AND SUPPLIES,334516,ANALYTICAL LABORATORY INSTRUMENT MANUFACTURING,,,,,False,False
75N98026P01773,AGILENT TECHNOLOGIES INC,2026-09-22,33523.63,75N98026P01773,DE,WILMINGTON,19808,NEW CASTLE,6640,LABORATORY EQUIPMENT AND SUPPLIES,811210,ELECTRONIC AND PRECISION EQUIPMENT REPAIR AND MAINTENANCE,,,,,False,False
75N95025F00004,"KELLY SERVICES, INC.",2026-09-22,9675.2,75N95025F00004,MI,TROY,48084,OAKLAND,R499,SUPPORT- PROFESSIONAL: OTHER,541690,OTHER SCIENTIFIC AND TECHNICAL CONSULTING SERVICES,,,,,False,False
75N95021F00036,"KELLY SERVICES, INC.",2026-09-22,-35615.26,75N95021F00036,MD,BETHESDA,20892,MONTGOMERY,R408,SUPPORT- PROFESSIONAL: PROGRAM MANAGEMENT/SUPPORT,541690,OTHER SCIENTIFIC AND TECHNICAL CONSULTING SERVICES,,,,,False,False
75N95021F00039,"KELLY SERVICES, INC.",2026-09-22,-171653.82,75N95021F00039,MD,BETHESDA,20892,MONTGOMERY,R408,SUPPORT- PROFESSIONAL: PROGRAM MANAGEMENT/SUPPORT,541690,OTHER SCIENTIFIC AND TECHNICAL CONSULTING SERVICES,,,,,False,False
75N93021F00003,"PROFESSIONAL AND SCIENTIFIC ASSOCIATES, INC.",2026-09-22,-37961.12,75N93021F00003,VA,RESTON,20191,FAIRFAX,R706,SUPPORT- MANAGEMENT: LOGISTICS SUPPORT,541611,ADMINISTRATIVE MANAGEMENT AND GENERAL MANAGEMENT CONSULTING SERVICES,,,,,False,False
75N98026P01794,OLINK PROTEOMICS INC,2026-09-22,141900.0,75N98026P01794,MA,WALTHAM,02453,MIDDLESEX,Q301,REFERENCE LABORATORY TESTING,541380,TESTING LABORATORIES AND SERVICES,,,,,False,False
75N95021P00715,"THE BROAD INSTITUTE, INC",2026-09-22,-8200.0,75N95021P00715,MD,BETHESDA,20892,MONTGOMERY,Q301,REFERENCE LABORATORY TESTING,621511,MEDICAL LABORATORIES,,,,,False,False
75N98026F00417,FISHER SCIENTIFIC COMPANY L.L.C.,2026-09-22,59987.43,75N98026F00417,PA,PITTSBURGH,15275,ALLEGHENY,6640,LABORATORY EQUIPMENT AND SUPPLIES,339113,SURGICAL APPLIANCE AND SUPPLIES MANUFACTURING,,,,,False,False
75N98026P01781,CANON MEDICAL COMPONENTS USA INC,2026-09-22,102497.82,75N98026P01781,CA,IRVINE,92614,ORANGE,6640,LABORATORY EQUIPMENT AND SUPPLIES,334516,ANALYTICAL LABORATORY INSTRUMENT MANUFACTURING,,,,,False,False
75N99024F00001,"CONSTELLATION NEWENERGY - GAS DIVISION, LLC",2026-09-22,2000000.0,75N99024F00001,KY,LOUISVILLE,40220,JEFFERSON,S111,UTILITIES- GAS,221210,NATURAL GAS DISTRIBUTION,,,,,False,False
75N95021P00645,"JOHNSON, GRAHAM",2026-09-22,-12000.0,75N95021P00645,NH,SANBORNTON,03269,BELKNAP,R499,SUPPORT- PROFESSIONAL: OTHER,541990,"ALL OTHER PROFESSIONAL, SCIENTIFIC, AND TECHNICAL SERVICES",,,,,False,False
75N98026P01761,REES SCIENTIFIC CORPORATION,2026-09-22,20131.52,75N98026P01761,MD,BETHESDA,20892,MONTGOMERY,J066,MAINT/REPAIR/REBUILD OF EQUIPMENT- INSTRUMENTS AND LABORATORY EQUIPMENT,811210,ELECTRONIC AND PRECISION EQUIPMENT REPAIR AND MAINTENANCE,,,,,False,False
75N99026F00001,"WHITING-TURNER CONTRACTING COMPANY, THE",2026-09-22,165000.0,75N99026F00001,MD,BETHESDA,20892,MONTGOMERY,Y1JZ,CONSTRUCTION OF MISCELLANEOUS BUILDINGS,236220,COMMERCIAL AND INSTITUTIONAL BUILDING CONSTRUCTION,,,,,False,False
75N98026P01491,CN BIO INNOVATIONS LIMITED,2026-09-22,27900.0,75N98026P01491,,,,,J066,MAINT/REPAIR/REBUILD OF EQUIPMENT- INSTRUMENTS AND LABORATORY EQUIPMENT,811210,ELECTRONIC AND PRECISION EQUIPMENT REPAIR AND MAINTENANCE,,,,,False,False
75N92023C00028,TRANSMURAL SYSTEMS LLC,2026-09-22,-2017750.0,75N92023C00028,MA,ANDOVER,01810,ESSEX,AN22,HEALTH R&D SERVICES; HEALTH RESEARCH AND TRAINING; APPLIED RESEARCH,541715,"RESEARCH AND DEVELOPMENT IN THE PHYSICAL, ENGINEERING, AND LIFE SCIENCES (EXCEPT NANOTECHNOLOGY AND BIOTECHNOLOGY)",,,,,False,False
75N98026P01782,PRECISIONARY INSTRUMENTS LLC,2026-09-22,63674.42,75N98026P01782,MD,BETHESDA,20814,MONTGOMERY,6515,"MEDICAL AND SURGICAL INSTRUMENTS, EQUIPMENT, AND SUPPLIES",334516,ANALYTICAL LABORATORY INSTRUMENT MANUFACTURING,,,,,False,False
75N99022F00006,AEP ENERGY INC,2026-09-22,5350.0,75N99022F00006,MD,BETHESDA,20892,MONTGOMERY,S112,UTILITIES- ELECTRIC,221112,FOSSIL FUEL ELECTRIC POWER GENERATION,,,,,False,False
75N99026F00001,ABACUS SERVICE CORP,2026-09-22,66892.8,75N99026F00001,MD,BETHESDA,20892,MONTGOMERY,R408,SUPPORT- PROFESSIONAL: PROGRAM MANAGEMENT/SUPPORT,561320,TEMPORARY HELP SERVICES,,,,,False,False
75N99026C00038,AMVET RITZ JV LLC,2026-09-22,1040381.85,75N99026C00038,MD,BETHESDA,20892,MONTGOMERY,Y1JZ,CONSTRUCTION OF MISCELLANEOUS BUILDINGS,236220,COMMERCIAL AND INSTITUTIONAL BUILDING CONSTRUCTION,,,,,False,False
75N99025F00008,RIMA CONSTRUCTION LLC,2026-09-22,41524.0,75N99025F00008,MD,BETHESDA,20892,MONTGOMERY,Y1JZ,CONSTRUCTION OF MISCELLANEOUS BUILDINGS,236220,COMMERCIAL AND INSTITUTIONAL BUILDING CONSTRUCTION,,,,,False,False
75N95021F00001,"STAFFING ALTERNATIVES, INC.",2026-09-22,-521.22,75N95021F00001,MD,GAITHERSBURG,20878,MONTGOMERY,R699,SUPPORT- ADMINISTRATIVE: OTHER,561110,OFFICE ADMINISTRATIVE SERVICES,,,,,False,False
75N94021F00199,PROSOURCE360 CONSULTING SERVICES INC.,2026-09-22,-28871.24,75N94021F00199,MD,BETHESDA,20892,MONTGOMERY,R499,SUPPORT- PROFESSIONAL: OTHER,541512,COMPUTER SYSTEMS DESIGN SERVICES,,,,,False,False
75N92024F00002,"VERIS GROUP, LLC",2026-09-22,913698.8,75N92024F00002,VA,CHANTILLY,20153,FAIRFAX,DJ01,IT AND TELECOM - SECURITY AND COMPLIANCE SUPPORT SERVICES (LABOR),541519,OTHER COMPUTER RELATED SERVICES,,,,,False,False
75N96020F00102,"MDB, INC.",2026-09-22,-7892.33,75N96020F00102,NC,DURHAM,27709,DURHAM,R499,SUPPORT- PROFESSIONAL: OTHER,541611,ADMINISTRATIVE MANAGEMENT AND GENERAL MANAGEMENT CONSULTING SERVICES,,,,,False,False
75N98026P01714,LUMICKS USA INC,2026-09-22,183100.0,75N98026P01714,NC,MORRISVILLE,27560,WAKE,6640,LABORATORY EQUIPMENT AND SUPPLIES,334516,ANALYTICAL LABORATORY INSTRUMENT MANUFACTURING,,,,,False,False
75N99022F00003,HENSEL PHELPS CONSTRUCTION CO,2026-09-22,100000.0,75N99022F00003,MD,BETHESDA,20892,MONTGOMERY,Y1JZ,CONSTRUCTION OF MISCELLANEOUS BUILDINGS,236220,COMMERCIAL AND INSTITUTIONAL BUILDING CONSTRUCTION,,,,,False,False
75N94024F00149,ACUMEN LLC,2026-09-22,378694.0,75N94024F00149,CA,BURLINGAME,94010,SAN MATEO,R499,SUPPORT- PROFESSIONAL: OTHER,541611,ADMINISTRATIVE MANAGEMENT AND GENERAL MANAGEMENT CONSULTING SERVICES,,,,,False,False
75N99026F00002,HENSEL PHELPS CONSTRUCTION CO,2026-09-22,165000.0,75N99026F00002,MD,BETHESDA,20892,MONTGOMERY,Y1JZ,CONSTRUCTION OF MISCELLANEOUS BUILDINGS,236220,COMMERCIAL AND INSTITUTIONAL BUILDING CONSTRUCTION,,,,,False,False
75N93021F00001,JACKSON LABORATORY,2026-09-22,-1008.5,75N93021F00001,ME,BAR HARBOR,04609,HANCOCK,6640,LABORATORY EQUIPMENT AND SUPPLIES,112990,ALL OTHER ANIMAL PRODUCTION,,,,,False,False
75N92025F00001,"VERIS GROUP, LLC",2026-09-22,2101245.08,75N92025F00001,MD,BETHESDA,20817,MONTGOMERY,DJ01,IT AND TELECOM - SECURITY AND COMPLIANCE SUPPORT SERVICES (LABOR),541519,OTHER COMPUTER RELATED SERVICES,,,,,False,False
75N98026P00242,BOSTON SCIENTIFIC CORP,2026-09-22,226646.0,75N98026P00242,MA,NEWTON CENTER,02459,MIDDLESEX,6640,LABORATORY EQUIPMENT AND SUPPLIES,339112,SURGICAL AND MEDICAL INSTRUMENT MANUFACTURING,,,,,False,False
75N94021F00197,ACUMEN LLC,2026-09-22,-37130.65,75N94021F00197,CA,BURLINGAME,94010,SAN MATEO,R799,SUPPORT- MANAGEMENT: OTHER,541611,ADMINISTRATIVE MANAGEMENT AND GENERAL MANAGEMENT CONSULTING SERVICES,,,,,False,False
75N93021F00031,"AXLE INFORMATICS, LLC",2026-09-22,-3515.6,75N93021F00031,MD,ROCKVILLE,20852,MONTGOMERY,R707,SUPPORT- MANAGEMENT: CONTRACT/PROCUREMENT/ACQUISITION SUPPORT,541990,"ALL OTHER PROFESSIONAL, SCIENTIFIC, AND TECHNICAL SERVICES",,,,,False,False
75N93021F00029,"AXLE INFORMATICS, LLC",2026-09-22,-6578.08,75N93021F00029,MD,ROCKVILLE,20852,MONTGOMERY,R707,SUPPORT- MANAGEMENT: CONTRACT/PROCUREMENT/ACQUISITION SUPPORT,541990,"ALL OTHER PROFESSIONAL, SCIENTIFIC, AND TECHNICAL SERVICES",,,,,False,False
75N99026F00003,ACHUTI LLC,2026-09-22,287245.52,75N99026F00003,NC,DURHAM,27709,DURHAM,Y1JZ,CONSTRUCTION OF MISCELLANEOUS BUILDINGS,236220,COMMERCIAL AND INSTITUTIONAL BUILDING CONSTRUCTION,,,,,False,False
75N98026P01764,"ION TECHNOLOGY SUPPORT, INC.",2026-09-22,213000.0,75N98026P01764,NC,DURHAM,27709,DURHAM,J066,MAINT/REPAIR/REBUILD OF EQUIPMENT- INSTRUMENTS AND LABORATORY EQUIPMENT,811210,ELECTRONIC AND PRECISION EQUIPMENT REPAIR AND MAINTENANCE,,,,,False,False
75N93020F00006,"AXLE INFORMATICS, LLC",2026-09-22,-24715.6,75N93020F00006,MD,GERMANTOWN,20874,MONTGOMERY,R707,SUPPORT- MANAGEMENT: CONTRACT/PROCUREMENT/ACQUISITION SUPPORT,541990,"ALL OTHER PROFESSIONAL, SCIENTIFIC, AND TECHNICAL SERVICES",,,,,False,False
75N99026F00003,"RMF ENGINEERING, INC., P.C.",2026-09-22,68409.33,75N99026F00003,MD,BETHESDA,20892,MONTGOMERY,C219,ARCHITECT AND ENGINEERING- GENERAL: OTHER,541330,ENGINEERING SERVICES,,,,,False,False
75N95021F00002,"AXLE INFORMATICS, LLC",2026-09-22,-67060.0,75N95021F00002,MD,BETHESDA,20892,MONTGOMERY,R499,SUPPORT- PROFESSIONAL: OTHER,541690,OTHER SCIENTIFIC AND TECHNICAL CONSULTING SERVICES,,,,,False,False
75N98026F00375,CARAHSOFT TECHNOLOGY CORP,2026-09-22,243083.12,75N98026F00375,MD,BETHESDA,20814,MONTGOMERY,7K20,IT AND TELECOM - STORAGE PRODUCTS (HARDWARE AND PERPETUAL LICENSE SOFTWARE),511210,SOFTWARE PUBLISHERS,,,,,False,False
75N91019F00134,LEIDOS BIOMEDICAL RESEARCH INC,2026-09-22,393123.0,75N91019F00134,MD,FREDERICK,21702,FREDERICK,M1HA,OPERATION OF GOVERNMENT-OWNED CONTRACTOR-OPERATED (GOCO) R&D FACILITIES,541715,"RESEARCH AND DEVELOPMENT IN THE PHYSICAL, ENGINEERING, AND LIFE SCIENCES (EXCEPT NANOTECHNOLOGY AND BIOTECHNOLOGY)",,,,,False,False
75N93021F00001,"AXLE INFORMATICS, LLC",2026-09-22,-8070.05,75N93021F00001,MD,BETHESDA,20814,MONTGOMERY,R707,SUPPORT- MANAGEMENT: CONTRACT/PROCUREMENT/ACQUISITION SUPPORT,541990,"ALL OTHER PROFESSIONAL, SCIENTIFIC, AND TECHNICAL SERVICES",,,,,False,False
75N93021F00005,"AXLE INFORMATICS, LLC",2026-09-22,-5301.0,75N93021F00005,MD,BETHESDA,20814,MONTGOMERY,R707,SUPPORT- MANAGEMENT: CONTRACT/PROCUREMENT/ACQUISITION SUPPORT,541990,"ALL OTHER PROFESSIONAL, SCIENTIFIC, AND TECHNICAL SERVICES",,,,,False,False
75N93021F00009,"AXLE INFORMATICS, LLC",2026-09-22,-82491.41,75N93021F00009,MD,BETHESDA,20814,MONTGOMERY,R707,SUPPORT- MANAGEMENT: CONTRACT/PROCUREMENT/ACQUISITION SUPPORT,541990,"ALL OTHER PROFESSIONAL, SCIENTIFIC, AND TECHNICAL SERVICES",,,,,False,False
75N95021F00004,"AXLE INFORMATICS, LLC",2026-09-22,-398614.89,75N95021F00004,MD,BETHESDA,20892,MONTGOMERY,R499,SUPPORT- PROFESSIONAL: OTHER,541690,OTHER SCIENTIFIC AND TECHNICAL CONSULTING SERVICES,,,,,False,False
75N93021F00028,"AXLE INFORMATICS, LLC",2026-09-22,-21509.04,75N93021F00028,MD,ROCKVILLE,20852,MONTGOMERY,R707,SUPPORT- MANAGEMENT: CONTRACT/PROCUREMENT/ACQUISITION SUPPORT,541990,"ALL OTHER PROFESSIONAL, SCIENTIFIC, AND TECHNICAL SERVICES",,,,,False,False
75N93021F00016,"AXLE INFORMATICS, LLC",2026-09-22,-16101.84,75N93021F00016,MD,BETHESDA,20814,MONTGOMERY,R707,SUPPORT- MANAGEMENT: CONTRACT/PROCUREMENT/ACQUISITION SUPPORT,541990,"ALL OTHER PROFESSIONAL, SCIENTIFIC, AND TECHNICAL SERVICES",,,,,False,False
75N93021F00025,"AXLE INFORMATICS, LLC",2026-09-22,-1686.8,75N93021F00025,MD,BETHESDA,20814,MONTGOMERY,R707,SUPPORT- MANAGEMENT: CONTRACT/PROCUREMENT/ACQUISITION SUPPORT,541990,"ALL OTHER PROFESSIONAL, SCIENTIFIC, AND TECHNICAL SERVICES",,,,,False,False
75N98026P01793,"BIO-RAD LABORATORIES, INC.",2026-09-22,49988.08,75N98026P01793,CA,HERCULES,94547,CONTRA COSTA,6640,LABORATORY EQUIPMENT AND SUPPLIES,334516,ANALYTICAL LABORATORY INSTRUMENT MANUFACTURING,,,,,False,False
75N93020F00009,"AXLE INFORMATICS, LLC",2026-09-22,-4502.01,75N93020F00009,MD,GERMANTOWN,20874,MONTGOMERY,R707,SUPPORT- MANAGEMENT: CONTRACT/PROCUREMENT/ACQUISITION SUPPORT,541990,"ALL OTHER PROFESSIONAL, SCIENTIFIC, AND TECHNICAL SERVICES",,,,,False,False
75N91021F00013,LEIDOS BIOMEDICAL RESEARCH INC,2026-09-22,6416186.55,75N91021F00013,MD,FREDERICK,21702,FREDERICK,AN12,HEALTH R&D SERVICES; HEALTH CARE SERVICES; APPLIED RESEARCH,541715,"RESEARCH AND DEVELOPMENT IN THE PHYSICAL, ENGINEERING, AND LIFE SCIENCES (EXCEPT NANOTECHNOLOGY AND BIOTECHNOLOGY)",,,,,False,False
75N93021F00035,"AXLE INFORMATICS, LLC",2026-09-22,-3175.99,75N93021F00035,MD,ROCKVILLE,20852,MONTGOMERY,R707,SUPPORT- MANAGEMENT: CONTRACT/PROCUREMENT/ACQUISITION SUPPORT,541990,"ALL OTHER PROFESSIONAL, SCIENTIFIC, AND TECHNICAL SERVICES",,,,,False,False
75N98026P01474,"METABOLON, INC.",2026-09-22,41400.0,75N98026P01474,NC,MORRISVILLE,27560,DURHAM,Q301,REFERENCE LABORATORY TESTING,621511,MEDICAL LABORATORIES,,,,,False,False
75N93021F00004,"AXLE INFORMATICS, LLC",2026-09-22,-16937.0,75N93021F00004,MD,BETHESDA,20814,MONTGOMERY,R707,SUPPORT- MANAGEMENT: CONTRACT/PROCUREMENT/ACQUISITION SUPPORT,541990,"ALL OTHER PROFESSIONAL, SCIENTIFIC, AND TECHNICAL SERVICES",,,,,False,False
75N99026F00004,ACHUTI LLC,2026-09-22,268256.0,75N99026F00004,NC,DURHAM,27709,DURHAM,Y1JZ,CONSTRUCTION OF MISCELLANEOUS BUILDINGS,236220,COMMERCIAL AND INSTITUTIONAL BUILDING CONSTRUCTION,,,,,False,False
75N90022F00047,MILLBROOK SUPPORT SERVICES INC,2026-09-22,0.0,75N90022F00047,MD,BETHESDA,20892,MONTGOMERY,Q521,MEDICAL- PULMONARY,561320,TEMPORARY HELP SERVICES,,,,,False,False
75N93021F00034,"AXLE INFORMATICS, LLC",2026-09-22,-6398.59,75N93021F00034,MD,BETHESDA,20814,MONTGOMERY,R707,SUPPORT- MANAGEMENT: CONTRACT/PROCUREMENT/ACQUISITION SUPPORT,541990,"ALL OTHER PROFESSIONAL, SCIENTIFIC, AND TECHNICAL SERVICES",,,,,False,False
75N93021F00015,"AXLE INFORMATICS, LLC",2026-09-22,-14398.68,75N93021F00015,MD,BETHESDA,20814,MONTGOMERY,R707,SUPPORT- MANAGEMENT: CONTRACT/PROCUREMENT/ACQUISITION SUPPORT,541990,"ALL OTHER PROFESSIONAL, SCIENTIFIC, AND TECHNICAL SERVICES",,,,,False,False
75N92025F00002,DELOITTE CONSULTING LLP,2026-09-22,313596.8,75N92025F00002,MD,BETHESDA,20817,MONTGOMERY,DB10,IT AND TELECOM - COMPUTE AS A SERVICE: MAINFRAME/SERVERS,541611,ADMINISTRATIVE MANAGEMENT AND GENERAL MANAGEMENT CONSULTING SERVICES,,,,,False,False
75N97018F00129,HISTORY ASSOCIATES INCORPORATED,2026-09-22,-1264.32,75N97018F00129,MD,BETHESDA,20894,MONTGOMERY,R499,SUPPORT- PROFESSIONAL: OTHER,561499,ALL OTHER BUSINESS SUPPORT SERVICES,,,,,False,False
75N99026F00010,SIEMENS INDUSTRY INC,2026-09-22,40972.6,75N99026F00010,MD,BETHESDA,20892,MONTGOMERY,Z1JZ,MAINTENANCE OF MISCELLANEOUS BUILDINGS,561210,FACILITIES SUPPORT SERVICES,,,,,False,False
75N98026P01554,THERMO ELECTRON NORTH AMERICA LLC,2026-09-22,0.0,75N98026P01554,WI,FITCHBURG,53711,DANE,6640,LABORATORY EQUIPMENT AND SUPPLIES,334516,ANALYTICAL LABORATORY INSTRUMENT MANUFACTURING,,,,,False,False
75N99026F00005,SIEMENS INDUSTRY INC,2026-09-22,30000.0,75N99026F00005,MD,BETHESDA,20892,MONTGOMERY,Z1JZ,MAINTENANCE OF MISCELLANEOUS BUILDINGS,561210,FACILITIES SUPPORT SERVICES,,,,,False,False
75N93020F00001,"CAMRIS INTERNATIONAL, LLC",2026-09-22,-7616.92,75N93020F00001,MD,BETHESDA,20892,MONTGOMERY,R499,SUPPORT- PROFESSIONAL: OTHER,541990,"ALL OTHER PROFESSIONAL, SCIENTIFIC, AND TECHNICAL SERVICES",,,,,False,False
75N90022C00017,"UNIVERSITY OF MARYLAND, BALTIMORE",2026-09-22,7872598.0,75N90022C00017,MD,BALTIMORE,21201,BALTIMORE CITY,R499,SUPPORT- PROFESSIONAL: OTHER,541990,"ALL OTHER PROFESSIONAL, SCIENTIFIC, AND TECHNICAL SERVICES",,,,,False,False
75N99026F00003,LOUVIERE STRATTON & YOKEL LLC,2026-09-22,122301.76,75N99026F00003,MD,SILVER SPRING,20910,MONTGOMERY,C219,ARCHITECT AND ENGINEERING- GENERAL: OTHER,541330,ENGINEERING SERVICES,,,,,False,False
75N98026F00200,MPOWER INCORPORATED,2026-09-22,768451.21,75N98026F00200,MD,BETHESDA,20892,MONTGOMERY,R499,SUPPORT- PROFESSIONAL: OTHER,541512,COMPUTER SYSTEMS DESIGN SERVICES,,,,,False,False
75N95021F00001,"ADVANCED BIOSCIENCE LABORATORIES, INC.",2026-09-22,-149723.94,75N95021F00001,MD,ROCKVILLE,20850,MONTGOMERY,AN11,HEALTH R&D SERVICES; HEALTH CARE SERVICES; BASIC RESEARCH,325411,MEDICINAL AND BOTANICAL MANUFACTURING,,,,,False,False
75N99026F00011,SIEMENS INDUSTRY INC,2026-09-22,208924.96,,MD,,,,Z1JZ,MAINTENANCE OF MISCELLANEOUS BUILDINGS,561210,FACILITIES SUPPORT SERVICES,,,,,False,False
75N93026F00002,"ADVANCED BIOSCIENCE LABORATORIES, INC.",2026-09-22,2559631.0,75N93026F00002,MD,ROCKVILLE,20850,MONTGOMERY,AN11,HEALTH R&D SERVICES; HEALTH CARE SERVICES; BASIC RESEARCH,541715,"RESEARCH AND DEVELOPMENT IN THE PHYSICAL, ENGINEERING, AND LIFE SCIENCES (EXCEPT NANOTECHNOLOGY AND BIOTECHNOLOGY)",,,,,False,False
75N93020F00004,"GAP SOLUTIONS, INC.",2026-09-22,-43765.91,75N93020F00004,MD,ROCKVILLE,20852,MONTGOMERY,R499,SUPPORT- PROFESSIONAL: OTHER,541990,"ALL OTHER PROFESSIONAL, SCIENTIFIC, AND TECHNICAL SERVICES",,,,,False,False
75N98024F00006,"YOUR RECRUITING COMPANY, INC.",2026-09-22,1735540.8,75N98024F00006,VA,RESTON,20190,FAIRFAX,R699,SUPPORT- ADMINISTRATIVE: OTHER,541612,"HUMAN RESOURCES CONSULTING SERVICES (2007), HUMAN RESOURCES AND EXECUTIVE SEARCH CONSULTING SERVICES (2002)",,,,,False,False
75N98026P01791,"STRATASYS, INC",2026-09-22,348330.0,75N98026P01791,MN,HOPKINS,55343,HENNEPIN,6640,LABORATORY EQUIPMENT AND SUPPLIES,333248,ALL OTHER INDUSTRIAL MACHINERY MANUFACTURING,,,,,False,False
75N93020F00001,"GAP SOLUTIONS, INC.",2026-09-22,-8384.49,75N93020F00001,VA,HERNDON,20170,FAIRFAX,R499,SUPPORT- PROFESSIONAL: OTHER,541990,"ALL OTHER PROFESSIONAL, SCIENTIFIC, AND TECHNICAL SERVICES",,,,,False,False
75N99026F00002,M. A. MORTENSON COMPANY,2026-09-22,237769777.0,75N99026F00002,MD,BETHESDA,20892,MONTGOMERY,Y1JZ,CONSTRUCTION OF MISCELLANEOUS BUILDINGS,236220,COMMERCIAL AND INSTITUTIONAL BUILDING CONSTRUCTION,,,,,False,False
75N93019F00131,"GAP SOLUTIONS, INC.",2026-09-22,-12378.23,75N93019F00131,MD,ROCKVILLE,20852,MONTGOMERY,R499,SUPPORT- PROFESSIONAL: OTHER,541990,"ALL OTHER PROFESSIONAL, SCIENTIFIC, AND TECHNICAL SERVICES",,,,,False,False
75N95024F00107,"GAP SOLUTIONS, INC.",2026-09-22,397954.24,75N95024F00107,MD,BETHESDA,20892,MONTGOMERY,R499,SUPPORT- PROFESSIONAL: OTHER,541690,OTHER SCIENTIFIC AND TECHNICAL CONSULTING SERVICES,,,,,False,False
75N95021P00618,"RJM SALES, INC.",2026-09-22,-190.0,75N95021P00618,NJ,SOMERSET,08873,SOMERSET,6640,LABORATORY EQUIPMENT AND SUPPLIES,334516,ANALYTICAL LABORATORY INSTRUMENT MANUFACTURING,,,,,False,False
75N98026P01809,"BIO-RAD LABORATORIES, INC.",2026-09-22,84258.16,75N98026P01809,CA,HERCULES,94547,CONTRA COSTA,6505,DRUGS AND BIOLOGICALS,325414,BIOLOGICAL PRODUCT (EXCEPT DIAGNOSTIC) MANUFACTURING,,,,,False,False
75N99026P00040,"AEROSOL MONITORING & ANALYSIS, INC.",2026-09-22,28792.0,75N99026P00040,MD,BETHESDA,20892,MONTGOMERY,U005,EDUCATION/TRAINING- TUITION/REGISTRATION/MEMBERSHIP FEES,611430,PROFESSIONAL AND MANAGEMENT DEVELOPMENT TRAINING,,,,,False,False
75N93020F00011,"GAP SOLUTIONS, INC.",2026-09-22,-10260.64,75N93020F00011,MD,GERMANTOWN,20874,MONTGOMERY,R707,SUPPORT- MANAGEMENT: CONTRACT/PROCUREMENT/ACQUISITION SUPPORT,541990,"ALL OTHER PROFESSIONAL, SCIENTIFIC, AND TECHNICAL SERVICES",,,,,False,False
75N93026F00001,UNIVERSITY OF TEXAS MEDICAL BRANCH AT GALVESTON,2026-09-22,844795.0,75N93026F00001,TX,GALVESTON,77555,GALVESTON,AN11,HEALTH R&D SERVICES; HEALTH CARE SERVICES; BASIC RESEARCH,541714,RESEARCH AND DEVELOPMENT IN BIOTECHNOLOGY (EXCEPT NANOBIOTECHNOLOGY),,,,,False,False
75N98026F00001,MALBAIE SOLUTIONS INC.,2026-09-22,200993.68,75N98026F00001,MD,BETHESDA,20816,MONTGOMERY,DA01,IT AND TELECOM - BUSINESS APPLICATION/APPLICATION DEVELOPMENT SUPPORT SERVICES (LABOR),541512,COMPUTER SYSTEMS DESIGN SERVICES,,,,,False,False
HHSN273201400017C,"BURLESON RESEARCH TECHNOLOGIES, INC.",2026-09-22,-9534.44,HHSN273201400017C,NC,MORRISVILLE,27560,WAKE,AZ11,R&D- OTHER RESEARCH AND DEVELOPMENT (BASIC RESEARCH),541712,"RESEARCH AND DEVELOPMENT IN THE PHYSICAL, ENGINEERING, AND LIFE SCIENCES (EXCEPT BIOTECHNOLOGY)",,,,,False,False
75N92025F00001,IRON VINE SECURITY LLC,2026-09-22,1657317.0,75N92025F00001,MD,BETHESDA,20817,MONTGOMERY,DJ01,IT AND TELECOM - SECURITY AND COMPLIANCE SUPPORT SERVICES (LABOR),541519,OTHER COMPUTER RELATED SERVICES,,,,,False,False
75N94021F00001,BOOZ ALLEN HAMILTON INC,2026-09-22,19800.0,75N94021F00001,VA,MCLEAN,22102,FAIRFAX,AN11,HEALTH R&D SERVICES; HEALTH CARE SERVICES; BASIC RESEARCH,541714,RESEARCH AND DEVELOPMENT IN BIOTECHNOLOGY (EXCEPT NANOBIOTECHNOLOGY),,,,,False,False
75N95021C00012,CONSIGLIO NAZIONALE DELLE RICERCHE - ISTITUTO DI RICERCA GENETICA E BIOMEDICA,2026-09-22,-5081346.51,75N95021C00012,,,,,AN11,HEALTH R&D SERVICES; HEALTH CARE SERVICES; BASIC RESEARCH,541714,RESEARCH AND DEVELOPMENT IN BIOTECHNOLOGY (EXCEPT NANOBIOTECHNOLOGY),,,,,False,False
75N97020F00001,"NTT DATA FEDHEALTH, INC.",2026-09-22,-1996.19,75N97020F00001,MD,BETHESDA,20817,MONTGOMERY,R415,SUPPORT- PROFESSIONAL: TECHNOLOGY SHARING/UTILIZATION,541519,OTHER COMPUTER RELATED SERVICES,,,,,False,False
75N93026C00003,EMINENT SERVICES CORP,2026-09-22,173879.0,75N93026C00003,MD,FREDERICK,21703,FREDERICK,AN12,HEALTH R&D SERVICES; HEALTH CARE SERVICES; APPLIED RESEARCH,541715,"RESEARCH AND DEVELOPMENT IN THE PHYSICAL, ENGINEERING, AND LIFE SCIENCES (EXCEPT NANOTECHNOLOGY AND BIOTECHNOLOGY)",,,,,False,False
75N98026P01762,"QIAGEN, LLC",2026-09-22,17558.82,75N98026P01762,MD,GERMANTOWN,20874,MONTGOMERY,6640,LABORATORY EQUIPMENT AND SUPPLIES,339112,SURGICAL AND MEDICAL INSTRUMENT MANUFACTURING,,,,,False,False
75N98026P01164,UNIVERSITY OF MARYLAND MEDICAL SYSTEM CORPORATION,2026-09-22,55766.0,75N98026P01164,MD,BALTIMORE,21201,BALTIMORE CITY,R499,SUPPORT- PROFESSIONAL: OTHER,541618,OTHER MANAGEMENT CONSULTING SERVICES,,,,,False,False
75N98026F00010,BOOZ ALLEN HAMILTON INC,2026-09-22,678982.57,75N98026F00010,MD,BETHESDA,20817,MONTGOMERY,R499,SUPPORT- PROFESSIONAL: OTHER,541511,CUSTOM COMPUTER PROGRAMMING SERVICES,,,,,False,False
75N99026F00001,"NEW AGE DEVELOPMENT GROUP, LLC",2026-09-22,372099.35,75N99026F00001,MD,BETHESDA,20892,MONTGOMERY,Y1JZ,CONSTRUCTION OF MISCELLANEOUS BUILDINGS,236220,COMMERCIAL AND INSTITUTIONAL BUILDING CONSTRUCTION,,,,,False,False
75N94A26F10001,"EN-NET SERVICES, L.L.C.",2026-09-22,57031.91,75N94A26F10001,MD,FREDERICK,21701,FREDERICK,7B21,IT AND TELECOM - COMPUTE: MAINFRAME (HARDWARE AND PERPETUAL LICENSE SOFTWARE),541519,OTHER COMPUTER RELATED SERVICES,,,,,False,False
75N98026F00017,GUIDEHOUSE DIGITAL LLC,2026-09-21,231529.6,75N98026F00017,VA,MCLEAN,22102,FAIRFAX,R499,SUPPORT- PROFESSIONAL: OTHER,541690,OTHER SCIENTIFIC AND TECHNICAL CONSULTING SERVICES,,,,,False,False
75N98023P02461,UNIVERSITY OF WISCONSIN SYSTEM,2026-09-21,0.0,75N98023P02461,WI,MADISON,53706,DANE,8820,"LIVE ANIMALS, NOT RAISED FOR FOOD",112990,ALL OTHER ANIMAL PRODUCTION,,,,,False,False
75N95025F00032,GUIDEHOUSE DIGITAL LLC,2026-09-21,78634.32,75N95025F00032,MD,BETHESDA,20892,MONTGOMERY,R499,SUPPORT- PROFESSIONAL: OTHER,541690,OTHER SCIENTIFIC AND TECHNICAL CONSULTING SERVICES,,,,,False,False
75N95024F00001,"SYNERGY GROUP JV, LLC",2026-09-21,0.0,75N95024F00001,MD,ROCKVILLE,20850,MONTGOMERY,7E20,"IT AND TELECOM - END USER: HELP DESK;TIER 1-2,WORKSPACE,PRINT,OUTPUT,PRODUCTIVITY TOOLS (HW/PERP SW)",541519,OTHER COMPUTER RELATED SERVICES,,,,,False,False
75N98026P01701,RESONETICS LLC,2026-09-21,275000.0,75N98026P01701,MD,BETHESDA,20814,MONTGOMERY,Q301,REFERENCE LABORATORY TESTING,541714,RESEARCH AND DEVELOPMENT IN BIOTECHNOLOGY (EXCEPT NANOBIOTECHNOLOGY),,,,,False,False
75N99025C00067,"ISLAS GENERAL CLEANING SERVICES, INC.",2026-09-21,3843.81,75N99025C00067,MD,BETHESDA,20892,MONTGOMERY,Y1JZ,CONSTRUCTION OF MISCELLANEOUS BUILDINGS,236220,COMMERCIAL AND INSTITUTIONAL BUILDING CONSTRUCTION,,,,,False,False
75N98026P01788,SIMSTATION INC,2026-09-21,30385.0,75N98026P01788,TX,CARROLLTON,75006,DALLAS,5836,VIDEO RECORDING AND REPRODUCING EQUIPMENT,334310,AUDIO AND VIDEO EQUIPMENT MANUFACTURING,,,,,False,False
75N98026P01707,CLEARYA INC,2026-09-21,195000.0,75N98026P01707,NY,GOSHEN,10924,ORANGE,B504,SPECIAL STUDIES/ANALYSIS- CHEMICAL/BIOLOGICAL,513210,SOFTWARE PUBLISHERS,,,,,False,False
75N98026P01661,PSOMAGEN INC,2026-09-21,24972.0,75N98026P01661,MD,ROCKVILLE,20850,MONTGOMERY,B529,SPECIAL STUDIES/ANALYSIS- SCIENTIFIC DATA,541380,TESTING LABORATORIES AND SERVICES,,,,,False,False
75N97023F00096,"A-TEK, INC.",2026-09-21,19909139.13,75N97023F00096,MD,BETHESDA,20814,MONTGOMERY,R499,SUPPORT- PROFESSIONAL: OTHER,541511,CUSTOM COMPUTER PROGRAMMING SERVICES,,,,,False,False
75N93021F00001,IDT BIOLOGIKA GMBH,2026-09-21,-265880.0,75N93021F00001,MD,ROCKVILLE,20850,MONTGOMERY,AN12,HEALTH R&D SERVICES; HEALTH CARE SERVICES; APPLIED RESEARCH,541714,RESEARCH AND DEVELOPMENT IN BIOTECHNOLOGY (EXCEPT NANOBIOTECHNOLOGY),,,,,False,False
75N95026F00037,GUIDEHOUSE DIGITAL LLC,2026-09-21,231529.6,75N95026F00037,MD,ROCKVILLE,20852,MONTGOMERY,R499,SUPPORT- PROFESSIONAL: OTHER,541690,OTHER SCIENTIFIC AND TECHNICAL CONSULTING SERVICES,,,,,False,False
75N92022F00001,"NATIONAL COLLEGIATE INVENTORS & INNOVATORS ALLIANCE, INC.",2026-09-21,0.0,75N92022F00001,MA,HADLEY,01035,HAMPSHIRE,R410,SUPPORT- PROFESSIONAL: PROGRAM EVALUATION/REVIEW/DEVELOPMENT,541618,OTHER MANAGEMENT CONSULTING SERVICES,,,,,False,False
75N98026P01778,"10X GENOMICS, INC.",2026-09-21,119915.4,75N98026P01778,CA,PLEASANTON,94588,ALAMEDA,6505,DRUGS AND BIOLOGICALS,621511,MEDICAL LABORATORIES,,,,,False,False
75N92022F00003,"NATIONAL COLLEGIATE INVENTORS & INNOVATORS ALLIANCE, INC.",2026-09-21,0.0,75N92022F00003,MA,HADLEY,01035,HAMPSHIRE,R410,SUPPORT- PROFESSIONAL: PROGRAM EVALUATION/REVIEW/DEVELOPMENT,541618,OTHER MANAGEMENT CONSULTING SERVICES,,,,,False,False
75N99026F00007,CHAPPELLE MECHANICAL SERVICES LLC,2026-09-21,97814.0,75N99026F00007,MD,BETHESDA,20892,MONTGOMERY,Y1JZ,CONSTRUCTION OF MISCELLANEOUS BUILDINGS,236220,COMMERCIAL AND INSTITUTIONAL BUILDING CONSTRUCTION,,,,,False,False
75N95021P00460,DAVID KOPF INSTRUMENTS,2026-09-21,-59.91,75N95021P00460,MD,BALTIMORE,21224,BALTIMORE,6640,LABORATORY EQUIPMENT AND SUPPLIES,339112,SURGICAL AND MEDICAL INSTRUMENT MANUFACTURING,,,,,False,False
75N92022F00002,"NATIONAL COLLEGIATE INVENTORS & INNOVATORS ALLIANCE, INC.",2026-09-21,0.0,75N92022F00002,MA,HADLEY,01035,HAMPSHIRE,R410,SUPPORT- PROFESSIONAL: PROGRAM EVALUATION/REVIEW/DEVELOPMENT,541618,OTHER MANAGEMENT CONSULTING SERVICES,,,,,False,False
75N99026F00010,"OLGOONIK GENERAL, LLC",2026-09-21,178145.04,75N99026F00010,MD,BRINKLOW,20862,MONTGOMERY,4120,AIR CONDITIONING EQUIPMENT,238220,"PLUMBING, HEATING, AND AIR-CONDITIONING CONTRACTORS",,,,,False,False
75N91026F00001,MRIGLOBAL,2026-09-21,337762.0,75N91026F00001,MO,KANSAS CITY,64110,JACKSON,Q301,REFERENCE LABORATORY TESTING,541690,OTHER SCIENTIFIC AND TECHNICAL CONSULTING SERVICES,,,,,False,False
75N95021P00100,"REVVITY HEALTH SCIENCES, INC.",2026-09-21,-51202.35,75N95021P00100,MD,ROCKVILLE,20850,MONTGOMERY,J066,MAINT/REPAIR/REBUILD OF EQUIPMENT- INSTRUMENTS AND LABORATORY EQUIPMENT,541380,TESTING LABORATORIES AND SERVICES,,,,,False,False
75N94018P00561,"BIOTAGE, LLC",2026-09-21,-525.74,75N94018P00561,NC,CHARLOTTE,28269,MECKLENBURG,J066,MAINT/REPAIR/REBUILD OF EQUIPMENT- INSTRUMENTS AND LABORATORY EQUIPMENT,811219,OTHER ELECTRONIC AND PRECISION EQUIPMENT REPAIR AND MAINTENANCE,,,,,False,False
75N98026P01744,"ALAMAR BIOSCIENCES, INC.",2026-09-21,40000.0,75N98026P01744,CA,FREMONT,94538,ALAMEDA,6640,LABORATORY EQUIPMENT AND SUPPLIES,541380,TESTING LABORATORIES AND SERVICES,,,,,False,False
75N98026P01743,PHILIPS HEALTHCARE INFORMATICS INC.,2026-09-21,54280.0,75N98026P01743,CA,PLEASANTON,94588,ALAMEDA,6515,"MEDICAL AND SURGICAL INSTRUMENTS, EQUIPMENT, AND SUPPLIES",339112,SURGICAL AND MEDICAL INSTRUMENT MANUFACTURING,,,,,False,False
75N98026F00011,ALPHA GENESIS INC,2026-09-21,360000.0,75N98026F00011,MD,BETHESDA,20892,MONTGOMERY,8820,"LIVE ANIMALS, NOT RAISED FOR FOOD",112990,ALL OTHER ANIMAL PRODUCTION,,,,,False,False
75N99024F00001,AG JV,2026-09-21,251709.0,75N99024F00001,MD,BETHESDA,20892,MONTGOMERY,Y1JZ,CONSTRUCTION OF MISCELLANEOUS BUILDINGS,236220,COMMERCIAL AND INSTITUTIONAL BUILDING CONSTRUCTION,,,,,False,False
75N98021C00008,"INNOVATIVE CONSULTING & MANAGEMENT SERVICES, LLC",2026-09-21,-404705.47,75N98021C00008,MD,BETHESDA,20892,MONTGOMERY,9110,"FUELS, SOLID",561210,FACILITIES SUPPORT SERVICES,,,,,False,False
75N98026F00012,ALPHA GENESIS INC,2026-09-21,140000.0,75N98026F00012,MD,BETHESDA,20892,MONTGOMERY,8820,"LIVE ANIMALS, NOT RAISED FOR FOOD",112990,ALL OTHER ANIMAL PRODUCTION,,,,,False,False
75N98026F00013,ALPHA GENESIS INC,2026-09-21,100000.0,75N98026F00013,MD,BETHESDA,20892,MONTGOMERY,8820,"LIVE ANIMALS, NOT RAISED FOR FOOD",112990,ALL OTHER ANIMAL PRODUCTION,,,,,False,False
75N98026P01742,SARTORIUS CORPORATION,2026-09-21,110559.0,75N98026P01742,NY,BOHEMIA,11716,SUFFOLK,6640,LABORATORY EQUIPMENT AND SUPPLIES,334516,ANALYTICAL LABORATORY INSTRUMENT MANUFACTURING,,,,,False,False
75N98026F00014,ALPHA GENESIS INC,2026-09-21,2352240.0,75N98026F00014,MD,BETHESDA,20892,MONTGOMERY,8820,"LIVE ANIMALS, NOT RAISED FOR FOOD",112990,ALL OTHER ANIMAL PRODUCTION,,,,,False,False
75N98026P01745,IMAGINE OPTIC INC,2026-09-21,62300.0,75N98026P01745,MA,CAMBRIDGE,02141,MIDDLESEX,6515,"MEDICAL AND SURGICAL INSTRUMENTS, EQUIPMENT, AND SUPPLIES",423490,OTHER PROFESSIONAL EQUIPMENT AND SUPPLIES MERCHANT WHOLESALERS,,,,,False,False
75N97018P00106,"BELL INDUSTRIES, INC",2026-09-21,-5.0,75N97018P00106,IN,INDIANAPOLIS,46268,HAMILTON,D399,IT AND TELECOM- OTHER IT AND TELECOMMUNICATIONS,541519,OTHER COMPUTER RELATED SERVICES,,,,,False,False
75N93020F00044,"MEDICAL SCIENCE & COMPUTING, LLC",2026-09-21,-21629.07,75N93020F00044,MD,GERMANTOWN,20874,MONTGOMERY,R499,SUPPORT- PROFESSIONAL: OTHER,541990,"ALL OTHER PROFESSIONAL, SCIENTIFIC, AND TECHNICAL SERVICES",,,,,False,False
75N93021F00004,"MEDICAL SCIENCE & COMPUTING, LLC",2026-09-21,-164.43,75N93021F00004,MD,BETHESDA,20814,MONTGOMERY,R707,SUPPORT- MANAGEMENT: CONTRACT/PROCUREMENT/ACQUISITION SUPPORT,541990,"ALL OTHER PROFESSIONAL, SCIENTIFIC, AND TECHNICAL SERVICES",,,,,False,False
75N93020F00061,"MEDICAL SCIENCE & COMPUTING, LLC",2026-09-21,-22961.34,75N93020F00061,MD,GERMANTOWN,20874,MONTGOMERY,R707,SUPPORT- MANAGEMENT: CONTRACT/PROCUREMENT/ACQUISITION SUPPORT,541990,"ALL OTHER PROFESSIONAL, SCIENTIFIC, AND TECHNICAL SERVICES",,,,,False,False
75N93020F00032,"MEDICAL SCIENCE & COMPUTING, LLC",2026-09-21,-47018.04,75N93020F00032,MD,GERMANTOWN,20874,MONTGOMERY,R499,SUPPORT- PROFESSIONAL: OTHER,541990,"ALL OTHER PROFESSIONAL, SCIENTIFIC, AND TECHNICAL SERVICES",,,,,False,False
75N94021C00007,EMI ADVISORS LLC,2026-09-21,-584.53,75N94021C00007,MD,BETHESDA,20892,MONTGOMERY,R799,SUPPORT- MANAGEMENT: OTHER,541512,COMPUTER SYSTEMS DESIGN SERVICES,,,,,False,False
75N93020C00054,THE LELAND STANFORD JUNIOR UNIVERSITY,2026-09-21,5197478.0,75N93020C00054,CA,STANFORD,94305,SANTA CLARA,AJ12,GENERAL SCIENCE AND TECHNOLOGY R&D SERVICES; GENERAL SCIENCE AND TECHNOLOGY; APPLIED RESEARCH,541715,"RESEARCH AND DEVELOPMENT IN THE PHYSICAL, ENGINEERING, AND LIFE SCIENCES (EXCEPT NANOTECHNOLOGY AND BIOTECHNOLOGY)",,,,,False,False
75N98026F00004,ENVIGO GLOBAL SERVICES INC,2026-09-21,111000.0,75N98026F00004,MD,BETHESDA,20892,MONTGOMERY,8820,"LIVE ANIMALS, NOT RAISED FOR FOOD",112990,ALL OTHER ANIMAL PRODUCTION,,,,,False,False
75N98026F00003,ENVIGO GLOBAL SERVICES INC,2026-09-21,50000.0,75N98026F00003,MD,BETHESDA,20892,MONTGOMERY,8820,"LIVE ANIMALS, NOT RAISED FOR FOOD",112990,ALL OTHER ANIMAL PRODUCTION,,,,,False,False
75N98026F00393,DELOITTE FINANCIAL ADVISORY SERVICES LLP,2026-09-21,569759.73,75N98026F00393,MD,BETHESDA,20892,MONTGOMERY,7E20,"IT AND TELECOM - END USER: HELP DESK;TIER 1-2,WORKSPACE,PRINT,OUTPUT,PRODUCTIVITY TOOLS (HW/PERP SW)",541611,ADMINISTRATIVE MANAGEMENT AND GENERAL MANAGEMENT CONSULTING SERVICES,,,,,False,False
75N99026F00001,CUTLASS CONTRACTING LLC,2026-09-21,1152760.06,75N99026F00001,MD,BETHESDA,20892,MONTGOMERY,Y1JZ,CONSTRUCTION OF MISCELLANEOUS BUILDINGS,236220,COMMERCIAL AND INSTITUTIONAL BUILDING CONSTRUCTION,,,,,False,False
75N93019F00152,"MEDICAL SCIENCE & COMPUTING, LLC",2026-09-21,-26650.13,75N93019F00152,MD,GERMANTOWN,20874,MONTGOMERY,R707,SUPPORT- MANAGEMENT: CONTRACT/PROCUREMENT/ACQUISITION SUPPORT,541990,"ALL OTHER PROFESSIONAL, SCIENTIFIC, AND TECHNICAL SERVICES",,,,,False,False
75N93020F00051,"MEDICAL SCIENCE & COMPUTING, LLC",2026-09-21,-98115.67,75N93020F00051,MD,GERMANTOWN,20874,MONTGOMERY,R707,SUPPORT- MANAGEMENT: CONTRACT/PROCUREMENT/ACQUISITION SUPPORT,541990,"ALL OTHER PROFESSIONAL, SCIENTIFIC, AND TECHNICAL SERVICES",,,,,False,False
75N99025F00003,CUTLASS CONTRACTING LLC,2026-09-21,928324.63,75N99025F00003,MD,BETHESDA,20892,MONTGOMERY,Y1JZ,CONSTRUCTION OF MISCELLANEOUS BUILDINGS,236220,COMMERCIAL AND INSTITUTIONAL BUILDING CONSTRUCTION,,,,,False,False
75N93019F00164,"MEDICAL SCIENCE & COMPUTING, LLC",2026-09-21,-14530.86,75N93019F00164,MD,GERMANTOWN,20874,MONTGOMERY,R707,SUPPORT- MANAGEMENT: CONTRACT/PROCUREMENT/ACQUISITION SUPPORT,541990,"ALL OTHER PROFESSIONAL, SCIENTIFIC, AND TECHNICAL SERVICES",,,,,False,False
75N93021F00005,"MEDICAL SCIENCE & COMPUTING, LLC",2026-09-21,-12248.41,75N93021F00005,MD,BETHESDA,20814,MONTGOMERY,R707,SUPPORT- MANAGEMENT: CONTRACT/PROCUREMENT/ACQUISITION SUPPORT,541990,"ALL OTHER PROFESSIONAL, SCIENTIFIC, AND TECHNICAL SERVICES",,,,,False,False
75N93020F00010,"MEDICAL SCIENCE & COMPUTING, LLC",2026-09-21,-33455.81,75N93020F00010,MD,GERMANTOWN,20874,MONTGOMERY,R707,SUPPORT- MANAGEMENT: CONTRACT/PROCUREMENT/ACQUISITION SUPPORT,541990,"ALL OTHER PROFESSIONAL, SCIENTIFIC, AND TECHNICAL SERVICES",,,,,False,False
75N93020F00026,"MEDICAL SCIENCE & COMPUTING, LLC",2026-09-21,-5859.91,75N93020F00026,MD,GERMANTOWN,20874,MONTGOMERY,R707,SUPPORT- MANAGEMENT: CONTRACT/PROCUREMENT/ACQUISITION SUPPORT,541990,"ALL OTHER PROFESSIONAL, SCIENTIFIC, AND TECHNICAL SERVICES",,,,,False,False
75N93020F00047,"MEDICAL SCIENCE & COMPUTING, LLC",2026-09-21,-52088.67,75N93020F00047,MD,GERMANTOWN,20874,MONTGOMERY,R499,SUPPORT- PROFESSIONAL: OTHER,541990,"ALL OTHER PROFESSIONAL, SCIENTIFIC, AND TECHNICAL SERVICES",,,,,False,False
75N93020F00021,"MEDICAL SCIENCE & COMPUTING, LLC",2026-09-21,-46003.88,75N93020F00021,MD,GERMANTOWN,20874,MONTGOMERY,R707,SUPPORT- MANAGEMENT: CONTRACT/PROCUREMENT/ACQUISITION SUPPORT,541990,"ALL OTHER PROFESSIONAL, SCIENTIFIC, AND TECHNICAL SERVICES",,,,,False,False
HHSN27500032,FISHER BIOSERVICES INC,2026-09-21,-20430.53,HHSN27500032,MD,ROCKVILLE,20850,MONTGOMERY,AN12,HEALTH R&D SERVICES; HEALTH CARE SERVICES; APPLIED RESEARCH,541712,"RESEARCH AND DEVELOPMENT IN THE PHYSICAL, ENGINEERING, AND LIFE SCIENCES (EXCEPT BIOTECHNOLOGY)",,,,,False,False
75N98026F00385,FUJIFILM SONOSITE INC,2026-09-21,28070.0,75N98026F00385,WA,BOTHELL,98021,SNOHOMISH,6515,"MEDICAL AND SURGICAL INSTRUMENTS, EQUIPMENT, AND SUPPLIES",423450,"MEDICAL, DENTAL, AND HOSPITAL EQUIPMENT AND SUPPLIES MERCHANT WHOLESALERS",,,,,False,False
75N95020F00052,"KELLY SERVICES, INC.",2026-09-21,-0.02,75N95020F00052,MD,BETHESDA,20892,MONTGOMERY,R408,SUPPORT- PROFESSIONAL: PROGRAM MANAGEMENT/SUPPORT,541690,OTHER SCIENTIFIC AND TECHNICAL CONSULTING SERVICES,,,,,False,False
75N94020F00001,FISHER BIOSERVICES INC,2026-09-21,-23919.88,75N94020F00001,MD,ROCKVILLE,20850,MONTGOMERY,AN12,HEALTH R&D SERVICES; HEALTH CARE SERVICES; APPLIED RESEARCH,541712,"RESEARCH AND DEVELOPMENT IN THE PHYSICAL, ENGINEERING, AND LIFE SCIENCES (EXCEPT BIOTECHNOLOGY)",,,,,False,False
75N95020P00529,NOVOGENE CORPORATION INC,2026-09-21,-26377.4,75N95020P00529,CA,CHULA VISTA,91914,SAN DIEGO,Q301,REFERENCE LABORATORY TESTING,541380,TESTING LABORATORIES AND SERVICES,,,,,False,False
HHSN27500014,FISHER BIOSERVICES INC,2026-09-21,-1852.49,HHSN27500014,MD,ROCKVILLE,20850,MONTGOMERY,AN12,HEALTH R&D SERVICES; HEALTH CARE SERVICES; APPLIED RESEARCH,541712,"RESEARCH AND DEVELOPMENT IN THE PHYSICAL, ENGINEERING, AND LIFE SCIENCES (EXCEPT BIOTECHNOLOGY)",,,,,False,False
75N98026P01685,NOVOGENE CORPORATION INC,2026-09-21,24999.99,75N98026P01685,CA,SACRAMENTO,95817,SACRAMENTO,B529,SPECIAL STUDIES/ANALYSIS- SCIENTIFIC DATA,541380,TESTING LABORATORIES AND SERVICES,,,,,False,False
75N98026F00001,"SAGE SERVICES GROUP, LLC",2026-09-21,170000.0,75N98026F00001,MD,BETHESDA,20892,MONTGOMERY,R499,SUPPORT- PROFESSIONAL: OTHER,722310,FOOD SERVICE CONTRACTORS,,,,,False,False
75N95021F00038,"KELLY SERVICES, INC.",2026-09-21,-80534.95,75N95021F00038,MD,BETHESDA,20892,MONTGOMERY,R408,SUPPORT- PROFESSIONAL: PROGRAM MANAGEMENT/SUPPORT,541690,OTHER SCIENTIFIC AND TECHNICAL CONSULTING SERVICES,,,,,False,False
75N95020F00057,"KELLY SERVICES, INC.",2026-09-21,-182.95,75N95020F00057,MD,BETHESDA,20892,MONTGOMERY,R408,SUPPORT- PROFESSIONAL: PROGRAM MANAGEMENT/SUPPORT,541690,OTHER SCIENTIFIC AND TECHNICAL CONSULTING SERVICES,,,,,False,False
75N95021F00002,"KELLY SERVICES, INC.",2026-09-21,-21103.07,75N95021F00002,MD,BETHESDA,20892,MONTGOMERY,R408,SUPPORT- PROFESSIONAL: PROGRAM MANAGEMENT/SUPPORT,541690,OTHER SCIENTIFIC AND TECHNICAL CONSULTING SERVICES,,,,,False,False
75N95020F00100,"KELLY SERVICES, INC.",2026-09-21,-1146.24,75N95020F00100,MD,BETHESDA,20892,MONTGOMERY,R408,SUPPORT- PROFESSIONAL: PROGRAM MANAGEMENT/SUPPORT,541690,OTHER SCIENTIFIC AND TECHNICAL CONSULTING SERVICES,,,,,False,False
75N94025F00012,FISHER BIOSERVICES INC,2026-09-21,45049.0,75N94025F00012,MD,ROCKVILLE,20850,MONTGOMERY,AN12,HEALTH R&D SERVICES; HEALTH CARE SERVICES; APPLIED RESEARCH,541714,RESEARCH AND DEVELOPMENT IN BIOTECHNOLOGY (EXCEPT NANOBIOTECHNOLOGY),,,,,False,False
75N98026F00412,AGILENT TECHNOLOGIES INC,2026-09-21,60114.26,75N98026F00412,DE,WILMINGTON,19808,NEW CASTLE,6640,LABORATORY EQUIPMENT AND SUPPLIES,334516,ANALYTICAL LABORATORY INSTRUMENT MANUFACTURING,,,,,False,False
75N94018F00034,FISHER BIOSERVICES INC,2026-09-21,-54888.82,75N94018F00034,MD,ROCKVILLE,20852,MONTGOMERY,AN12,HEALTH R&D SERVICES; HEALTH CARE SERVICES; APPLIED RESEARCH,541712,"RESEARCH AND DEVELOPMENT IN THE PHYSICAL, ENGINEERING, AND LIFE SCIENCES (EXCEPT BIOTECHNOLOGY)",,,,,False,False
75N93021F00001,"PROFESSIONAL AND SCIENTIFIC ASSOCIATES, INC.",2026-09-21,-6162.06,75N93021F00001,VA,RESTON,20191,FAIRFAX,R706,SUPPORT- MANAGEMENT: LOGISTICS SUPPORT,541611,ADMINISTRATIVE MANAGEMENT AND GENERAL MANAGEMENT CONSULTING SERVICES,,,,,False,False
75N98026P01760,FISHER SCIENTIFIC COMPANY L.L.C.,2026-09-21,28758.0,75N98026P01760,PA,PITTSBURGH,15275,ALLEGHENY,6640,LABORATORY EQUIPMENT AND SUPPLIES,334516,ANALYTICAL LABORATORY INSTRUMENT MANUFACTURING,,,,,False,False
75N93021F00006,"PROFESSIONAL AND SCIENTIFIC ASSOCIATES, INC.",2026-09-21,-667.6,75N93021F00006,VA,RESTON,20191,FAIRFAX,R706,SUPPORT- MANAGEMENT: LOGISTICS SUPPORT,541611,ADMINISTRATIVE MANAGEMENT AND GENERAL MANAGEMENT CONSULTING SERVICES,,,,,False,False
75N93021F00009,"PROFESSIONAL AND SCIENTIFIC ASSOCIATES, INC.",2026-09-21,-13989.43,75N93021F00009,VA,RESTON,20191,FAIRFAX,R706,SUPPORT- MANAGEMENT: LOGISTICS SUPPORT,541611,ADMINISTRATIVE MANAGEMENT AND GENERAL MANAGEMENT CONSULTING SERVICES,,,,,False,False
75N93021F00012,"PROFESSIONAL AND SCIENTIFIC ASSOCIATES, INC.",2026-09-21,-10289.48,75N93021F00012,VA,RESTON,20191,FAIRFAX,R706,SUPPORT- MANAGEMENT: LOGISTICS SUPPORT,541611,ADMINISTRATIVE MANAGEMENT AND GENERAL MANAGEMENT CONSULTING SERVICES,,,,,False,False
75N95021F00001,DATACONSULT-IO LLC,2026-09-21,-25607.04,75N95021F00001,MD,GLEN ECHO,20812,MONTGOMERY,R499,SUPPORT- PROFESSIONAL: OTHER,541690,OTHER SCIENTIFIC AND TECHNICAL CONSULTING SERVICES,,,,,False,False
75N93021F00005,"PROFESSIONAL AND SCIENTIFIC ASSOCIATES, INC.",2026-09-21,-7224.82,75N93021F00005,VA,RESTON,20191,FAIRFAX,R706,SUPPORT- MANAGEMENT: LOGISTICS SUPPORT,541611,ADMINISTRATIVE MANAGEMENT AND GENERAL MANAGEMENT CONSULTING SERVICES,,,,,False,False
75N95019P00595,ARALDI GIAN LUCA,2026-09-21,-23200.0,75N95019P00595,MD,BETHESDA,20892,MONTGOMERY,R499,SUPPORT- PROFESSIONAL: OTHER,541990,"ALL OTHER PROFESSIONAL, SCIENTIFIC, AND TECHNICAL SERVICES",,,,,False,False
75N98026P01747,"LI-COR BIOTECH, LLC",2026-09-21,92091.0,75N98026P01747,NE,LINCOLN,68504,LANCASTER,6640,LABORATORY EQUIPMENT AND SUPPLIES,334516,ANALYTICAL LABORATORY INSTRUMENT MANUFACTURING,,,,,False,False
75N98026P01772,"LI-COR BIOTECH, LLC",2026-09-21,103579.0,75N98026P01772,MD,BETHESDA,20814,MONTGOMERY,6515,"MEDICAL AND SURGICAL INSTRUMENTS, EQUIPMENT, AND SUPPLIES",334516,ANALYTICAL LABORATORY INSTRUMENT MANUFACTURING,,,,,False,False
75N93021F00010,"PROFESSIONAL AND SCIENTIFIC ASSOCIATES, INC.",2026-09-21,-90672.8,75N93021F00010,VA,RESTON,20191,FAIRFAX,R706,SUPPORT- MANAGEMENT: LOGISTICS SUPPORT,541611,ADMINISTRATIVE MANAGEMENT AND GENERAL MANAGEMENT CONSULTING SERVICES,,,,,False,False
75N93021F00011,"PROFESSIONAL AND SCIENTIFIC ASSOCIATES, INC.",2026-09-21,-1073.27,75N93021F00011,VA,RESTON,20191,FAIRFAX,R706,SUPPORT- MANAGEMENT: LOGISTICS SUPPORT,541611,ADMINISTRATIVE MANAGEMENT AND GENERAL MANAGEMENT CONSULTING SERVICES,,,,,False,False
75N99024F00003,"HSU DEVELOPMENT, INC.",2026-09-21,0.0,75N99024F00003,MD,BETHESDA,20892,MONTGOMERY,Y1JZ,CONSTRUCTION OF MISCELLANEOUS BUILDINGS,236220,COMMERCIAL AND INSTITUTIONAL BUILDING CONSTRUCTION,,,,,False,False
75N98026P01725,FISHER SCIENTIFIC COMPANY L.L.C.,2026-09-21,25761.79,75N98026P01725,PA,PITTSBURGH,15275,ALLEGHENY,6640,LABORATORY EQUIPMENT AND SUPPLIES,334516,ANALYTICAL LABORATORY INSTRUMENT MANUFACTURING,,,,,False,False
75N99024F00004,"HSU DEVELOPMENT, INC.",2026-09-21,0.0,75N99024F00004,MD,BETHESDA,20892,MONTGOMERY,Y1JZ,CONSTRUCTION OF MISCELLANEOUS BUILDINGS,236220,COMMERCIAL AND INSTITUTIONAL BUILDING CONSTRUCTION,,,,,False,False
75N93021F00007,"PROFESSIONAL AND SCIENTIFIC ASSOCIATES, INC.",2026-09-21,-129.45,75N93021F00007,VA,RESTON,20191,FAIRFAX,R706,SUPPORT- MANAGEMENT: LOGISTICS SUPPORT,541611,ADMINISTRATIVE MANAGEMENT AND GENERAL MANAGEMENT CONSULTING SERVICES,,,,,False,False
HHSN27200006,"ICON GOVERNMENT AND PUBLIC HEALTH SOLUTIONS, INC.",2026-09-21,-30000.0,HHSN27200006,OH,HINCKLEY,44233,MEDINA,AN12,HEALTH R&D SERVICES; HEALTH CARE SERVICES; APPLIED RESEARCH,541711,RESEARCH AND DEVELOPMENT IN BIOTECHNOLOGY,,,,,False,False
HHSN272201700082C,THOMAS JEFFERSON UNIVERSITY,2026-09-21,-90977.35,HHSN272201700082C,PA,PHILADELPHIA,19107,PHILADELPHIA,AN12,HEALTH R&D SERVICES; HEALTH CARE SERVICES; APPLIED RESEARCH,541712,"RESEARCH AND DEVELOPMENT IN THE PHYSICAL, ENGINEERING, AND LIFE SCIENCES (EXCEPT BIOTECHNOLOGY)",,,,,False,False
75N93021F00001,"ICON GOVERNMENT AND PUBLIC HEALTH SOLUTIONS, INC.",2026-09-21,-66620.78,75N93021F00001,OH,HINCKLEY,44233,MEDINA,AN12,HEALTH R&D SERVICES; HEALTH CARE SERVICES; APPLIED RESEARCH,541711,RESEARCH AND DEVELOPMENT IN BIOTECHNOLOGY,,,,,False,False
75N98026F00001,"WESTNET, INC.",2026-09-21,20000.0,75N98026F00001,MA,CANTON,02021,NORFOLK,6515,"MEDICAL AND SURGICAL INSTRUMENTS, EQUIPMENT, AND SUPPLIES",339112,SURGICAL AND MEDICAL INSTRUMENT MANUFACTURING,,,,,False,False
75N98026F00359,ARCHETYPE CONSULTING INC,2026-09-21,0.0,75N98026F00359,MD,BETHESDA,20892,MONTGOMERY,R499,SUPPORT- PROFESSIONAL: OTHER,541519,OTHER COMPUTER RELATED SERVICES,,,,,False,False
75N99026F00002,"4 G PLUMBING AND HEATING, INC.",2026-09-21,100000.0,75N99026F00002,MT,HAMILTON,59840,RAVALLI,Z2EZ,REPAIR OR ALTERATION OF OTHER INDUSTRIAL BUILDINGS,238220,"PLUMBING, HEATING, AND AIR-CONDITIONING CONTRACTORS",,,,,False,False
75N98026P01734,SCINTICA INC.,2026-09-21,733487.5,75N98026P01734,TX,WEBSTER,77598,HARRIS,6640,LABORATORY EQUIPMENT AND SUPPLIES,334516,ANALYTICAL LABORATORY INSTRUMENT MANUFACTURING,,,,,False,False
75N91020P00906,"BECTON, DICKINSON AND COMPANY",2026-09-21,-42282.0,75N91020P00906,MD,BETHESDA,20892,MONTGOMERY,J066,MAINT/REPAIR/REBUILD OF EQUIPMENT- INSTRUMENTS AND LABORATORY EQUIPMENT,811219,OTHER ELECTRONIC AND PRECISION EQUIPMENT REPAIR AND MAINTENANCE,,,,,False,False
75N91018C00045,"ARSERVICES, LIMITED",2026-09-21,-115357.95,75N91018C00045,MD,ROCKVILLE,20850,MONTGOMERY,R799,SUPPORT- MANAGEMENT: OTHER,541611,ADMINISTRATIVE MANAGEMENT AND GENERAL MANAGEMENT CONSULTING SERVICES,,,,,False,False
75N91019F00133,"INFORMATION MANAGEMENT SERVICES, INC.",2026-09-21,-61039.87,75N91019F00133,MD,BELTSVILLE,20705,PRINCE GEORGES,D308,IT AND TELECOM- PROGRAMMING,518210,"COMPUTING INFRASTRUCTURE PROVIDERS, DATA PROCESSING, WEB HOSTING, AND RELATED SERVICES",,,,,False,False
75N98026P01736,ENAMINE US INC.,2026-09-21,40420.0,75N98026P01736,NJ,MONMOUTH JUNCTION,08852,MIDDLESEX,6505,DRUGS AND BIOLOGICALS,424690,OTHER CHEMICAL AND ALLIED PRODUCTS MERCHANT WHOLESALERS,,,,,False,False
75N91025F00078,"CORELOGIX ASCLEPIUS JV, LLC",2026-09-21,1876271.28,75N91025F00078,MD,ROCKVILLE,20850,MONTGOMERY,DH01,"IT AND TELECOM - PLATFORM SUPPORT SERVICES: DATABASE, MAINFRAME, MIDDLEWARE (LABOR)",541512,COMPUTER SYSTEMS DESIGN SERVICES,,,,,False,False
75N98026P01784,"BECTON, DICKINSON AND COMPANY",2026-09-21,67683.6,75N98026P01784,MD,BETHESDA,20892,MONTGOMERY,J066,MAINT/REPAIR/REBUILD OF EQUIPMENT- INSTRUMENTS AND LABORATORY EQUIPMENT,334516,ANALYTICAL LABORATORY INSTRUMENT MANUFACTURING,,,,,False,False
75N98026P01728,LIFE TECHNOLOGIES CORPORATION,2026-09-21,39714.33,75N98026P01728,CA,CARLSBAD,92008,SAN DIEGO,6640,LABORATORY EQUIPMENT AND SUPPLIES,334516,ANALYTICAL LABORATORY INSTRUMENT MANUFACTURING,,,,,False,False
75N93019C00054,DUKE UNIVERSITY,2026-09-21,-950.09,75N93019C00054,NC,DURHAM,27705,DURHAM,AN12,HEALTH R&D SERVICES; HEALTH CARE SERVICES; APPLIED RESEARCH,541715,"RESEARCH AND DEVELOPMENT IN THE PHYSICAL, ENGINEERING, AND LIFE SCIENCES (EXCEPT NANOTECHNOLOGY AND BIOTECHNOLOGY)",,,,,False,False
75N95021P00644,"WHM CONSULTING, LLC",2026-09-21,-12000.0,75N95021P00644,CT,OLD LYME,06371,NEW LONDON,R499,SUPPORT- PROFESSIONAL: OTHER,541990,"ALL OTHER PROFESSIONAL, SCIENTIFIC, AND TECHNICAL SERVICES",,,,,False,False
75N92025F00001,COMPASS FEDERAL CONSULTING LIMITED LIABILITY COMPANY,2026-09-21,2907814.1,75N92025F00001,MD,BETHESDA,20817,MONTGOMERY,DJ01,IT AND TELECOM - SECURITY AND COMPLIANCE SUPPORT SERVICES (LABOR),541519,OTHER COMPUTER RELATED SERVICES,,,,,False,False
75N94026F00001,DUKE UNIVERSITY,2026-09-21,5699498.0,75N94026F00001,NC,DURHAM,27705,DURHAM,AN11,HEALTH R&D SERVICES; HEALTH CARE SERVICES; BASIC RESEARCH,541715,"RESEARCH AND DEVELOPMENT IN THE PHYSICAL, ENGINEERING, AND LIFE SCIENCES (EXCEPT NANOTECHNOLOGY AND BIOTECHNOLOGY)",,,,,False,False
HHSN26100011,UNIVERSITY OF WISCONSIN SYSTEM,2026-09-21,-146433.91,HHSN26100011,WI,MADISON,53715,DANE,AN12,HEALTH R&D SERVICES; HEALTH CARE SERVICES; APPLIED RESEARCH,541712,"RESEARCH AND DEVELOPMENT IN THE PHYSICAL, ENGINEERING, AND LIFE SCIENCES (EXCEPT BIOTECHNOLOGY)",,,,,False,False
75N98026P01729,"EPPENDORF NORTH AMERICA, INC.",2026-09-21,27676.87,75N98026P01729,CT,ENFIELD,06082,HARTFORD,6640,LABORATORY EQUIPMENT AND SUPPLIES,334516,ANALYTICAL LABORATORY INSTRUMENT MANUFACTURING,,,,,False,False
75N98026P01683,THE UNIVERSITY OF CHICAGO MEDICAL CENTER,2026-09-21,45000.0,75N98026P01683,MD,BETHESDA,20814,MONTGOMERY,Q301,REFERENCE LABORATORY TESTING,622110,GENERAL MEDICAL AND SURGICAL HOSPITALS,,,,,False,False
75N95021F00042,"TRANSNETYX, INC",2026-09-21,-3840.95,75N95021F00042,MD,BALTIMORE,21224,BALTIMORE,Q301,REFERENCE LABORATORY TESTING,541711,RESEARCH AND DEVELOPMENT IN BIOTECHNOLOGY,,,,,False,False
75N95024F00144,"BMA TECHNICAL SERVICES, INC.",2026-09-21,356130.27,75N95024F00144,KS,LEAVENWORTH,66048,LEAVENWORTH,R499,SUPPORT- PROFESSIONAL: OTHER,541330,ENGINEERING SERVICES,,,,,False,False
75N93019C00078,"DIGITAL INFUZION, LLC",2026-09-21,-29.62,75N93019C00078,MD,GAITHERSBURG,20878,MONTGOMERY,AN12,HEALTH R&D SERVICES; HEALTH CARE SERVICES; APPLIED RESEARCH,541714,RESEARCH AND DEVELOPMENT IN BIOTECHNOLOGY (EXCEPT NANOBIOTECHNOLOGY),,,,,False,False
75N95021F00003,"AXLE INFORMATICS, LLC",2026-09-21,-6095.12,75N95021F00003,MD,BETHESDA,20892,MONTGOMERY,R499,SUPPORT- PROFESSIONAL: OTHER,541690,OTHER SCIENTIFIC AND TECHNICAL CONSULTING SERVICES,,,,,False,False
75N95024F00096,"AXLE INFORMATICS, LLC",2026-09-21,227325.44,75N95024F00096,MD,ROCKVILLE,20852,MONTGOMERY,R499,SUPPORT- PROFESSIONAL: OTHER,541690,OTHER SCIENTIFIC AND TECHNICAL CONSULTING SERVICES,,,,,False,False
75N95021F00005,"AXLE INFORMATICS, LLC",2026-09-21,-27656.78,75N95021F00005,MD,BETHESDA,20892,MONTGOMERY,R499,SUPPORT- PROFESSIONAL: OTHER,541690,OTHER SCIENTIFIC AND TECHNICAL CONSULTING SERVICES,,,,,False,False
75N99026F00006,"CHEROENHAKA NOTTOWAY ENTERPRISES, LLC",2026-09-21,143789.0,75N99026F00006,MD,BETHESDA,20892,MONTGOMERY,Y1JZ,CONSTRUCTION OF MISCELLANEOUS BUILDINGS,236220,COMMERCIAL AND INSTITUTIONAL BUILDING CONSTRUCTION,,,,,False,False
75N93020F00001,"IMEC GROUP, LLC",2026-09-21,-389783.91,75N93020F00001,MD,COLUMBIA,21045,HOWARD,Z1AA,MAINTENANCE OF OFFICE BUILDINGS,561210,FACILITIES SUPPORT SERVICES,,,,,False,False
75N95024F00099,"AXLE INFORMATICS, LLC",2026-09-21,174742.72,75N95024F00099,MD,ROCKVILLE,20852,MONTGOMERY,R499,SUPPORT- PROFESSIONAL: OTHER,541690,OTHER SCIENTIFIC AND TECHNICAL CONSULTING SERVICES,,,,,False,False
75N98026F00414,THERMO ELECTRON NORTH AMERICA LLC,2026-09-21,870371.94,75N98026F00414,FL,WEST PALM BEACH,33407,PALM BEACH,6640,LABORATORY EQUIPMENT AND SUPPLIES,334516,ANALYTICAL LABORATORY INSTRUMENT MANUFACTURING,,,,,False,False
75N95021F00007,"THE EMMES COMPANY, LLC",2026-09-21,-25665.2,75N95021F00007,MD,ROCKVILLE,20850,MONTGOMERY,AN11,HEALTH R&D SERVICES; HEALTH CARE SERVICES; BASIC RESEARCH,541715,"RESEARCH AND DEVELOPMENT IN THE PHYSICAL, ENGINEERING, AND LIFE SCIENCES (EXCEPT NANOTECHNOLOGY AND BIOTECHNOLOGY)",,,,,False,False
75N93020F00003,"ADVANCED BIOSCIENCE LABORATORIES, INC.",2026-09-21,-105984.0,75N93020F00003,MD,ROCKVILLE,20850,MONTGOMERY,AN12,HEALTH R&D SERVICES; HEALTH CARE SERVICES; APPLIED RESEARCH,541714,RESEARCH AND DEVELOPMENT IN BIOTECHNOLOGY (EXCEPT NANOBIOTECHNOLOGY),,,,,False,False
75N90022P00630,ABSS SOLUTIONS INC,2026-09-21,80829.31,75N90022P00630,MD,BETHESDA,20892,MONTGOMERY,R499,SUPPORT- PROFESSIONAL: OTHER,561320,TEMPORARY HELP SERVICES,,,,,False,False
75N98026P01372,ASTROPHYSICS INC,2026-09-21,0.0,75N98026P01372,NC,DURHAM,27709,DURHAM,J066,MAINT/REPAIR/REBUILD OF EQUIPMENT- INSTRUMENTS AND LABORATORY EQUIPMENT,811210,ELECTRONIC AND PRECISION EQUIPMENT REPAIR AND MAINTENANCE,,,,,False,False
75N95025P00081,"COHERENT NA, INC.",2026-09-21,0.0,75N95025P00081,MD,BETHESDA,20892,MONTGOMERY,J066,MAINT/REPAIR/REBUILD OF EQUIPMENT- INSTRUMENTS AND LABORATORY EQUIPMENT,811210,ELECTRONIC AND PRECISION EQUIPMENT REPAIR AND MAINTENANCE,,,,,False,False
75N98026P01699,"BIO-RAD LABORATORIES, INC.",2026-09-21,20000.0,75N98026P01699,CA,HERCULES,94547,CONTRA COSTA,6640,LABORATORY EQUIPMENT AND SUPPLIES,334516,ANALYTICAL LABORATORY INSTRUMENT MANUFACTURING,,,,,False,False
75N98026F00049,"GAP SOLUTIONS, INC.",2026-09-21,159961.6,75N98026F00049,VA,HERNDON,20170,FAIRFAX,R499,SUPPORT- PROFESSIONAL: OTHER,541690,OTHER SCIENTIFIC AND TECHNICAL CONSULTING SERVICES,,,,,False,False
75N91024F00010,"KILIUDA CONSULTING, LLC",2026-09-21,-2737.8,75N91024F00010,MD,BETHESDA,20892,MONTGOMERY,R499,SUPPORT- PROFESSIONAL: OTHER,541611,ADMINISTRATIVE MANAGEMENT AND GENERAL MANAGEMENT CONSULTING SERVICES,,,,,False,False
75N91019F00129,"TECHNICAL RESOURCES INTERNATIONAL, INC.",2026-09-21,-449318.44,75N91019F00129,MD,BETHESDA,20817,MONTGOMERY,R704,SUPPORT- MANAGEMENT: AUDITING,541990,"ALL OTHER PROFESSIONAL, SCIENTIFIC, AND TECHNICAL SERVICES",,,,,False,False
75N98026F00409,"APPLICA SOLUTIONS, INC.",2026-09-21,35357.05,75N98026F00409,VA,MANASSAS,20110,PRINCE WILLIAM,7195,MISCELLANEOUS FURNITURE AND FIXTURES,337211,WOOD OFFICE FURNITURE MANUFACTURING,,,,,False,False
75N98026F00009,ASTRIX TECHNOLOGY LLC,2026-09-21,117290.2,75N98026F00009,MD,BETHESDA,20892,MONTGOMERY,R499,SUPPORT- PROFESSIONAL: OTHER,541712,"RESEARCH AND DEVELOPMENT IN THE PHYSICAL, ENGINEERING, AND LIFE SCIENCES (EXCEPT BIOTECHNOLOGY)",,,,,False,False
75N95025F00002,"GAP SOLUTIONS, INC.",2026-09-21,0.0,75N95025F00002,MD,BETHESDA,20892,MONTGOMERY,R499,SUPPORT- PROFESSIONAL: OTHER,541690,OTHER SCIENTIFIC AND TECHNICAL CONSULTING SERVICES,,,,,False,False
75N99026P00042,"GAITHERSBURG FARMERS SUPPLY, INC.",2026-09-21,65355.1,75N99026P00042,MD,BETHESDA,20892,MONTGOMERY,5340,"HARDWARE, COMMERCIAL",333111,FARM MACHINERY AND EQUIPMENT MANUFACTURING,,,,,False,False
75N91024F00009,"KILIUDA CONSULTING, LLC",2026-09-21,-5227.83,75N91024F00009,MD,BETHESDA,20892,MONTGOMERY,R499,SUPPORT- PROFESSIONAL: OTHER,541611,ADMINISTRATIVE MANAGEMENT AND GENERAL MANAGEMENT CONSULTING SERVICES,,,,,False,False
75N98026F00061,"GAP SOLUTIONS, INC.",2026-09-21,253866.88,75N98026F00061,MD,BETHESDA,20817,MONTGOMERY,R499,SUPPORT- PROFESSIONAL: OTHER,541690,OTHER SCIENTIFIC AND TECHNICAL CONSULTING SERVICES,,,,,False,False
75N98026P01765,HEALTH RESEARCH OPERATIONS KENYA LIMITED,2026-09-21,88064.31,75N98026P01765,MD,BETHESDA,20892,MONTGOMERY,R499,SUPPORT- PROFESSIONAL: OTHER,813920,PROFESSIONAL ORGANIZATIONS,,,,,False,False
75N98026P01677,"THOMAS SCIENTIFIC, LLC",2026-09-21,104570.92,75N98026P01677,MN,MINNEAPOLIS,55428,HENNEPIN,6515,"MEDICAL AND SURGICAL INSTRUMENTS, EQUIPMENT, AND SUPPLIES",334516,ANALYTICAL LABORATORY INSTRUMENT MANUFACTURING,,,,,False,False
75N95021P00619,"QIAGEN, LLC",2026-09-21,-1477.65,75N95021P00619,MD,BALTIMORE,21224,BALTIMORE,6640,LABORATORY EQUIPMENT AND SUPPLIES,334516,ANALYTICAL LABORATORY INSTRUMENT MANUFACTURING,,,,,False,False
75N95021P00623,IN VITRO STRATEGIES LIMITED LIABILITY COMPANY,2026-09-21,-2430.0,75N95021P00623,NJ,FLEMINGTON,08822,HUNTERDON,R499,SUPPORT- PROFESSIONAL: OTHER,541990,"ALL OTHER PROFESSIONAL, SCIENTIFIC, AND TECHNICAL SERVICES",,,,,False,False
75N98023F00011,"CONTEMPORARIES, INC.",2026-09-21,134252.15,75N98023F00011,MD,SILVER SPRING,20910,MONTGOMERY,R699,SUPPORT- ADMINISTRATIVE: OTHER,561110,OFFICE ADMINISTRATIVE SERVICES,,,,,False,False
75N98023F00043,"TRIPOINT SOLUTIONS, LLC",2026-09-21,0.0,75N98023F00043,VA,ARLINGTON,22203,ARLINGTON,R499,SUPPORT- PROFESSIONAL: OTHER,541511,CUSTOM COMPUTER PROGRAMMING SERVICES,,,,,False,False
75N98026F00001,"GENERAL DYNAMICS INFORMATION TECHNOLOGY, INC.",2026-09-21,0.0,75N98026F00001,VA,FALLS CHURCH,22042,FAIRFAX,DA01,IT AND TELECOM - BUSINESS APPLICATION/APPLICATION DEVELOPMENT SUPPORT SERVICES (LABOR),541511,CUSTOM COMPUTER PROGRAMMING SERVICES,,,,,False,False
75N99026F00001,"CYTRIC, LLC",2026-09-21,634220.0,75N99026F00001,MD,BRINKLOW,20862,MONTGOMERY,Z2JZ,REPAIR OR ALTERATION OF MISCELLANEOUS BUILDINGS,561210,FACILITIES SUPPORT SERVICES,,,,,False,False
75N97023P00053,"BEIJING BOOK COMPANY, INC.",2026-09-21,-523.86,75N97023P00053,NJ,LINDEN,07036,UNION,7610,BOOKS AND PAMPHLETS,519210,LIBRARIES AND ARCHIVES,,,,,False,False
75N95020F00103,"KELLY SERVICES, INC.",2026-09-20,-3241.18,75N95020F00103,MD,BETHESDA,20892,MONTGOMERY,R408,SUPPORT- PROFESSIONAL: PROGRAM MANAGEMENT/SUPPORT,541690,OTHER SCIENTIFIC AND TECHNICAL CONSULTING SERVICES,,,,,False,False
75N95021F00053,"KELLY SERVICES, INC.",2026-09-20,-6590.32,75N95021F00053,MD,BETHESDA,20892,MONTGOMERY,R408,SUPPORT- PROFESSIONAL: PROGRAM MANAGEMENT/SUPPORT,541690,OTHER SCIENTIFIC AND TECHNICAL CONSULTING SERVICES,,,,,False,False
75N95021F00048,"KELLY SERVICES, INC.",2026-09-20,-8089.93,75N95021F00048,MD,BETHESDA,20892,MONTGOMERY,R408,SUPPORT- PROFESSIONAL: PROGRAM MANAGEMENT/SUPPORT,541690,OTHER SCIENTIFIC AND TECHNICAL CONSULTING SERVICES,,,,,False,False
75N95020F00108,"KELLY SERVICES, INC.",2026-09-20,-25185.17,75N95020F00108,MD,BETHESDA,20892,MONTGOMERY,R408,SUPPORT- PROFESSIONAL: PROGRAM MANAGEMENT/SUPPORT,541690,OTHER SCIENTIFIC AND TECHNICAL CONSULTING SERVICES,,,,,False,False
75N95020F00059,"KELLY SERVICES, INC.",2026-09-20,-3387.38,75N95020F00059,MD,BETHESDA,20892,MONTGOMERY,R408,SUPPORT- PROFESSIONAL: PROGRAM MANAGEMENT/SUPPORT,541690,OTHER SCIENTIFIC AND TECHNICAL CONSULTING SERVICES,,,,,False,False
75N95021F00037,"KELLY SERVICES, INC.",2026-09-20,-134594.12,75N95021F00037,MD,BETHESDA,20892,MONTGOMERY,R408,SUPPORT- PROFESSIONAL: PROGRAM MANAGEMENT/SUPPORT,541690,OTHER SCIENTIFIC AND TECHNICAL CONSULTING SERVICES,,,,,False,False
75N95021F00057,"KELLY SERVICES, INC.",2026-09-20,-431.04,75N95021F00057,MD,BETHESDA,20892,MONTGOMERY,R408,SUPPORT- PROFESSIONAL: PROGRAM MANAGEMENT/SUPPORT,541690,OTHER SCIENTIFIC AND TECHNICAL CONSULTING SERVICES,,,,,False,False
75N95021F00059,"KELLY SERVICES, INC.",2026-09-20,-1327.92,75N95021F00059,MD,BETHESDA,20892,MONTGOMERY,R408,SUPPORT- PROFESSIONAL: PROGRAM MANAGEMENT/SUPPORT,541690,OTHER SCIENTIFIC AND TECHNICAL CONSULTING SERVICES,,,,,False,False
75N95021F00049,"KELLY SERVICES, INC.",2026-09-20,-22676.03,75N95021F00049,MD,BETHESDA,20892,MONTGOMERY,R408,SUPPORT- PROFESSIONAL: PROGRAM MANAGEMENT/SUPPORT,541690,OTHER SCIENTIFIC AND TECHNICAL CONSULTING SERVICES,,,,,False,False
75N99026F00002,"AFFILIATED ENGINEERS METRO DC, INC.",2026-09-18,157434.82,75N99026F00002,MD,ROCKVILLE,20852,MONTGOMERY,C219,ARCHITECT AND ENGINEERING- GENERAL: OTHER,541330,ENGINEERING SERVICES,,,,,False,False
75N99026F00001,VETERAN DESIGN & CONSTRUCTION INC,2026-09-18,88275.25,75N99026F00001,MD,BETHESDA,20892,MONTGOMERY,C219,ARCHITECT AND ENGINEERING- GENERAL: OTHER,541330,ENGINEERING SERVICES,,,,,False,False
75N92023F00253,"LEIDOS, INC.",2026-09-18,0.0,75N92023F00253,VA,RESTON,20190,FAIRFAX,DF01,IT AND TELECOM - IT MANAGEMENT SUPPORT SERVICES (LABOR),541519,OTHER COMPUTER RELATED SERVICES,,,,,False,False
75N98026F00013,GUIDEHOUSE DIGITAL LLC,2026-09-18,0.0,75N98026F00013,VA,MCLEAN,22102,FAIRFAX,R499,SUPPORT- PROFESSIONAL: OTHER,541690,OTHER SCIENTIFIC AND TECHNICAL CONSULTING SERVICES,,,,,False,False
75N95024P00608,"NATIONAL COLLEGIATE INVENTORS & INNOVATORS ALLIANCE, INC.",2026-09-18,47478.75,75N95024P00608,MA,HADLEY,01035,HAMPSHIRE,U008,EDUCATION/TRAINING- TRAINING/CURRICULUM DEVELOPMENT,611430,PROFESSIONAL AND MANAGEMENT DEVELOPMENT TRAINING,,,,,False,False
75N98026P01721,GOVERNMENT SCIENTIFIC SOURCE INC,2026-09-18,45597.39,75N98026P01721,VA,RESTON,20191,FAIRFAX,6515,"MEDICAL AND SURGICAL INSTRUMENTS, EQUIPMENT, AND SUPPLIES",541715,"RESEARCH AND DEVELOPMENT IN THE PHYSICAL, ENGINEERING, AND LIFE SCIENCES (EXCEPT NANOTECHNOLOGY AND BIOTECHNOLOGY)",,,,,False,False
75N98026F00361,RESEARCH TRIANGLE INSTITUTE,2026-09-18,499458.63,75N98026F00361,NC,DURHAM,27709,DURHAM,DA01,IT AND TELECOM - BUSINESS APPLICATION/APPLICATION DEVELOPMENT SUPPORT SERVICES (LABOR),541611,ADMINISTRATIVE MANAGEMENT AND GENERAL MANAGEMENT CONSULTING SERVICES,,,,,False,False
75N98026F00406,GOVERNMENT SCIENTIFIC SOURCE INC,2026-09-18,71555.75,75N98026F00406,VA,RESTON,20191,FAIRFAX,6640,LABORATORY EQUIPMENT AND SUPPLIES,334516,ANALYTICAL LABORATORY INSTRUMENT MANUFACTURING,,,,,False,False
75N98026P01633,"ACTIVE MOTIF, INC.",2026-09-18,23312.0,75N98026P01633,CA,CARLSBAD,92008,SAN DIEGO,AN11,HEALTH R&D SERVICES; HEALTH CARE SERVICES; BASIC RESEARCH,811210,ELECTRONIC AND PRECISION EQUIPMENT REPAIR AND MAINTENANCE,,,,,False,False
75N98026P01738,GENERAL SERVICES ADMINISTRATION GREATER SOUTHWEST FINANCE CENTER (7BC),2026-09-18,29103.66,75N98026P01738,TX,FORT WORTH,76102,TARRANT,2310,PASSENGER MOTOR VEHICLES,336110,AUTOMOBILE AND LIGHT DUTY MOTOR VEHICLE MANUFACTURING,,,,,False,False
75N98026P01642,"10X GENOMICS, INC.",2026-09-18,36704.25,75N98026P01642,CA,PLEASANTON,94588,ALAMEDA,6640,LABORATORY EQUIPMENT AND SUPPLIES,334516,ANALYTICAL LABORATORY INSTRUMENT MANUFACTURING,,,,,False,False
75N98026P01679,"SHORT HILL TRUCK REPAIR, INC.",2026-09-18,429822.0,75N98026P01679,MD,BETHESDA,20892,MONTGOMERY,J023,"MAINT/REPAIR/REBUILD OF EQUIPMENT- GROUND EFFECT VEHICLES, MOTOR VEHICLES, TRAILERS, AND CYCLES",811111,GENERAL AUTOMOTIVE REPAIR,,,,,False,False
75N99026F00011,CHAPPELLE MECHANICAL SERVICES LLC,2026-09-18,30684.0,75N99026F00011,MD,BETHESDA,20892,MONTGOMERY,Y1JZ,CONSTRUCTION OF MISCELLANEOUS BUILDINGS,236220,COMMERCIAL AND INSTITUTIONAL BUILDING CONSTRUCTION,,,,,False,False
75N98026P01709,"10X GENOMICS, INC.",2026-09-18,59610.7,75N98026P01709,MD,BALTIMORE,21224,BALTIMORE CITY,6640,LABORATORY EQUIPMENT AND SUPPLIES,334516,ANALYTICAL LABORATORY INSTRUMENT MANUFACTURING,,,,,False,False
75N98122F00001,"IMPRES TECHNOLOGY SOLUTIONS, INC",2026-09-18,1250.0,75N98122F00001,MD,ROCKVILLE,20857,MONTGOMERY,7B22,IT AND TELECOM - COMPUTE: SERVERS (HARDWARE AND PERPETUAL LICENSE SOFTWARE),541519,OTHER COMPUTER RELATED SERVICES,,,,,False,False
75N94026F00001,"HEALTH DECISIONS, INC.",2026-09-18,495123.0,75N94026F00001,NC,MORRISVILLE,27560,WAKE,AN12,HEALTH R&D SERVICES; HEALTH CARE SERVICES; APPLIED RESEARCH,541715,"RESEARCH AND DEVELOPMENT IN THE PHYSICAL, ENGINEERING, AND LIFE SCIENCES (EXCEPT NANOTECHNOLOGY AND BIOTECHNOLOGY)",,,,,False,False
75N95025F00001,BATTELLE MEMORIAL INSTITUTE,2026-09-18,680284.0,75N95025F00001,OH,COLUMBUS,43201,FRANKLIN,AN12,HEALTH R&D SERVICES; HEALTH CARE SERVICES; APPLIED RESEARCH,541714,RESEARCH AND DEVELOPMENT IN BIOTECHNOLOGY (EXCEPT NANOBIOTECHNOLOGY),,,,,False,False
75N99022F00001,"SUMMER CONSULTANTS, INC.",2026-09-18,82994.41,75N99022F00001,MD,BETHESDA,20892,MONTGOMERY,C219,ARCHITECT AND ENGINEERING- GENERAL: OTHER,541330,ENGINEERING SERVICES,,,,,False,False
75N98026P01746,"ALAMAR BIOSCIENCES, INC.",2026-09-18,99990.0,75N98026P01746,CA,FREMONT,94538,ALAMEDA,6550,"IN VITRO DIAGNOSTIC SUBSTANCES, REAGENTS, TEST KITS AND SETS",334516,ANALYTICAL LABORATORY INSTRUMENT MANUFACTURING,,,,,False,False
75N95024F00062,"22ND CENTURY TECHNOLOGIES, INC.",2026-09-18,110457.6,75N95024F00062,MD,ROCKVILLE,20852,MONTGOMERY,R408,SUPPORT- PROFESSIONAL: PROGRAM MANAGEMENT/SUPPORT,541690,OTHER SCIENTIFIC AND TECHNICAL CONSULTING SERVICES,,,,,False,False
75N93021F00003,SOUTHERN RESEARCH INSTITUTE,2026-09-18,-136491.44,75N93021F00003,AL,BIRMINGHAM,35205,JEFFERSON,AN11,HEALTH R&D SERVICES; HEALTH CARE SERVICES; BASIC RESEARCH,541715,"RESEARCH AND DEVELOPMENT IN THE PHYSICAL, ENGINEERING, AND LIFE SCIENCES (EXCEPT NANOTECHNOLOGY AND BIOTECHNOLOGY)",,,,,False,False
75N98026F00388,DELOITTE & TOUCHE LLP,2026-09-18,51895.9,75N98026F00388,MD,BETHESDA,20892,MONTGOMERY,7A21,IT AND TELECOM - BUSINESS APPLICATION SOFTWARE (PERPETUAL LICENSE SOFTWARE),541519,OTHER COMPUTER RELATED SERVICES,,,,,False,False
75N91024F00006,PR STRATEGISTS LLC,2026-09-18,-72166.34,75N91024F00006,MD,ELKRIDGE,21075,HOWARD,U004,EDUCATION/TRAINING- SCIENTIFIC/MANAGEMENT,541990,"ALL OTHER PROFESSIONAL, SCIENTIFIC, AND TECHNICAL SERVICES",,,,,False,False
75N93020C00054,THE LELAND STANFORD JUNIOR UNIVERSITY,2026-09-18,0.0,75N93020C00054,CA,STANFORD,94305,SANTA CLARA,AJ12,GENERAL SCIENCE AND TECHNOLOGY R&D SERVICES; GENERAL SCIENCE AND TECHNOLOGY; APPLIED RESEARCH,541715,"RESEARCH AND DEVELOPMENT IN THE PHYSICAL, ENGINEERING, AND LIFE SCIENCES (EXCEPT NANOTECHNOLOGY AND BIOTECHNOLOGY)",,,,,False,False
75N93025F00034,"KELLY SERVICES, INC.",2026-09-18,231340.8,75N93025F00034,MD,BETHESDA,20814,MONTGOMERY,R707,SUPPORT- MANAGEMENT: CONTRACT/PROCUREMENT/ACQUISITION SUPPORT,541990,"ALL OTHER PROFESSIONAL, SCIENTIFIC, AND TECHNICAL SERVICES",,,,,False,False
75N95021F00041,"KELLY SERVICES, INC.",2026-09-18,-40831.96,75N95021F00041,MD,BETHESDA,20892,MONTGOMERY,R408,SUPPORT- PROFESSIONAL: PROGRAM MANAGEMENT/SUPPORT,541690,OTHER SCIENTIFIC AND TECHNICAL CONSULTING SERVICES,,,,,False,False
75N95021F00042,"KELLY SERVICES, INC.",2026-09-18,-3533.31,75N95021F00042,MD,BETHESDA,20892,MONTGOMERY,R408,SUPPORT- PROFESSIONAL: PROGRAM MANAGEMENT/SUPPORT,541690,OTHER SCIENTIFIC AND TECHNICAL CONSULTING SERVICES,,,,,False,False
75N95021F00047,"KELLY SERVICES, INC.",2026-09-18,-291.74,75N95021F00047,MD,BETHESDA,20892,MONTGOMERY,R408,SUPPORT- PROFESSIONAL: PROGRAM MANAGEMENT/SUPPORT,541690,OTHER SCIENTIFIC AND TECHNICAL CONSULTING SERVICES,,,,,False,False
75N95021F00058,"KELLY SERVICES, INC.",2026-09-18,-10766.47,75N95021F00058,MD,BETHESDA,20892,MONTGOMERY,R408,SUPPORT- PROFESSIONAL: PROGRAM MANAGEMENT/SUPPORT,541690,OTHER SCIENTIFIC AND TECHNICAL CONSULTING SERVICES,,,,,False,False
75N93025F00032,"KELLY SERVICES, INC.",2026-09-18,81600.0,75N93025F00032,MD,BETHESDA,20814,MONTGOMERY,R707,SUPPORT- MANAGEMENT: CONTRACT/PROCUREMENT/ACQUISITION SUPPORT,541990,"ALL OTHER PROFESSIONAL, SCIENTIFIC, AND TECHNICAL SERVICES",,,,,False,False
75N95021F00060,"KELLY SERVICES, INC.",2026-09-18,-4825.08,75N95021F00060,MD,BETHESDA,20892,MONTGOMERY,R408,SUPPORT- PROFESSIONAL: PROGRAM MANAGEMENT/SUPPORT,541690,OTHER SCIENTIFIC AND TECHNICAL CONSULTING SERVICES,,,,,False,False
75N95021F00061,"KELLY SERVICES, INC.",2026-09-18,-1405.27,75N95021F00061,MD,BETHESDA,20892,MONTGOMERY,R408,SUPPORT- PROFESSIONAL: PROGRAM MANAGEMENT/SUPPORT,541690,OTHER SCIENTIFIC AND TECHNICAL CONSULTING SERVICES,,,,,False,False
75N95021F00051,"KELLY SERVICES, INC.",2026-09-18,-31044.31,75N95021F00051,MD,BETHESDA,20892,MONTGOMERY,R408,SUPPORT- PROFESSIONAL: PROGRAM MANAGEMENT/SUPPORT,541690,OTHER SCIENTIFIC AND TECHNICAL CONSULTING SERVICES,,,,,False,False
75N95021F00063,"KELLY SERVICES, INC.",2026-09-18,-8664.13,75N95021F00063,MD,BETHESDA,20892,MONTGOMERY,R408,SUPPORT- PROFESSIONAL: PROGRAM MANAGEMENT/SUPPORT,541690,OTHER SCIENTIFIC AND TECHNICAL CONSULTING SERVICES,,,,,False,False
75N95021F00001,ROBERTS OXYGEN CO INC,2026-09-18,-9155.63,75N95021F00001,MD,BALTIMORE,21224,BALTIMORE CITY,6830,GASES: COMPRESSED AND LIQUEFIED,325120,INDUSTRIAL GAS MANUFACTURING,,,,,False,False
75N94021F00001,"UNIVERSITY OF CALIFORNIA, LOS ANGELES",2026-09-18,-381.11,75N94021F00001,CA,LOS ANGELES,90095,LOS ANGELES,AN12,HEALTH R&D SERVICES; HEALTH CARE SERVICES; APPLIED RESEARCH,541715,"RESEARCH AND DEVELOPMENT IN THE PHYSICAL, ENGINEERING, AND LIFE SCIENCES (EXCEPT NANOTECHNOLOGY AND BIOTECHNOLOGY)",,,,,False,False
75N95021F00044,"KELLY SERVICES, INC.",2026-09-18,-29192.73,75N95021F00044,MD,BETHESDA,20892,MONTGOMERY,R408,SUPPORT- PROFESSIONAL: PROGRAM MANAGEMENT/SUPPORT,541690,OTHER SCIENTIFIC AND TECHNICAL CONSULTING SERVICES,,,,,False,False
HHSN27500016,FISHER BIOSERVICES INC,2026-09-18,-9154.96,HHSN27500016,MD,ROCKVILLE,20850,MONTGOMERY,AN12,HEALTH R&D SERVICES; HEALTH CARE SERVICES; APPLIED RESEARCH,541712,"RESEARCH AND DEVELOPMENT IN THE PHYSICAL, ENGINEERING, AND LIFE SCIENCES (EXCEPT BIOTECHNOLOGY)",,,,,False,False
75N98026F00397,GUIDEHOUSE INC.,2026-09-18,3271899.2,75N98026F00397,MD,BETHESDA,20892,MONTGOMERY,R499,SUPPORT- PROFESSIONAL: OTHER,541611,ADMINISTRATIVE MANAGEMENT AND GENERAL MANAGEMENT CONSULTING SERVICES,,,,,False,False
HHSN26100013,NORTHWESTERN UNIVERSITY,2026-09-18,-12114.59,HHSN26100013,IL,EVANSTON,60208,COOK,AN12,HEALTH R&D SERVICES; HEALTH CARE SERVICES; APPLIED RESEARCH,541712,"RESEARCH AND DEVELOPMENT IN THE PHYSICAL, ENGINEERING, AND LIFE SCIENCES (EXCEPT BIOTECHNOLOGY)",,,,,False,False
75N98026P01653,KNOWLEDGEWORKS GLOBAL LTD,2026-09-18,1190196.0,75N98026P01653,MD,BETHESDA,20892,MONTGOMERY,7630,NEWSPAPERS AND PERIODICALS,513120,PERIODICAL PUBLISHERS,,,,,False,False
75N94021F00001,"DLH, LLC",2026-09-18,-20202.78,75N94021F00001,MD,BETHESDA,20892,MONTGOMERY,DE01,"IT AND TELECOM - END USER: HELP DESK; TIER 1-2, WORKSPACE, PRINT, OUTPUT, PRODUCTIVITY TOOLS (LABOR)",541512,COMPUTER SYSTEMS DESIGN SERVICES,,,,,False,False
HHSN26100010,NORTHWESTERN UNIVERSITY,2026-09-18,-23145.44,HHSN26100010,IL,CHICAGO,60611,COOK,AN12,HEALTH R&D SERVICES; HEALTH CARE SERVICES; APPLIED RESEARCH,541712,"RESEARCH AND DEVELOPMENT IN THE PHYSICAL, ENGINEERING, AND LIFE SCIENCES (EXCEPT BIOTECHNOLOGY)",,,,,False,False
75N98026P01708,"LI-COR BIOTECH, LLC",2026-09-18,109335.85,75N98026P01708,NE,LINCOLN,68504,LANCASTER,6640,LABORATORY EQUIPMENT AND SUPPLIES,334516,ANALYTICAL LABORATORY INSTRUMENT MANUFACTURING,,,,,False,False
75N98026F00001,CURIA GLOBAL INC,2026-09-18,2138209.31,75N98026F00001,NY,ALBANY,12203,ALBANY,AN12,HEALTH R&D SERVICES; HEALTH CARE SERVICES; APPLIED RESEARCH,541715,"RESEARCH AND DEVELOPMENT IN THE PHYSICAL, ENGINEERING, AND LIFE SCIENCES (EXCEPT NANOTECHNOLOGY AND BIOTECHNOLOGY)",,,,,False,False
75N98026F00002,CURIA GLOBAL INC,2026-09-18,692173.36,75N98026F00002,NY,ALBANY,12203,ALBANY,AN12,HEALTH R&D SERVICES; HEALTH CARE SERVICES; APPLIED RESEARCH,541715,"RESEARCH AND DEVELOPMENT IN THE PHYSICAL, ENGINEERING, AND LIFE SCIENCES (EXCEPT NANOTECHNOLOGY AND BIOTECHNOLOGY)",,,,,False,False
75N95020F00003,CURIA GLOBAL INC,2026-09-18,-188638.16,75N95020F00003,NY,ALBANY,12212,ALBANY,AN12,HEALTH R&D SERVICES; HEALTH CARE SERVICES; APPLIED RESEARCH,541715,"RESEARCH AND DEVELOPMENT IN THE PHYSICAL, ENGINEERING, AND LIFE SCIENCES (EXCEPT NANOTECHNOLOGY AND BIOTECHNOLOGY)",,,,,False,False
75N98026P01735,AANTILIA LLC,2026-09-18,19992.6,75N98026P01735,TX,AUSTIN,78758,TRAVIS,6640,LABORATORY EQUIPMENT AND SUPPLIES,423450,"MEDICAL, DENTAL, AND HOSPITAL EQUIPMENT AND SUPPLIES MERCHANT WHOLESALERS",,,,,False,False
75N98026F00003,CURIA GLOBAL INC,2026-09-18,669174.79,75N98026F00003,NY,ALBANY,12203,ALBANY,AN12,HEALTH R&D SERVICES; HEALTH CARE SERVICES; APPLIED RESEARCH,541715,"RESEARCH AND DEVELOPMENT IN THE PHYSICAL, ENGINEERING, AND LIFE SCIENCES (EXCEPT NANOTECHNOLOGY AND BIOTECHNOLOGY)",,,,,False,False
75N92023F00002,TRIPLE POINT SECURITY INC,2026-09-18,1542378.34,75N92023F00002,VA,HERNDON,20171,FAIRFAX,R408,SUPPORT- PROFESSIONAL: PROGRAM MANAGEMENT/SUPPORT,541512,COMPUTER SYSTEMS DESIGN SERVICES,,,,,False,False
75N95C21P00082,"GLC ON-THE-GO, INC.",2026-09-18,-78.7,75N95C21P00082,MD,BETHESDA,20892,MONTGOMERY,R799,SUPPORT- MANAGEMENT: OTHER,561320,TEMPORARY HELP SERVICES,,,,,False,False
75N98026F00402,BIALEK CORPORATION OF MARYLAND,2026-09-18,21430.25,75N98026F00402,MD,ROCKVILLE,20852,MONTGOMERY,7110,OFFICE FURNITURE,337122,NONUPHOLSTERED WOOD HOUSEHOLD FURNITURE MANUFACTURING,,,,,False,False
75N98026F00337,"INFORMATION MANAGEMENT SERVICES, INC.",2026-09-18,2100000.0,75N98026F00337,MD,BETHESDA,20892,MONTGOMERY,R499,SUPPORT- PROFESSIONAL: OTHER,541519,OTHER COMPUTER RELATED SERVICES,,,,,False,False
75N99025C00069,AMVET RITZ JV LLC,2026-09-18,129797.0,75N99025C00069,MD,BETHESDA,20892,MONTGOMERY,Y1JZ,CONSTRUCTION OF MISCELLANEOUS BUILDINGS,236220,COMMERCIAL AND INSTITUTIONAL BUILDING CONSTRUCTION,,,,,False,False
75N98026P01644,"ILLUMINA, INC.",2026-09-18,95025.0,75N98026P01644,MD,BETHESDA,20814,MONTGOMERY,7A21,IT AND TELECOM - BUSINESS APPLICATION SOFTWARE (PERPETUAL LICENSE SOFTWARE),334516,ANALYTICAL LABORATORY INSTRUMENT MANUFACTURING,,,,,False,False
75N98026F00028,"ILLUMINA, INC.",2026-09-18,11720.39,75N98026F00028,CA,SAN DIEGO,92122,SAN DIEGO,6640,LABORATORY EQUIPMENT AND SUPPLIES,334516,ANALYTICAL LABORATORY INSTRUMENT MANUFACTURING,,,,,False,False
75N90022P00607,"CAREFUSION SOLUTIONS, LLC",2026-09-18,44100.0,75N90022P00607,MD,BETHESDA,20892,MONTGOMERY,6515,"MEDICAL AND SURGICAL INSTRUMENTS, EQUIPMENT, AND SUPPLIES",811219,OTHER ELECTRONIC AND PRECISION EQUIPMENT REPAIR AND MAINTENANCE,,,,,False,False
75N98026F00029,"ILLUMINA, INC.",2026-09-18,224945.8,75N98026F00029,CA,SAN DIEGO,92122,SAN DIEGO,6640,LABORATORY EQUIPMENT AND SUPPLIES,334516,ANALYTICAL LABORATORY INSTRUMENT MANUFACTURING,,,,,False,False
75N99025C00055,PBCI-PKS JV LLC,2026-09-18,19819.65,75N99025C00055,MD,BETHESDA,20892,MONTGOMERY,Y1JZ,CONSTRUCTION OF MISCELLANEOUS BUILDINGS,236220,COMMERCIAL AND INSTITUTIONAL BUILDING CONSTRUCTION,,,,,False,False
75N98026F00027,"ILLUMINA, INC.",2026-09-18,242566.94,75N98026F00027,CA,SAN DIEGO,92122,SAN DIEGO,6640,LABORATORY EQUIPMENT AND SUPPLIES,334516,ANALYTICAL LABORATORY INSTRUMENT MANUFACTURING,,,,,False,False
75N93022C00055,DUKE UNIVERSITY,2026-09-18,-173630.12,75N93022C00055,NC,DURHAM,27708,DURHAM,AN12,HEALTH R&D SERVICES; HEALTH CARE SERVICES; APPLIED RESEARCH,541715,"RESEARCH AND DEVELOPMENT IN THE PHYSICAL, ENGINEERING, AND LIFE SCIENCES (EXCEPT NANOTECHNOLOGY AND BIOTECHNOLOGY)",,,,,False,False
75N95019F00092,SRI INTERNATIONAL,2026-09-18,-226858.83,75N95019F00092,CA,MENLO PARK,94025,SAN MATEO,AN11,HEALTH R&D SERVICES; HEALTH CARE SERVICES; BASIC RESEARCH,541711,RESEARCH AND DEVELOPMENT IN BIOTECHNOLOGY,,,,,False,False
75N92025F00001,"STEAMPUNK, INC.",2026-09-18,0.0,75N92025F00001,VA,MCLEAN,22102,FAIRFAX,DB10,IT AND TELECOM - COMPUTE AS A SERVICE: MAINFRAME/SERVERS,541512,COMPUTER SYSTEMS DESIGN SERVICES,,,,,False,False
75N98026P01704,"SIGMA-ALDRICH, INC.",2026-09-18,27983.63,75N98026P01704,MO,SAINT LOUIS,63103,SAINT LOUIS CITY,6505,DRUGS AND BIOLOGICALS,325412,PHARMACEUTICAL PREPARATION MANUFACTURING,,,,,False,False
75N95021P00528,MEDKOO INC,2026-09-18,-113655.2,75N95021P00528,NC,MORRISVILLE,27560,WAKE,6810,CHEMICALS,325412,PHARMACEUTICAL PREPARATION MANUFACTURING,,,,,False,False
75N99022F00003,HENSEL PHELPS CONSTRUCTION CO,2026-09-18,3030075.0,75N99022F00003,MD,BETHESDA,20892,MONTGOMERY,Y1JZ,CONSTRUCTION OF MISCELLANEOUS BUILDINGS,236220,COMMERCIAL AND INSTITUTIONAL BUILDING CONSTRUCTION,,,,,False,False
75N99022F00003,HENSEL PHELPS CONSTRUCTION CO,2026-09-18,485000.0,75N99022F00003,MD,BETHESDA,20892,MONTGOMERY,Y1JZ,CONSTRUCTION OF MISCELLANEOUS BUILDINGS,236220,COMMERCIAL AND INSTITUTIONAL BUILDING CONSTRUCTION,,,,,False,False
75N93025F00068,"AXLE INFORMATICS, LLC",2026-09-18,243916.8,75N93025F00068,MD,BETHESDA,20814,MONTGOMERY,R707,SUPPORT- MANAGEMENT: CONTRACT/PROCUREMENT/ACQUISITION SUPPORT,541990,"ALL OTHER PROFESSIONAL, SCIENTIFIC, AND TECHNICAL SERVICES",,,,,False,False
75N99026F00001,"CHEROENHAKA NOTTOWAY ENTERPRISES, LLC",2026-09-18,485623.1,75N99026F00001,MD,BETHESDA,20892,MONTGOMERY,Z2JZ,REPAIR OR ALTERATION OF MISCELLANEOUS BUILDINGS,423450,"MEDICAL, DENTAL, AND HOSPITAL EQUIPMENT AND SUPPLIES MERCHANT WHOLESALERS",,,,,False,False
75N91020C00004,"AGILE DECISION SCIENCES, LLC",2026-09-18,-8908.7,75N91020C00004,MD,BETHESDA,20892,MONTGOMERY,R702,SUPPORT- MANAGEMENT: DATA COLLECTION,518210,"COMPUTING INFRASTRUCTURE PROVIDERS, DATA PROCESSING, WEB HOSTING, AND RELATED SERVICES",,,,,False,False
75N93024F00149,"AXLE INFORMATICS, LLC",2026-09-18,265843.2,75N93024F00149,MD,BETHESDA,20814,MONTGOMERY,R707,SUPPORT- MANAGEMENT: CONTRACT/PROCUREMENT/ACQUISITION SUPPORT,541990,"ALL OTHER PROFESSIONAL, SCIENTIFIC, AND TECHNICAL SERVICES",,,,,False,False
75N94021F00207,DELOITTE CONSULTING LLP,2026-09-18,-22401.67,75N94021F00207,VA,ARLINGTON,22209,ARLINGTON,R499,SUPPORT- PROFESSIONAL: OTHER,541512,COMPUTER SYSTEMS DESIGN SERVICES,,,,,False,False
75N98026F00082,VWR INTERNATIONAL LLC,2026-09-18,-39880.62,75N98026F00082,PA,WAYNE,19087,DELAWARE,6640,LABORATORY EQUIPMENT AND SUPPLIES,339113,SURGICAL APPLIANCE AND SUPPLIES MANUFACTURING,,,,,False,False
75N95019C00023,"ROSE LI AND ASSOCIATES, INC.",2026-09-18,-549988.94,75N95019C00023,MD,BETHESDA,20892,MONTGOMERY,R706,SUPPORT- MANAGEMENT: LOGISTICS SUPPORT,541611,ADMINISTRATIVE MANAGEMENT AND GENERAL MANAGEMENT CONSULTING SERVICES,,,,,False,False
75N98026P01473,"UNIVERSITY OF MARYLAND, BALTIMORE",2026-09-18,25000.0,75N98026P01473,MD,BALTIMORE,21201,BALTIMORE CITY,Q301,REFERENCE LABORATORY TESTING,621511,MEDICAL LABORATORIES,,,,,False,False
75N98124F00001,DELOITTE CONSULTING LLP,2026-09-18,5144976.5,75N98124F00001,VA,ARLINGTON,22209,ARLINGTON,DA01,IT AND TELECOM - BUSINESS APPLICATION/APPLICATION DEVELOPMENT SUPPORT SERVICES (LABOR),541512,COMPUTER SYSTEMS DESIGN SERVICES,,,,,False,False
75N91018C00005,NATIONAL OPINION RESEARCH CENTER,2026-09-18,-193.03,75N91018C00005,IL,CHICAGO,60637,COOK,R408,SUPPORT- PROFESSIONAL: PROGRAM MANAGEMENT/SUPPORT,541990,"ALL OTHER PROFESSIONAL, SCIENTIFIC, AND TECHNICAL SERVICES",,,,,False,False
75N91021F00001,DEPARTMENT OF PUBLIC HEALTH ILLINOIS,2026-09-18,-118422.6,75N91021F00001,IL,SPRINGFIELD,62761,SANGAMON,AN12,HEALTH R&D SERVICES; HEALTH CARE SERVICES; APPLIED RESEARCH,541715,"RESEARCH AND DEVELOPMENT IN THE PHYSICAL, ENGINEERING, AND LIFE SCIENCES (EXCEPT NANOTECHNOLOGY AND BIOTECHNOLOGY)",,,,,False,False
75N94025P00072,"COHERENT NA, INC.",2026-09-18,0.0,75N94025P00072,MI,PLYMOUTH,48170,WAYNE,J066,MAINT/REPAIR/REBUILD OF EQUIPMENT- INSTRUMENTS AND LABORATORY EQUIPMENT,811210,ELECTRONIC AND PRECISION EQUIPMENT REPAIR AND MAINTENANCE,,,,,False,False
75N98026P01514,CAPITAL CONSULTING CORP,2026-09-18,259868.82,75N98026P01514,MD,ROCKVILLE,20852,MONTGOMERY,R499,SUPPORT- PROFESSIONAL: OTHER,561920,CONVENTION AND TRADE SHOW ORGANIZERS,,,,,False,False
HHSN273201500012C,"CHARLES RIVER LABORATORIES, INC.",2026-09-18,-733785.93,HHSN273201500012C,NC,DURHAM,27703,DURHAM,AZ11,R&D- OTHER RESEARCH AND DEVELOPMENT (BASIC RESEARCH),541712,"RESEARCH AND DEVELOPMENT IN THE PHYSICAL, ENGINEERING, AND LIFE SCIENCES (EXCEPT BIOTECHNOLOGY)",,,,,False,False
75N93025F00028,"GAP SOLUTIONS, INC.",2026-09-18,130406.4,75N93025F00028,MD,ROCKVILLE,20852,MONTGOMERY,R707,SUPPORT- MANAGEMENT: CONTRACT/PROCUREMENT/ACQUISITION SUPPORT,541990,"ALL OTHER PROFESSIONAL, SCIENTIFIC, AND TECHNICAL SERVICES",,,,,False,False
75N98026P01453,CAPITAL CONSULTING CORP,2026-09-18,101086.74,75N98026P01453,MD,ROCKVILLE,20852,MONTGOMERY,R499,SUPPORT- PROFESSIONAL: OTHER,561920,CONVENTION AND TRADE SHOW ORGANIZERS,,,,,False,False
75N99026F00002,BELT BUILT CFM GOVERNMENT SERVICES JV LLC,2026-09-18,8501801.0,75N99026F00002,MD,BETHESDA,20892,MONTGOMERY,Y1JZ,CONSTRUCTION OF MISCELLANEOUS BUILDINGS,236220,COMMERCIAL AND INSTITUTIONAL BUILDING CONSTRUCTION,,,,,False,False
75N98026P01737,"COHERENT NA, INC.",2026-09-18,33115.0,75N98026P01737,CA,SANTA CLARA,95054,SANTA CLARA,6640,LABORATORY EQUIPMENT AND SUPPLIES,334516,ANALYTICAL LABORATORY INSTRUMENT MANUFACTURING,,,,,False,False
HHSN272201800009C,"CHARLES RIVER LABORATORIES, INC.",2026-09-18,-211601.05,HHSN272201800009C,MD,GERMANTOWN,20874,MONTGOMERY,R499,SUPPORT- PROFESSIONAL: OTHER,541990,"ALL OTHER PROFESSIONAL, SCIENTIFIC, AND TECHNICAL SERVICES",,,,,False,False
75N95025F00037,"GAP SOLUTIONS, INC.",2026-09-18,100996.48,75N95025F00037,MD,BETHESDA,20892,MONTGOMERY,R499,SUPPORT- PROFESSIONAL: OTHER,541690,OTHER SCIENTIFIC AND TECHNICAL CONSULTING SERVICES,,,,,False,False
75N99026F00006,"NEW AGE DEVELOPMENT GROUP, LLC",2026-09-18,570492.0,75N99026F00006,MD,BETHESDA,20892,MONTGOMERY,Y1JZ,CONSTRUCTION OF MISCELLANEOUS BUILDINGS,236220,COMMERCIAL AND INSTITUTIONAL BUILDING CONSTRUCTION,,,,,False,False
75N99023F00001,"CANNON CORPORATION, THE",2026-09-18,4000.0,75N99023F00001,MD,BETHESDA,20814,MONTGOMERY,C219,ARCHITECT AND ENGINEERING- GENERAL: OTHER,541330,ENGINEERING SERVICES,,,,,False,False
75N98122F00001,BOOZ ALLEN HAMILTON INC,2026-09-18,400000.0,75N98122F00001,VA,MCLEAN,22102,FAIRFAX,DA01,IT AND TELECOM - BUSINESS APPLICATION/APPLICATION DEVELOPMENT SUPPORT SERVICES (LABOR),541512,COMPUTER SYSTEMS DESIGN SERVICES,,,,,False,False
75N99026C00034,DOLIVEIRA SYSTEMS LLC,2026-09-18,2714361.63,75N99026C00034,MD,BETHESDA,20892,MONTGOMERY,Y1JZ,CONSTRUCTION OF MISCELLANEOUS BUILDINGS,236220,COMMERCIAL AND INSTITUTIONAL BUILDING CONSTRUCTION,,,,,False,False
75N99026F00007,"NEW AGE DEVELOPMENT GROUP, LLC",2026-09-18,474344.0,75N99026F00007,MD,BETHESDA,20892,MONTGOMERY,Y1JZ,CONSTRUCTION OF MISCELLANEOUS BUILDINGS,236220,COMMERCIAL AND INSTITUTIONAL BUILDING CONSTRUCTION,,,,,False,False
75N95021F00007,GUIDEHOUSE DIGITAL LLC,2026-09-17,-41.66,75N95021F00007,MD,BETHESDA,20892,MONTGOMERY,R499,SUPPORT- PROFESSIONAL: OTHER,541690,OTHER SCIENTIFIC AND TECHNICAL CONSULTING SERVICES,,,,,False,False
75N95021F00002,GUIDEHOUSE DIGITAL LLC,2026-09-17,-6303.48,75N95021F00002,MD,BETHESDA,20892,MONTGOMERY,R499,SUPPORT- PROFESSIONAL: OTHER,541690,OTHER SCIENTIFIC AND TECHNICAL CONSULTING SERVICES,,,,,False,False
75N95021P00291,PSOMAGEN INC,2026-09-17,-66540.0,75N95021P00291,MD,ROCKVILLE,20850,MONTGOMERY,Q301,REFERENCE LABORATORY TESTING,541380,TESTING LABORATORIES AND SERVICES,,,,,False,False
75N98026P01638,MERIDIAN BIOSCIENCE INC,2026-09-17,25300.0,75N98026P01638,OH,CINCINNATI,45244,HAMILTON,6525,"IMAGING EQUIPMENT AND SUPPLIES: MEDICAL, DENTAL, VETERINARY",334516,ANALYTICAL LABORATORY INSTRUMENT MANUFACTURING,,,,,False,False
75N99026F00002,OLGOONIK SPECIALTY CONTRACTORS LLC,2026-09-17,85379.69,75N99026F00002,MD,BETHESDA,20892,MONTGOMERY,Y1JZ,CONSTRUCTION OF MISCELLANEOUS BUILDINGS,236220,COMMERCIAL AND INSTITUTIONAL BUILDING CONSTRUCTION,,,,,False,False
75N91026F00001,ALCHEM LABORATORIES CORPORATION,2026-09-17,600000.0,75N91026F00001,FL,ALACHUA,32615,ALACHUA,B504,SPECIAL STUDIES/ANALYSIS- CHEMICAL/BIOLOGICAL,325412,PHARMACEUTICAL PREPARATION MANUFACTURING,,,,,False,False
75N99026F00003,CHINOOK SYSTEMS INC,2026-09-17,188444.0,75N99026F00003,MD,BETHESDA,20889,MONTGOMERY,C219,ARCHITECT AND ENGINEERING- GENERAL: OTHER,541330,ENGINEERING SERVICES,,,,,False,False
75N95021F00005,GUIDEHOUSE DIGITAL LLC,2026-09-17,-4.97,75N95021F00005,MD,BETHESDA,20892,MONTGOMERY,R499,SUPPORT- PROFESSIONAL: OTHER,541690,OTHER SCIENTIFIC AND TECHNICAL CONSULTING SERVICES,,,,,False,False
75N93022F00001,GUIDEHOUSE DIGITAL LLC,2026-09-17,961258.0,75N93022F00001,MD,ROCKVILLE,20852,MONTGOMERY,DA01,IT AND TELECOM - BUSINESS APPLICATION/APPLICATION DEVELOPMENT SUPPORT SERVICES (LABOR),541512,COMPUTER SYSTEMS DESIGN SERVICES,,,,,False,False
75N94021F00044,NEEVSYS INC.,2026-09-17,-3411.28,75N94021F00044,MD,BETHESDA,20817,MONTGOMERY,U005,EDUCATION/TRAINING- TUITION/REGISTRATION/MEMBERSHIP FEES,541519,OTHER COMPUTER RELATED SERVICES,,,,,False,False
75N98026F00012,CHAPPELLE MECHANICAL SERVICES LLC,2026-09-17,0.0,75N98026F00012,MD,BETHESDA,20892,MONTGOMERY,Z2DA,REPAIR OR ALTERATION OF HOSPITALS AND INFIRMARIES,238220,"PLUMBING, HEATING, AND AIR-CONDITIONING CONTRACTORS",,,,,False,False
75N95020P00762,INVICRO LLC,2026-09-17,-7002.0,75N95020P00762,MA,BOSTON,02210,SUFFOLK,Q301,REFERENCE LABORATORY TESTING,621511,MEDICAL LABORATORIES,,,,,False,False
75N98026P01719,GOVERNMENT SCIENTIFIC SOURCE INC,2026-09-17,18869.67,75N98026P01719,VA,RESTON,20191,FAIRFAX,6505,DRUGS AND BIOLOGICALS,334516,ANALYTICAL LABORATORY INSTRUMENT MANUFACTURING,,,,,False,False
75N98026P01420,"CANCER DIAGNOSTICS, INC.",2026-09-17,90000.0,75N98026P01420,NC,DURHAM,27703,DURHAM,6640,LABORATORY EQUIPMENT AND SUPPLIES,325413,IN-VITRO DIAGNOSTIC SUBSTANCE MANUFACTURING,,,,,False,False
75N92026F00001,RESEARCH TRIANGLE INSTITUTE,2026-09-17,9999088.0,75N92026F00001,NC,DURHAM,27709,DURHAM,R499,SUPPORT- PROFESSIONAL: OTHER,541611,ADMINISTRATIVE MANAGEMENT AND GENERAL MANAGEMENT CONSULTING SERVICES,,,,,False,False
75N98026P01595,BLAIR INC,2026-09-17,20964.0,75N98026P01595,VA,SPRINGFIELD,22150,FAIRFAX,7110,OFFICE FURNITURE,339112,SURGICAL AND MEDICAL INSTRUMENT MANUFACTURING,,,,,False,False
75N98026P01682,"RAD SOURCE TECHNOLOGIES, INC.",2026-09-17,20000.0,75N98026P01682,MD,BETHESDA,20892,MONTGOMERY,J066,MAINT/REPAIR/REBUILD OF EQUIPMENT- INSTRUMENTS AND LABORATORY EQUIPMENT,811210,ELECTRONIC AND PRECISION EQUIPMENT REPAIR AND MAINTENANCE,,,,,False,False
75N98026P01680,TSI INCORPORATED,2026-09-17,30162.4,75N98026P01680,MN,SAINT PAUL,55126,RAMSEY,6640,LABORATORY EQUIPMENT AND SUPPLIES,334516,ANALYTICAL LABORATORY INSTRUMENT MANUFACTURING,,,,,False,False
75N99026F00009,"OLGOONIK GENERAL, LLC",2026-09-17,43710.75,75N99026F00009,MD,BRINKLOW,20862,MONTGOMERY,4120,AIR CONDITIONING EQUIPMENT,238220,"PLUMBING, HEATING, AND AIR-CONDITIONING CONTRACTORS",,,,,False,False
75N99026C00031,"OLGOONIK GENERAL, LLC",2026-09-17,1566229.31,75N99026C00031,MD,BETHESDA,20892,MONTGOMERY,Y1JZ,CONSTRUCTION OF MISCELLANEOUS BUILDINGS,236220,COMMERCIAL AND INSTITUTIONAL BUILDING CONSTRUCTION,,,,,False,False
75N99026F00008,"OLGOONIK GENERAL, LLC",2026-09-17,34159.29,75N99026F00008,MD,BRINKLOW,20862,MONTGOMERY,4120,AIR CONDITIONING EQUIPMENT,238220,"PLUMBING, HEATING, AND AIR-CONDITIONING CONTRACTORS",,,,,False,False
75N95020P00699,"GALLAGHER & GALLAGHER, INC.",2026-09-17,-5631.0,75N95020P00699,MD,ROCKVILLE,20852,MONTGOMERY,U010,EDUCATION/TRAINING- CERTIFICATIONS/ACCREDITATIONS FOR EDUCATIONAL INSTITUTIONS,611430,PROFESSIONAL AND MANAGEMENT DEVELOPMENT TRAINING,,,,,False,False
75N91022P00950,REGENTS OF THE UNIVERSITY OF MINNESOTA,2026-09-17,661221.0,75N91022P00950,MN,MINNEAPOLIS,55455,HENNEPIN,R499,SUPPORT- PROFESSIONAL: OTHER,541990,"ALL OTHER PROFESSIONAL, SCIENTIFIC, AND TECHNICAL SERVICES",,,,,False,False
75N99026P00026,"OLGOONIK GENERAL, LLC",2026-09-17,15000.0,75N99026P00026,MD,BETHESDA,20892,MONTGOMERY,Y1JZ,CONSTRUCTION OF MISCELLANEOUS BUILDINGS,236220,COMMERCIAL AND INSTITUTIONAL BUILDING CONSTRUCTION,,,,,False,False
75N94025F00002,"HEALTH DECISIONS, INC.",2026-09-17,0.0,75N94025F00002,NC,DURHAM,27713,DURHAM,AN12,HEALTH R&D SERVICES; HEALTH CARE SERVICES; APPLIED RESEARCH,541715,"RESEARCH AND DEVELOPMENT IN THE PHYSICAL, ENGINEERING, AND LIFE SCIENCES (EXCEPT NANOTECHNOLOGY AND BIOTECHNOLOGY)",,,,,False,False
75N93021F00014,"MITCHELL GROUP, INC. (THE)",2026-09-17,-32954.73,75N93021F00014,DC,WASHINGTON,20001,DISTRICT OF COLUMBIA,R707,SUPPORT- MANAGEMENT: CONTRACT/PROCUREMENT/ACQUISITION SUPPORT,541990,"ALL OTHER PROFESSIONAL, SCIENTIFIC, AND TECHNICAL SERVICES",,,,,False,False
75N95025F00019,"22ND CENTURY TECHNOLOGIES, INC.",2026-09-17,62961.76,75N95025F00019,MD,ROCKVILLE,20852,MONTGOMERY,R408,SUPPORT- PROFESSIONAL: PROGRAM MANAGEMENT/SUPPORT,541690,OTHER SCIENTIFIC AND TECHNICAL CONSULTING SERVICES,,,,,False,False
75N96023F00003,"THUNDERCAT TECHNOLOGY, LLC",2026-09-17,91386.78,75N96023F00003,NC,DURHAM,27709,DURHAM,7A21,IT AND TELECOM - BUSINESS APPLICATION SOFTWARE (PERPETUAL LICENSE SOFTWARE),541519,OTHER COMPUTER RELATED SERVICES,,,,,False,False
75N98023P02828,PROSCI INCORPORATED,2026-09-17,-975.0,75N98023P02828,MD,ROCKVILLE,20852,MONTGOMERY,Q301,REFERENCE LABORATORY TESTING,541714,RESEARCH AND DEVELOPMENT IN BIOTECHNOLOGY (EXCEPT NANOBIOTECHNOLOGY),,,,,False,False
75N93021F00011,"MITCHELL GROUP, INC. (THE)",2026-09-17,-8125.46,75N93021F00011,DC,WASHINGTON,20001,DISTRICT OF COLUMBIA,R707,SUPPORT- MANAGEMENT: CONTRACT/PROCUREMENT/ACQUISITION SUPPORT,541990,"ALL OTHER PROFESSIONAL, SCIENTIFIC, AND TECHNICAL SERVICES",,,,,False,False
HHSN273201700001C,SCIOME LLC,2026-09-17,-30837.0,HHSN273201700001C,NC,DURHAM,27709,DURHAM,B529,SPECIAL STUDIES/ANALYSIS- SCIENTIFIC DATA,541990,"ALL OTHER PROFESSIONAL, SCIENTIFIC, AND TECHNICAL SERVICES",,,,,False,False
75N93021F00013,"MITCHELL GROUP, INC. (THE)",2026-09-17,-35847.6,75N93021F00013,DC,WASHINGTON,20001,DISTRICT OF COLUMBIA,R707,SUPPORT- MANAGEMENT: CONTRACT/PROCUREMENT/ACQUISITION SUPPORT,541990,"ALL OTHER PROFESSIONAL, SCIENTIFIC, AND TECHNICAL SERVICES",,,,,False,False
75N98026P01696,"ALAMAR BIOSCIENCES, INC.",2026-09-17,57080.0,75N98026P01696,CA,FREMONT,94538,ALAMEDA,Q301,REFERENCE LABORATORY TESTING,621511,MEDICAL LABORATORIES,,,,,False,False
75N95021P00084,JOHN WILEY & SONS LIMITED,2026-09-17,-14000.0,75N95021P00084,,,,,T099,PHOTO/MAP/PRINT/PUBLICATION- OTHER,511120,PERIODICAL PUBLISHERS,,,,,False,False
75N93021F00008,"MITCHELL GROUP, INC. (THE)",2026-09-17,-51895.75,75N93021F00008,DC,WASHINGTON,20001,DISTRICT OF COLUMBIA,R707,SUPPORT- MANAGEMENT: CONTRACT/PROCUREMENT/ACQUISITION SUPPORT,541990,"ALL OTHER PROFESSIONAL, SCIENTIFIC, AND TECHNICAL SERVICES",,,,,False,False
75N95021F00003,"22ND CENTURY TECHNOLOGIES, INC.",2026-09-17,-1766.66,,MD,,,,R408,SUPPORT- PROFESSIONAL: PROGRAM MANAGEMENT/SUPPORT,541690,OTHER SCIENTIFIC AND TECHNICAL CONSULTING SERVICES,,,,,False,False
75N98026F00001,ALPHA GENESIS INC,2026-09-17,8092002.62,75N98026F00001,SC,YEMASSEE,29945,BEAUFORT,AN11,HEALTH R&D SERVICES; HEALTH CARE SERVICES; BASIC RESEARCH,541714,RESEARCH AND DEVELOPMENT IN BIOTECHNOLOGY (EXCEPT NANOBIOTECHNOLOGY),,,,,False,False
75N95021F00001,"22ND CENTURY TECHNOLOGIES, INC.",2026-09-17,-91076.68,75N95021F00001,MD,BETHESDA,20892,MONTGOMERY,R408,SUPPORT- PROFESSIONAL: PROGRAM MANAGEMENT/SUPPORT,541690,OTHER SCIENTIFIC AND TECHNICAL CONSULTING SERVICES,,,,,False,False
75N93021F00015,"MITCHELL GROUP, INC. (THE)",2026-09-17,-134637.47,75N93021F00015,DC,WASHINGTON,20001,DISTRICT OF COLUMBIA,R707,SUPPORT- MANAGEMENT: CONTRACT/PROCUREMENT/ACQUISITION SUPPORT,541990,"ALL OTHER PROFESSIONAL, SCIENTIFIC, AND TECHNICAL SERVICES",,,,,False,False
75N93021F00016,"MITCHELL GROUP, INC. (THE)",2026-09-17,-3243.11,75N93021F00016,DC,WASHINGTON,20001,DISTRICT OF COLUMBIA,R707,SUPPORT- MANAGEMENT: CONTRACT/PROCUREMENT/ACQUISITION SUPPORT,541990,"ALL OTHER PROFESSIONAL, SCIENTIFIC, AND TECHNICAL SERVICES",,,,,False,False
75N98026F00263,IRON MOUNTAIN INFORMATION MANAGEMENT LLC,2026-09-17,161699.0,75N98026F00263,NH,PORTSMOUTH,03801,ROCKINGHAM,R499,SUPPORT- PROFESSIONAL: OTHER,493110,GENERAL WAREHOUSING AND STORAGE,,,,,False,False
75N95020P00123,"COHEN, CARL M",2026-09-17,-132979.63,75N95020P00123,MD,BETHESDA,20892,MONTGOMERY,AD21,R&D- DEFENSE OTHER: SERVICES (BASIC RESEARCH),541611,ADMINISTRATIVE MANAGEMENT AND GENERAL MANAGEMENT CONSULTING SERVICES,,,,,False,False
75N91023F00001,DELOITTE & TOUCHE LLP,2026-09-17,1170575.32,75N91023F00001,VA,ARLINGTON,22209,ARLINGTON,DA01,IT AND TELECOM - BUSINESS APPLICATION/APPLICATION DEVELOPMENT SUPPORT SERVICES (LABOR),541519,OTHER COMPUTER RELATED SERVICES,,,,,False,False
75N95021F00123,LEICA MICROSYSTEMS INC.,2026-09-17,-7535.39,75N95021F00123,,,,,6640,LABORATORY EQUIPMENT AND SUPPLIES,333314,OPTICAL INSTRUMENT AND LENS MANUFACTURING,,,,,False,False
75N97023F00001,"FOUR POINTS TECHNOLOGY, L.L.C.",2026-09-17,368150.33,75N97023F00001,MD,BETHESDA,20817,MONTGOMERY,DG11,IT AND TELECOM - NETWORK: SATELLITE COMMUNICATIONS AND TELECOM ACCESS SERVICES,541519,OTHER COMPUTER RELATED SERVICES,,,,,False,False
75N95022P00687,NEWPORT CORP,2026-09-17,35439.75,75N95022P00687,CA,IRVINE,92606,ORANGE,J066,MAINT/REPAIR/REBUILD OF EQUIPMENT- INSTRUMENTS AND LABORATORY EQUIPMENT,334516,ANALYTICAL LABORATORY INSTRUMENT MANUFACTURING,,,,,False,False
75N98026F00002,THE GENERAL HOSPITAL CORPORATION,2026-09-17,3580000.0,75N98026F00002,MD,FREDERICK,21702,FREDERICK,R408,SUPPORT- PROFESSIONAL: PROGRAM MANAGEMENT/SUPPORT,541614,"PROCESS, PHYSICAL DISTRIBUTION, AND LOGISTICS CONSULTING SERVICES",,,,,False,False
75N98026P01610,NORTH CAROLINA ASSOCIATION FOR BIOMEDICAL RESEARCH,2026-09-17,24290.0,75N98026P01610,NC,RALEIGH,27609,WAKE,U005,EDUCATION/TRAINING- TUITION/REGISTRATION/MEMBERSHIP FEES,611710,EDUCATIONAL SUPPORT SERVICES,,,,,False,False
75N95021P00445,"LABWARE HOLDINGS, INC.",2026-09-17,-2330.0,75N95021P00445,DE,WILMINGTON,19806,NEW CASTLE,R499,SUPPORT- PROFESSIONAL: OTHER,541511,CUSTOM COMPUTER PROGRAMMING SERVICES,,,,,False,False
75N98026F00005,SOLVITUR SYSTEMS LLC,2026-09-17,949672.88,75N98026F00005,VA,LEESBURG,20175,LOUDOUN,7B21,IT AND TELECOM - COMPUTE: MAINFRAME (HARDWARE AND PERPETUAL LICENSE SOFTWARE),518210,"COMPUTING INFRASTRUCTURE PROVIDERS, DATA PROCESSING, WEB HOSTING, AND RELATED SERVICES",,,,,False,False
75N95021F00018,"KELLY SERVICES, INC.",2026-09-17,-1760.34,75N95021F00018,MD,BETHESDA,20892,MONTGOMERY,R408,SUPPORT- PROFESSIONAL: PROGRAM MANAGEMENT/SUPPORT,541690,OTHER SCIENTIFIC AND TECHNICAL CONSULTING SERVICES,,,,,False,False
75N95021F00023,"KELLY SERVICES, INC.",2026-09-17,-6367.44,75N95021F00023,MD,BETHESDA,20892,MONTGOMERY,R408,SUPPORT- PROFESSIONAL: PROGRAM MANAGEMENT/SUPPORT,541690,OTHER SCIENTIFIC AND TECHNICAL CONSULTING SERVICES,,,,,False,False
HHSN273201500010C,"INTEGRATED LABORATORY SYSTEMS, LLC",2026-09-17,-177630.83,HHSN273201500010C,NC,DURHAM,27709,DURHAM,AZ11,R&D- OTHER RESEARCH AND DEVELOPMENT (BASIC RESEARCH),541712,"RESEARCH AND DEVELOPMENT IN THE PHYSICAL, ENGINEERING, AND LIFE SCIENCES (EXCEPT BIOTECHNOLOGY)",,,,,False,False
HHSN272201200022C,FISHER BIOSERVICES INC,2026-09-17,-17430.85,HHSN272201200022C,MD,ROCKVILLE,20850,MONTGOMERY,AN81,R&D- MEDICAL: AIDS RESEARCH (BASIC RESEARCH),541711,RESEARCH AND DEVELOPMENT IN BIOTECHNOLOGY,,,,,False,False
75N95021F00035,"KELLY SERVICES, INC.",2026-09-17,-704.97,75N95021F00035,MD,BETHESDA,20892,MONTGOMERY,R499,SUPPORT- PROFESSIONAL: OTHER,541690,OTHER SCIENTIFIC AND TECHNICAL CONSULTING SERVICES,,,,,False,False
75N98026P01692,VPIXX TECHNOLOGIES INC,2026-09-17,81552.0,75N98026P01692,,,,,6640,LABORATORY EQUIPMENT AND SUPPLIES,334516,ANALYTICAL LABORATORY INSTRUMENT MANUFACTURING,,,,,False,False
75N95026F00113,"KELLY SERVICES, INC.",2026-09-17,143653.28,75N95026F00113,MD,ROCKVILLE,20852,MONTGOMERY,R499,SUPPORT- PROFESSIONAL: OTHER,541690,OTHER SCIENTIFIC AND TECHNICAL CONSULTING SERVICES,,,,,False,False
75N95025F00035,"KELLY SERVICES, INC.",2026-09-17,79302.96,75N95025F00035,MI,TROY,48084,OAKLAND,R499,SUPPORT- PROFESSIONAL: OTHER,541690,OTHER SCIENTIFIC AND TECHNICAL CONSULTING SERVICES,,,,,False,False
75N95021F00027,"KELLY SERVICES, INC.",2026-09-17,-34615.05,75N95021F00027,MD,BETHESDA,20892,MONTGOMERY,R408,SUPPORT- PROFESSIONAL: PROGRAM MANAGEMENT/SUPPORT,541690,OTHER SCIENTIFIC AND TECHNICAL CONSULTING SERVICES,,,,,False,False
75N98026F00082,"KELLY SERVICES, INC.",2026-09-17,0.0,75N98026F00082,MI,TROY,48084,OAKLAND,R499,SUPPORT- PROFESSIONAL: OTHER,541690,OTHER SCIENTIFIC AND TECHNICAL CONSULTING SERVICES,,,,,False,False
75N95021F00003,"KELLY SERVICES, INC.",2026-09-17,-64782.72,75N95021F00003,MD,BETHESDA,20892,MONTGOMERY,R499,SUPPORT- PROFESSIONAL: OTHER,541690,OTHER SCIENTIFIC AND TECHNICAL CONSULTING SERVICES,,,,,False,False
75N95025F00044,"KELLY SERVICES, INC.",2026-09-17,85893.36,75N95025F00044,MI,TROY,48084,OAKLAND,R499,SUPPORT- PROFESSIONAL: OTHER,541690,OTHER SCIENTIFIC AND TECHNICAL CONSULTING SERVICES,,,,,False,False
75N98026F00095,"KELLY SERVICES, INC.",2026-09-17,212527.88,75N98026F00095,MI,TROY,48084,OAKLAND,R499,SUPPORT- PROFESSIONAL: OTHER,541690,OTHER SCIENTIFIC AND TECHNICAL CONSULTING SERVICES,,,,,False,False
75N98026F00081,"KELLY SERVICES, INC.",2026-09-17,0.0,75N98026F00081,MI,TROY,48084,OAKLAND,R499,SUPPORT- PROFESSIONAL: OTHER,541690,OTHER SCIENTIFIC AND TECHNICAL CONSULTING SERVICES,,,,,False,False
75N92022F00002,"NEW TECH SOLUTIONS, INC.",2026-09-17,821593.99,75N92022F00002,MD,BETHESDA,20892,MONTGOMERY,7C20,IT AND TELECOM - DATA CENTER PRODUCTS (HARDWARE AND PERPETUAL LICENSE SOFTWARE),541519,OTHER COMPUTER RELATED SERVICES,,,,,False,False
75N95021F00026,"KELLY SERVICES, INC.",2026-09-17,-61939.33,75N95021F00026,MD,BETHESDA,20892,MONTGOMERY,R499,SUPPORT- PROFESSIONAL: OTHER,541690,OTHER SCIENTIFIC AND TECHNICAL CONSULTING SERVICES,,,,,False,False
75N99026F00003,"MCDONOUGH BOLYARD PECK, INC.",2026-09-17,687605.0,75N99026F00003,MD,BETHESDA,20892,MONTGOMERY,C219,ARCHITECT AND ENGINEERING- GENERAL: OTHER,541330,ENGINEERING SERVICES,,,,,False,False
75N95021P00031,UGUETO ANA MARIA,2026-09-17,-11775.0,75N95021P00031,MD,BETHESDA,20892,MONTGOMERY,R499,SUPPORT- PROFESSIONAL: OTHER,541720,RESEARCH AND DEVELOPMENT IN THE SOCIAL SCIENCES AND HUMANITIES,,,,,False,False
75N98026F00087,"KELLY SERVICES, INC.",2026-09-17,0.0,75N98026F00087,MI,TROY,48084,OAKLAND,R499,SUPPORT- PROFESSIONAL: OTHER,541690,OTHER SCIENTIFIC AND TECHNICAL CONSULTING SERVICES,,,,,False,False
75N95021F00028,"KELLY SERVICES, INC.",2026-09-17,-31923.99,75N95021F00028,MD,BETHESDA,20892,MONTGOMERY,R499,SUPPORT- PROFESSIONAL: OTHER,541690,OTHER SCIENTIFIC AND TECHNICAL CONSULTING SERVICES,,,,,False,False
75N95021F00021,"KELLY SERVICES, INC.",2026-09-17,-896899.22,75N95021F00021,MD,BETHESDA,20892,MONTGOMERY,R408,SUPPORT- PROFESSIONAL: PROGRAM MANAGEMENT/SUPPORT,541690,OTHER SCIENTIFIC AND TECHNICAL CONSULTING SERVICES,,,,,False,False
75N98026F00078,"KELLY SERVICES, INC.",2026-09-17,0.0,75N98026F00078,MD,ROCKVILLE,20852,MONTGOMERY,R499,SUPPORT- PROFESSIONAL: OTHER,541690,OTHER SCIENTIFIC AND TECHNICAL CONSULTING SERVICES,,,,,False,False
75N95021P00231,"FUJIFILM CELLULAR DYNAMICS, INC",2026-09-17,-13265.0,75N95021P00231,WI,MADISON,53711,DANE,6550,"IN VITRO DIAGNOSTIC SUBSTANCES, REAGENTS, TEST KITS AND SETS",325414,BIOLOGICAL PRODUCT (EXCEPT DIAGNOSTIC) MANUFACTURING,,,,,False,False
75N98026F00097,"KELLY SERVICES, INC.",2026-09-17,132840.0,75N98026F00097,MD,BETHESDA,20892,MONTGOMERY,R499,SUPPORT- PROFESSIONAL: OTHER,541690,OTHER SCIENTIFIC AND TECHNICAL CONSULTING SERVICES,,,,,False,False
75N95021F00031,"KELLY SERVICES, INC.",2026-09-17,-5678.42,75N95021F00031,MD,BETHESDA,20892,MONTGOMERY,R408,SUPPORT- PROFESSIONAL: PROGRAM MANAGEMENT/SUPPORT,541690,OTHER SCIENTIFIC AND TECHNICAL CONSULTING SERVICES,,,,,False,False
HHSN27500015,FISHER BIOSERVICES INC,2026-09-17,-5866.83,HHSN27500015,MD,ROCKVILLE,20850,MONTGOMERY,AN12,HEALTH R&D SERVICES; HEALTH CARE SERVICES; APPLIED RESEARCH,541712,"RESEARCH AND DEVELOPMENT IN THE PHYSICAL, ENGINEERING, AND LIFE SCIENCES (EXCEPT BIOTECHNOLOGY)",,,,,False,False
75N95021F00024,"KELLY SERVICES, INC.",2026-09-17,-28098.72,75N95021F00024,MD,BETHESDA,20892,MONTGOMERY,R408,SUPPORT- PROFESSIONAL: PROGRAM MANAGEMENT/SUPPORT,541690,OTHER SCIENTIFIC AND TECHNICAL CONSULTING SERVICES,,,,,False,False
75N95021F00033,"KELLY SERVICES, INC.",2026-09-17,-14700.96,75N95021F00033,MD,BETHESDA,20892,MONTGOMERY,R408,SUPPORT- PROFESSIONAL: PROGRAM MANAGEMENT/SUPPORT,541690,OTHER SCIENTIFIC AND TECHNICAL CONSULTING SERVICES,,,,,False,False
75N95021F00027,"KELLY SERVICES, INC.",2026-09-17,-637.56,75N95021F00027,MD,BETHESDA,20892,MONTGOMERY,R499,SUPPORT- PROFESSIONAL: OTHER,541690,OTHER SCIENTIFIC AND TECHNICAL CONSULTING SERVICES,,,,,False,False
75N95019F00088,"DLH, LLC",2026-09-17,-46285.75,75N95019F00088,MD,BALTIMORE,21224,BALTIMORE CITY,D399,IT AND TELECOM- OTHER IT AND TELECOMMUNICATIONS,541512,COMPUTER SYSTEMS DESIGN SERVICES,,,,,False,False
75N95019P00113,THE REGENTS OF THE UNIVERSITY OF COLORADO,2026-09-17,-10000.0,75N95019P00113,CO,BOULDER,80309,BOULDER,B599,SPECIAL STUDIES/ANALYSIS- OTHER,541714,RESEARCH AND DEVELOPMENT IN BIOTECHNOLOGY (EXCEPT NANOBIOTECHNOLOGY),,,,,False,False
75N95021P00175,"EMERALD STAR HOLDINGS, LLC",2026-09-17,-4200.0,75N95021P00175,WA,SEATTLE,98119,KING,Q301,REFERENCE LABORATORY TESTING,541380,TESTING LABORATORIES AND SERVICES,,,,,False,False
75N98026P01718,LUMIVERO LLC,2026-09-17,24576.55,75N98026P01718,CO,DENVER,80202,DENVER,7A21,IT AND TELECOM - BUSINESS APPLICATION SOFTWARE (PERPETUAL LICENSE SOFTWARE),513210,SOFTWARE PUBLISHERS,,,,,False,False
75N95021F00001,CHEF DEMITRIA SCOTT-LYNCH,2026-09-17,-32250.0,75N95021F00001,MD,BALTIMORE,21224,BALTIMORE CITY,7360,"SETS, KITS, OUTFITS AND MODULES, FOOD PREPERATION AND SERVING",722330,MOBILE FOOD SERVICES,,,,,False,False
75N98026P01702,"THE BROAD INSTITUTE, INC",2026-09-17,140000.0,75N98026P01702,MA,CAMBRIDGE,02142,MIDDLESEX,Q301,REFERENCE LABORATORY TESTING,541714,RESEARCH AND DEVELOPMENT IN BIOTECHNOLOGY (EXCEPT NANOBIOTECHNOLOGY),,,,,False,False
75N91023C00001,TWOTECH INC,2026-09-17,0.0,75N91023C00001,MD,ROCKVILLE,20850,MONTGOMERY,DA01,IT AND TELECOM - BUSINESS APPLICATION/APPLICATION DEVELOPMENT SUPPORT SERVICES (LABOR),541511,CUSTOM COMPUTER PROGRAMMING SERVICES,,,,,False,False
75N91024F00045,"WEEMS DESIGN STUDIO, INC.",2026-09-17,-1342.8,75N91024F00045,MD,ROCKVILLE,20852,MONTGOMERY,R499,SUPPORT- PROFESSIONAL: OTHER,541511,CUSTOM COMPUTER PROGRAMMING SERVICES,,,,,False,False
HHSN272201600013C,AMERICAN TYPE CULTURE COLLECTION,2026-09-17,-0.03,HHSN272201600013C,VA,MANASSAS,20110,PRINCE WILLIAM,AJ56,R&D- GENERAL SCIENCE/TECHNOLOGY: LIFE SCIENCES (MANAGEMENT/SUPPORT),541711,RESEARCH AND DEVELOPMENT IN BIOTECHNOLOGY,,,,,False,False
75N99026F00004,"ACK3 CONSULTING, LLC",2026-09-17,300700.0,75N99026F00004,MD,BRINKLOW,20862,MONTGOMERY,F999,OTHER ENVIRONMENTAL SERVICES,541620,ENVIRONMENTAL CONSULTING SERVICES,,,,,False,False
75N98026P01713,"TECNIPLAST USA, INC.",2026-09-17,110807.26,75N98026P01713,MD,BETHESDA,20892,MONTGOMERY,6640,LABORATORY EQUIPMENT AND SUPPLIES,423490,OTHER PROFESSIONAL EQUIPMENT AND SUPPLIES MERCHANT WHOLESALERS,,,,,False,False
75N91025F00014,"WEEMS DESIGN STUDIO, INC.",2026-09-17,-9015.28,75N91025F00014,MD,BETHESDA,20892,MONTGOMERY,R499,SUPPORT- PROFESSIONAL: OTHER,541511,CUSTOM COMPUTER PROGRAMMING SERVICES,,,,,False,False
75N93021F00001,"ICON GOVERNMENT AND PUBLIC HEALTH SOLUTIONS, INC.",2026-09-17,-2000.0,75N93021F00001,MD,BETHESDA,20814,MONTGOMERY,AN42,HEALTH R&D SERVICES; HEALTH CARE - OTHER; APPLIED RESEARCH,541714,RESEARCH AND DEVELOPMENT IN BIOTECHNOLOGY (EXCEPT NANOBIOTECHNOLOGY),,,,,False,False
75N95021P00520,QUANTERIX CORPORATION,2026-09-17,-61200.0,75N95021P00520,MA,BILLERICA,01821,MIDDLESEX,6550,"IN VITRO DIAGNOSTIC SUBSTANCES, REAGENTS, TEST KITS AND SETS",334516,ANALYTICAL LABORATORY INSTRUMENT MANUFACTURING,,,,,False,False
75N95021P00652,XTAL BIOSTRUCTURES INC,2026-09-17,-4000.0,75N95021P00652,MA,NATICK,01760,MIDDLESEX,Q301,REFERENCE LABORATORY TESTING,541380,TESTING LABORATORIES AND SERVICES,,,,,False,False
75N91024F00046,"WEEMS DESIGN STUDIO, INC.",2026-09-17,-96482.0,75N91024F00046,MD,ROCKVILLE,20852,MONTGOMERY,R499,SUPPORT- PROFESSIONAL: OTHER,541511,CUSTOM COMPUTER PROGRAMMING SERVICES,,,,,False,False
75N95021P00714,"CROWN BIOSCIENCE, INC.",2026-09-17,-11008.0,75N95021P00714,,,,,Q301,REFERENCE LABORATORY TESTING,541990,"ALL OTHER PROFESSIONAL, SCIENTIFIC, AND TECHNICAL SERVICES",,,,,False,False
75N98026F00005,"FEDERAL MANAGEMENT PARTNERS, LLC",2026-09-17,229909.96,75N98026F00005,VA,ARLINGTON,22206,ARLINGTON,R499,SUPPORT- PROFESSIONAL: OTHER,541512,COMPUTER SYSTEMS DESIGN SERVICES,,,,,False,False
75N99026F00003,"SYSTEMS NORTHWEST, LLC",2026-09-17,29949.0,75N99026F00003,MT,HAMILTON,59840,RAVALLI,J063,"MAINT/REPAIR/REBUILD OF EQUIPMENT- ALARM, SIGNAL, AND SECURITY DETECTION SYSTEMS",561621,SECURITY SYSTEMS SERVICES (EXCEPT LOCKSMITHS),,,,,False,False
75N90023F00006,FIRE CREEK SERVICES COMPANY,2026-09-17,0.0,75N90023F00006,NE,WINNEBAGO,68071,THURSTON,7A20,IT AND TELECOM - APPLICATION DEVELOPMENT SOFTWARE (PERPETUAL LICENSE SOFTWARE),541511,CUSTOM COMPUTER PROGRAMMING SERVICES,,,,,False,False
75N99026F00002,"SYSTEMS NORTHWEST, LLC",2026-09-17,19794.0,75N99026F00002,MT,HAMILTON,59840,RAVALLI,J063,"MAINT/REPAIR/REBUILD OF EQUIPMENT- ALARM, SIGNAL, AND SECURITY DETECTION SYSTEMS",561621,SECURITY SYSTEMS SERVICES (EXCEPT LOCKSMITHS),,,,,False,False
75N99026F00004,"SYSTEMS NORTHWEST, LLC",2026-09-17,49985.0,75N99026F00004,MT,HAMILTON,59840,RAVALLI,J063,"MAINT/REPAIR/REBUILD OF EQUIPMENT- ALARM, SIGNAL, AND SECURITY DETECTION SYSTEMS",561621,SECURITY SYSTEMS SERVICES (EXCEPT LOCKSMITHS),,,,,False,False
75N95019F00088,"INFORMATION MANAGEMENT SERVICES, INC.",2026-09-17,-159.93,75N95019F00088,MD,ROCKVILLE,20852,MONTGOMERY,D399,IT AND TELECOM- OTHER IT AND TELECOMMUNICATIONS,541512,COMPUTER SYSTEMS DESIGN SERVICES,,,,,False,False
75N95021P00544,WUXI APPTEC (HONGKONG) LIMITED,2026-09-17,-9750.0,75N95021P00544,MD,BETHESDA,20892,MONTGOMERY,Q301,REFERENCE LABORATORY TESTING,541380,TESTING LABORATORIES AND SERVICES,,,,,False,False
75N98026F00025,"ILLUMINA, INC.",2026-09-17,85603.33,75N98026F00025,CA,SAN DIEGO,92122,SAN DIEGO,6640,LABORATORY EQUIPMENT AND SUPPLIES,334516,ANALYTICAL LABORATORY INSTRUMENT MANUFACTURING,,,,,False,False
75N95019P00648,"WHM CONSULTING, LLC",2026-09-17,-7600.0,75N95019P00648,MD,BETHESDA,20892,MONTGOMERY,R499,SUPPORT- PROFESSIONAL: OTHER,541990,"ALL OTHER PROFESSIONAL, SCIENTIFIC, AND TECHNICAL SERVICES",,,,,False,False
75N99024F00036,CALADWICH CONSULTING LLC,2026-09-17,1697189.79,75N99024F00036,MD,BETHESDA,20892,MONTGOMERY,R706,SUPPORT- MANAGEMENT: LOGISTICS SUPPORT,541614,"PROCESS, PHYSICAL DISTRIBUTION, AND LOGISTICS CONSULTING SERVICES",,,,,False,False
75N94021F00003,DUKE UNIVERSITY,2026-09-17,-14755.89,75N94021F00003,NC,DURHAM,27705,DURHAM,AN12,HEALTH R&D SERVICES; HEALTH CARE SERVICES; APPLIED RESEARCH,541715,"RESEARCH AND DEVELOPMENT IN THE PHYSICAL, ENGINEERING, AND LIFE SCIENCES (EXCEPT NANOTECHNOLOGY AND BIOTECHNOLOGY)",,,,,False,False
HHSN271201700183P,SALIENT SCIENCE & TECHNOLOGY LLC,2026-09-17,-11300.0,HHSN271201700183P,MD,BETHESDA,20892,MONTGOMERY,R499,SUPPORT- PROFESSIONAL: OTHER,541990,"ALL OTHER PROFESSIONAL, SCIENTIFIC, AND TECHNICAL SERVICES",,,,,False,False
75N94021F00001,DUKE UNIVERSITY,2026-09-17,-513.08,75N94021F00001,NC,DURHAM,27705,DURHAM,AN12,HEALTH R&D SERVICES; HEALTH CARE SERVICES; APPLIED RESEARCH,541715,"RESEARCH AND DEVELOPMENT IN THE PHYSICAL, ENGINEERING, AND LIFE SCIENCES (EXCEPT NANOTECHNOLOGY AND BIOTECHNOLOGY)",,,,,False,False
75N98026P01670,MATERIALISE USA LLC,2026-09-17,106736.0,75N98026P01670,MD,BETHESDA,20814,MONTGOMERY,7A21,IT AND TELECOM - BUSINESS APPLICATION SOFTWARE (PERPETUAL LICENSE SOFTWARE),541511,CUSTOM COMPUTER PROGRAMMING SERVICES,,,,,False,False
75N94019F00126,DUKE UNIVERSITY,2026-09-17,-2679.45,75N94019F00126,NC,DURHAM,27705,DURHAM,AN12,HEALTH R&D SERVICES; HEALTH CARE SERVICES; APPLIED RESEARCH,541715,"RESEARCH AND DEVELOPMENT IN THE PHYSICAL, ENGINEERING, AND LIFE SCIENCES (EXCEPT NANOTECHNOLOGY AND BIOTECHNOLOGY)",,,,,False,False
75N95020F00001,SRI INTERNATIONAL,2026-09-17,6514.12,75N95020F00001,CA,MENLO PARK,94025,SAN MATEO,AN11,HEALTH R&D SERVICES; HEALTH CARE SERVICES; BASIC RESEARCH,541712,"RESEARCH AND DEVELOPMENT IN THE PHYSICAL, ENGINEERING, AND LIFE SCIENCES (EXCEPT BIOTECHNOLOGY)",,,,,False,False
75N99022F00002,HENSEL PHELPS CONSTRUCTION CO,2026-09-17,111499.0,75N99022F00002,MD,BETHESDA,20892,MONTGOMERY,Y1JZ,CONSTRUCTION OF MISCELLANEOUS BUILDINGS,236220,COMMERCIAL AND INSTITUTIONAL BUILDING CONSTRUCTION,,,,,False,False
75N95021P00673,LUMINEX CORP,2026-09-17,-31372.25,75N95021P00673,MD,BETHESDA,20892,MONTGOMERY,J066,MAINT/REPAIR/REBUILD OF EQUIPMENT- INSTRUMENTS AND LABORATORY EQUIPMENT,334516,ANALYTICAL LABORATORY INSTRUMENT MANUFACTURING,,,,,False,False
75N93025F00002,POLSINELLI PC,2026-09-17,71553.0,75N93025F00002,MO,KANSAS CITY,64112,JACKSON,R418,SUPPORT- PROFESSIONAL: LEGAL,541110,OFFICES OF LAWYERS,,,,,False,False
75N95019P00670,"JM SISCO PHARMA CONSULTING, LLC",2026-09-17,-38990.0,75N95019P00670,MD,BETHESDA,20892,MONTGOMERY,R499,SUPPORT- PROFESSIONAL: OTHER,541990,"ALL OTHER PROFESSIONAL, SCIENTIFIC, AND TECHNICAL SERVICES",,,,,False,False
75N98026F00380,H. CO. COMPUTER PRODUCTS,2026-09-17,58279.0,75N98026F00380,MD,BETHESDA,20817,MONTGOMERY,7B20,IT AND TELECOM - HIGH PERFORMANCE COMPUTE (HARDWARE AND PERPETUAL LICENSE SOFTWARE),334111,ELECTRONIC COMPUTER MANUFACTURING,,,,,False,False
75N95019C00008,SODEXO MANAGEMENT INC.,2026-09-17,-52267.18,75N95019C00008,MD,GAITHERSBURG,20878,MONTGOMERY,R499,SUPPORT- PROFESSIONAL: OTHER,722514,"CAFETERIAS, GRILL BUFFETS, AND BUFFETS",,,,,False,False
75N93021F00001,"CCS ASSOCIATES, INC.",2026-09-17,-2000.0,75N93021F00001,MD,BETHESDA,20892,MONTGOMERY,AN42,HEALTH R&D SERVICES; HEALTH CARE - OTHER; APPLIED RESEARCH,541714,RESEARCH AND DEVELOPMENT IN BIOTECHNOLOGY (EXCEPT NANOBIOTECHNOLOGY),,,,,False,False
75N93020F00005,SRI INTERNATIONAL,2026-09-17,-581034.13,75N93020F00005,CA,MENLO PARK,94025,SAN MATEO,AN11,HEALTH R&D SERVICES; HEALTH CARE SERVICES; BASIC RESEARCH,541714,RESEARCH AND DEVELOPMENT IN BIOTECHNOLOGY (EXCEPT NANOBIOTECHNOLOGY),,,,,False,False
75N95021P00413,SAGE SCIENTIFIC LLC,2026-09-17,-400.0,75N95021P00413,MD,BALTIMORE,21224,BALTIMORE,6640,LABORATORY EQUIPMENT AND SUPPLIES,334516,ANALYTICAL LABORATORY INSTRUMENT MANUFACTURING,,,,,False,False
75N95021P00375,"BROADWAY SERVICES, INCORPORATED",2026-09-17,-37251.0,75N95021P00375,MD,BALTIMORE,21205,BALTIMORE CITY,R499,SUPPORT- PROFESSIONAL: OTHER,812930,PARKING LOTS AND GARAGES,,,,,False,False
75N95019F00117,SCIENTIFIC CONSULTING GROUP INC,2026-09-17,-0.01,75N95019F00117,MD,GAITHERSBURG,20878,MONTGOMERY,R701,SUPPORT- MANAGEMENT: ADVERTISING,511199,ALL OTHER PUBLISHERS,,,,,False,False
75N98026P01703,"MILTENYI BIOTEC, INC.",2026-09-17,27451.25,75N98026P01703,CA,AUBURN,95602,PLACER,6640,LABORATORY EQUIPMENT AND SUPPLIES,334516,ANALYTICAL LABORATORY INSTRUMENT MANUFACTURING,,,,,False,False
75N98125F00001,"DIGITAL INFUZION, LLC",2026-09-17,3723349.44,75N98125F00001,MD,ROCKVILLE,20852,MONTGOMERY,DA01,IT AND TELECOM - BUSINESS APPLICATION/APPLICATION DEVELOPMENT SUPPORT SERVICES (LABOR),541512,COMPUTER SYSTEMS DESIGN SERVICES,,,,,False,False
75N95025F00068,"AXLE INFORMATICS, LLC",2026-09-17,116664.0,75N95025F00068,MD,ROCKVILLE,20850,MONTGOMERY,R499,SUPPORT- PROFESSIONAL: OTHER,541519,OTHER COMPUTER RELATED SERVICES,,,,,False,False
75N99026F00002,ACHUTI LLC,2026-09-17,151150.34,75N99026F00002,NC,DURHAM,27709,DURHAM,Y1JZ,CONSTRUCTION OF MISCELLANEOUS BUILDINGS,236220,COMMERCIAL AND INSTITUTIONAL BUILDING CONSTRUCTION,,,,,False,False
75N91018F00071,LEIDOS BIOMEDICAL RESEARCH INC,2026-09-17,5250000.0,75N91018F00071,MD,FREDERICK,21702,FREDERICK,M1HA,OPERATION OF GOVERNMENT-OWNED CONTRACTOR-OPERATED (GOCO) R&D FACILITIES,561210,FACILITIES SUPPORT SERVICES,,,,,False,False
75N95021F00006,"AXLE INFORMATICS, LLC",2026-09-17,-3856.64,75N95021F00006,MD,BETHESDA,20892,MONTGOMERY,R499,SUPPORT- PROFESSIONAL: OTHER,541690,OTHER SCIENTIFIC AND TECHNICAL CONSULTING SERVICES,,,,,False,False
75N95021P00114,"OLYMPUS AMERICA, INC.",2026-09-17,-14761.15,75N95021P00114,MD,BALTIMORE,21224,BALTIMORE,J066,MAINT/REPAIR/REBUILD OF EQUIPMENT- INSTRUMENTS AND LABORATORY EQUIPMENT,334516,ANALYTICAL LABORATORY INSTRUMENT MANUFACTURING,,,,,False,False
75N91019F00138,LEIDOS BIOMEDICAL RESEARCH INC,2026-09-17,4167482.0,75N91019F00138,MD,FREDERICK,21702,FREDERICK,AN12,HEALTH R&D SERVICES; HEALTH CARE SERVICES; APPLIED RESEARCH,541715,"RESEARCH AND DEVELOPMENT IN THE PHYSICAL, ENGINEERING, AND LIFE SCIENCES (EXCEPT NANOTECHNOLOGY AND BIOTECHNOLOGY)",,,,,False,False
75N99026F00002,LOUVIERE STRATTON & YOKEL LLC,2026-09-17,334704.0,75N99026F00002,DC,WASHINGTON,20585,DISTRICT OF COLUMBIA,C219,ARCHITECT AND ENGINEERING- GENERAL: OTHER,541330,ENGINEERING SERVICES,,,,,False,False
75N98125F00001,"GOVPLACE, LLC",2026-09-17,4558198.05,75N98125F00001,MD,BETHESDA,20814,MONTGOMERY,7E20,"IT AND TELECOM - END USER: HELP DESK;TIER 1-2,WORKSPACE,PRINT,OUTPUT,PRODUCTIVITY TOOLS (HW/PERP SW)",541519,OTHER COMPUTER RELATED SERVICES,,,,,False,False
75N95021F00099,"HENRICKSEN DC, LLC",2026-09-17,-20861.05,75N95021F00099,MD,BETHESDA,20892,MONTGOMERY,7110,OFFICE FURNITURE,337214,OFFICE FURNITURE (EXCEPT WOOD) MANUFACTURING,,,,,False,False
75N99026F00001,"HARPY CONSTRUCTION JV, LLC",2026-09-17,0.0,75N99026F00001,MD,BETHESDA,20892,MONTGOMERY,Y1JZ,CONSTRUCTION OF MISCELLANEOUS BUILDINGS,236220,COMMERCIAL AND INSTITUTIONAL BUILDING CONSTRUCTION,,,,,False,False
75N95021C00026,"ROSE LI AND ASSOCIATES, INC.",2026-09-17,-166835.28,75N95021C00026,MD,BETHESDA,20892,MONTGOMERY,R699,SUPPORT- ADMINISTRATIVE: OTHER,541611,ADMINISTRATIVE MANAGEMENT AND GENERAL MANAGEMENT CONSULTING SERVICES,,,,,False,False
75N98026F00002,DELOITTE CONSULTING LLP,2026-09-17,1500031.87,75N98026F00002,MD,BETHESDA,20814,MONTGOMERY,DA01,IT AND TELECOM - BUSINESS APPLICATION/APPLICATION DEVELOPMENT SUPPORT SERVICES (LABOR),541512,COMPUTER SYSTEMS DESIGN SERVICES,,,,,False,False
75N98026F00001,"CHARLES RIVER LABORATORIES, INC.",2026-09-17,8247381.0,75N98026F00001,MA,WILMINGTON,01887,MIDDLESEX,AN11,HEALTH R&D SERVICES; HEALTH CARE SERVICES; BASIC RESEARCH,112990,ALL OTHER ANIMAL PRODUCTION,,,,,False,False
75N98026F00036,"GAP SOLUTIONS, INC.",2026-09-17,138311.04,75N98026F00036,VA,HERNDON,20170,FAIRFAX,R499,SUPPORT- PROFESSIONAL: OTHER,541690,OTHER SCIENTIFIC AND TECHNICAL CONSULTING SERVICES,,,,,False,False
75N98026P01710,FOTRONIC CORPORATION,2026-09-17,19999.0,75N98026P01710,MA,WOBURN,01801,MIDDLESEX,6640,LABORATORY EQUIPMENT AND SUPPLIES,334515,INSTRUMENT MANUFACTURING FOR MEASURING AND TESTING ELECTRICITY AND ELECTRICAL SIGNALS,,,,,False,False
75N98024F00003,"YOUR RECRUITING COMPANY, INC.",2026-09-17,950490.4,75N98024F00003,VA,RESTON,20190,FAIRFAX,R699,SUPPORT- ADMINISTRATIVE: OTHER,541612,"HUMAN RESOURCES CONSULTING SERVICES (2007), HUMAN RESOURCES AND EXECUTIVE SEARCH CONSULTING SERVICES (2002)",,,,,False,False
75N95021P00060,GEORGETOWN UNIVERSITY,2026-09-17,-22274.66,75N95021P00060,DC,WASHINGTON,20057,DISTRICT OF COLUMBIA,R499,SUPPORT- PROFESSIONAL: OTHER,541990,"ALL OTHER PROFESSIONAL, SCIENTIFIC, AND TECHNICAL SERVICES",,,,,False,False
75N95021F00002,"GAP SOLUTIONS, INC.",2026-09-17,-93608.76,75N95021F00002,MD,BETHESDA,20892,MONTGOMERY,R499,SUPPORT- PROFESSIONAL: OTHER,541690,OTHER SCIENTIFIC AND TECHNICAL CONSULTING SERVICES,,,,,False,False
75N95D21F00042,REDISHRED ACQUISITION INC,2026-09-17,-30.0,75N95D21F00042,MD,BALTIMORE,21224,BALTIMORE CITY,R799,SUPPORT- MANAGEMENT: OTHER,561990,ALL OTHER SUPPORT SERVICES,,,,,False,False
75N95021F00001,"CHARLES RIVER LABORATORIES, INC.",2026-09-17,-383870.94,75N95021F00001,MA,WILMINGTON,01887,MIDDLESEX,AN11,HEALTH R&D SERVICES; HEALTH CARE SERVICES; BASIC RESEARCH,112990,ALL OTHER ANIMAL PRODUCTION,,,,,False,False
75N95021F00003,"GAP SOLUTIONS, INC.",2026-09-17,-1996.68,75N95021F00003,MD,BETHESDA,20892,MONTGOMERY,R499,SUPPORT- PROFESSIONAL: OTHER,541690,OTHER SCIENTIFIC AND TECHNICAL CONSULTING SERVICES,,,,,False,False
75N98024F00002,"YOUR RECRUITING COMPANY, INC.",2026-09-17,486130.4,75N98024F00002,VA,RESTON,20190,FAIRFAX,R699,SUPPORT- ADMINISTRATIVE: OTHER,541612,"HUMAN RESOURCES CONSULTING SERVICES (2007), HUMAN RESOURCES AND EXECUTIVE SEARCH CONSULTING SERVICES (2002)",,,,,False,False
75N98026F00001,"CHARLES RIVER LABORATORIES, INC.",2026-09-17,2684775.0,75N98026F00001,MA,WILMINGTON,01887,MIDDLESEX,AN11,HEALTH R&D SERVICES; HEALTH CARE SERVICES; BASIC RESEARCH,112990,ALL OTHER ANIMAL PRODUCTION,,,,,False,False
75N98024F00004,"YOUR RECRUITING COMPANY, INC.",2026-09-17,278484.4,75N98024F00004,VA,RESTON,20190,FAIRFAX,R699,SUPPORT- ADMINISTRATIVE: OTHER,541612,"HUMAN RESOURCES CONSULTING SERVICES (2007), HUMAN RESOURCES AND EXECUTIVE SEARCH CONSULTING SERVICES (2002)",,,,,False,False
75N98026P00133,SOFT COMPUTER CONSULTANTS INC,2026-09-17,152641.34,75N98026P00133,FL,CLEARWATER,33760,PINELLAS,7B20,IT AND TELECOM - HIGH PERFORMANCE COMPUTE (HARDWARE AND PERPETUAL LICENSE SOFTWARE),513210,SOFTWARE PUBLISHERS,,,,,False,False
75N95021F00001,"CHARLES RIVER LABORATORIES, INC.",2026-09-17,-669839.0,75N95021F00001,MA,WILMINGTON,01887,MIDDLESEX,AN11,HEALTH R&D SERVICES; HEALTH CARE SERVICES; BASIC RESEARCH,112990,ALL OTHER ANIMAL PRODUCTION,,,,,False,False
75N95021P00404,NATIONAL UNIVERSITY OF SINGAPORE,2026-09-17,-870.55,75N95021P00404,,,,,B504,SPECIAL STUDIES/ANALYSIS- CHEMICAL/BIOLOGICAL,621511,MEDICAL LABORATORIES,,,,,False,False
HHSN273201400017C,"BURLESON RESEARCH TECHNOLOGIES, INC.",2026-09-17,-2704157.33,HHSN273201400017C,NC,MORRISVILLE,27560,WAKE,AZ11,R&D- OTHER RESEARCH AND DEVELOPMENT (BASIC RESEARCH),541712,"RESEARCH AND DEVELOPMENT IN THE PHYSICAL, ENGINEERING, AND LIFE SCIENCES (EXCEPT BIOTECHNOLOGY)",,,,,False,False
75N95020P00139,NAMOCELL INC.,2026-09-17,-10000.0,75N95020P00139,CA,MOUNTAIN VIEW,94043,SANTA CLARA,6640,LABORATORY EQUIPMENT AND SUPPLIES,334516,ANALYTICAL LABORATORY INSTRUMENT MANUFACTURING,,,,,False,False
75N98026F00001,BG CONSULTING SERVICES LLC,2026-09-17,306278.0,75N98026F00001,MD,BETHESDA,20892,MONTGOMERY,R499,SUPPORT- PROFESSIONAL: OTHER,561110,OFFICE ADMINISTRATIVE SERVICES,,,,,False,False
75N95020P00135,BERKSON JOANN,2026-09-17,-1.0,75N95020P00135,VA,MCLEAN,22101,FAIRFAX,R499,SUPPORT- PROFESSIONAL: OTHER,518210,"COMPUTING INFRASTRUCTURE PROVIDERS, DATA PROCESSING, WEB HOSTING, AND RELATED SERVICES",,,,,False,False
75N91023F00001,ACCENTURE FEDERAL SERVICES LLC,2026-09-17,-60991.31,75N91023F00001,VA,ARLINGTON,22203,ARLINGTON,DA01,IT AND TELECOM - BUSINESS APPLICATION/APPLICATION DEVELOPMENT SUPPORT SERVICES (LABOR),541512,COMPUTER SYSTEMS DESIGN SERVICES,,,,,False,False
75N98026P01243,STEMCELL TECHNOLOGIES INC,2026-09-17,0.0,75N98026P01243,WA,KENT,98032,KING,J049,MAINT/REPAIR/REBUILD OF EQUIPMENT- MAINTENANCE AND REPAIR SHOP EQUIPMENT,811210,ELECTRONIC AND PRECISION EQUIPMENT REPAIR AND MAINTENANCE,,,,,False,False
75N98023F00008,"CONTEMPORARIES, INC.",2026-09-17,137817.6,75N98023F00008,MD,SILVER SPRING,20910,MONTGOMERY,R699,SUPPORT- ADMINISTRATIVE: OTHER,561110,OFFICE ADMINISTRATIVE SERVICES,,,,,False,False
75N99026F00005,"NEW AGE DEVELOPMENT GROUP, LLC",2026-09-17,2923415.0,75N99026F00005,MD,POOLESVILLE,20837,MONTGOMERY,Y1JZ,CONSTRUCTION OF MISCELLANEOUS BUILDINGS,236220,COMMERCIAL AND INSTITUTIONAL BUILDING CONSTRUCTION,,,,,False,False
75N91024P00557,"QIAGEN, LLC",2026-09-17,173800.0,75N91024P00557,MD,GERMANTOWN,20874,MONTGOMERY,Q301,REFERENCE LABORATORY TESTING,541990,"ALL OTHER PROFESSIONAL, SCIENTIFIC, AND TECHNICAL SERVICES",,,,,False,False
75N98026P01705,STERIS CORPORATION,2026-09-17,16890.1,75N98026P01705,OH,MENTOR,44060,LAKE,Q999,MEDICAL- OTHER,339112,SURGICAL AND MEDICAL INSTRUMENT MANUFACTURING,,,,,False,False
75N94023F00001,THE RESEARCH FOUNDATION FOR THE STATE UNIVERSITY OF NEW YORK,2026-09-16,1551908.0,75N94023F00001,NY,BUFFALO,14228,ERIE,AN11,HEALTH R&D SERVICES; HEALTH CARE SERVICES; BASIC RESEARCH,541715,"RESEARCH AND DEVELOPMENT IN THE PHYSICAL, ENGINEERING, AND LIFE SCIENCES (EXCEPT NANOTECHNOLOGY AND BIOTECHNOLOGY)",,,,,False,False
75N94021F00210,ABT GLOBAL LLC,2026-09-16,-154777.94,75N94021F00210,MD,ROCKVILLE,20852,MONTGOMERY,R410,SUPPORT- PROFESSIONAL: PROGRAM EVALUATION/REVIEW/DEVELOPMENT,541611,ADMINISTRATIVE MANAGEMENT AND GENERAL MANAGEMENT CONSULTING SERVICES,,,,,False,False
75N98026F00012,GUIDEHOUSE DIGITAL LLC,2026-09-16,292138.56,75N98026F00012,VA,MCLEAN,22102,FAIRFAX,R499,SUPPORT- PROFESSIONAL: OTHER,541690,OTHER SCIENTIFIC AND TECHNICAL CONSULTING SERVICES,,,,,False,False
75N94020F00276,"LEIDOS, INC.",2026-09-16,-30372.61,75N94020F00276,MD,BETHESDA,20892,MONTGOMERY,R499,SUPPORT- PROFESSIONAL: OTHER,541519,OTHER COMPUTER RELATED SERVICES,,,,,False,False
75N99024C00041,NVT TECHNOLOGIES INC,2026-09-16,6073867.79,75N99024C00041,NC,DURHAM,27709,DURHAM,M1NB,OPERATION OF HEATING AND COOLING PLANTS,561210,FACILITIES SUPPORT SERVICES,,,,,False,False
HHSN273201400015C,BATTELLE MEMORIAL INSTITUTE,2026-09-16,-2481019.46,HHSN273201400015C,OH,COLUMBUS,43201,FRANKLIN,AZ11,R&D- OTHER RESEARCH AND DEVELOPMENT (BASIC RESEARCH),541712,"RESEARCH AND DEVELOPMENT IN THE PHYSICAL, ENGINEERING, AND LIFE SCIENCES (EXCEPT BIOTECHNOLOGY)",,,,,False,False
75N99026F00002,CHINOOK SYSTEMS INC,2026-09-16,93994.87,75N99026F00002,MD,BETHESDA,20892,MONTGOMERY,C219,ARCHITECT AND ENGINEERING- GENERAL: OTHER,541330,ENGINEERING SERVICES,,,,,False,False
75N98026F00394,RAPISCAN SYSTEMS INC,2026-09-16,144871.63,75N98026F00394,CA,TORRANCE,90503,LOS ANGELES,6665,HAZARD-DETECTING INSTRUMENTS AND APPARATUS,334519,OTHER MEASURING AND CONTROLLING DEVICE MANUFACTURING,,,,,False,False
75N95021F00001,GUIDEHOUSE DIGITAL LLC,2026-09-16,-1113.3,75N95021F00001,MD,BETHESDA,20892,MONTGOMERY,R499,SUPPORT- PROFESSIONAL: OTHER,541690,OTHER SCIENTIFIC AND TECHNICAL CONSULTING SERVICES,,,,,False,False
75N99022C00001,WASHINGTON SUBURBAN SANITARY COMMISSION,2026-09-16,1547121.26,75N99022C00001,MD,BETHESDA,20892,MONTGOMERY,S114,UTILITIES- WATER,221310,WATER SUPPLY AND IRRIGATION SYSTEMS,,,,,False,False
75N95026F00023,GUIDEHOUSE DIGITAL LLC,2026-09-16,150977.52,75N95026F00023,VA,MCLEAN,22102,FAIRFAX,R499,SUPPORT- PROFESSIONAL: OTHER,541690,OTHER SCIENTIFIC AND TECHNICAL CONSULTING SERVICES,,,,,False,False
75N98026P01694,"OBJECTIVE BIOTECHNOLOGY, INC.",2026-09-16,76000.0,75N98026P01694,MN,MINNEAPOLIS,55405,HENNEPIN,6640,LABORATORY EQUIPMENT AND SUPPLIES,334516,ANALYTICAL LABORATORY INSTRUMENT MANUFACTURING,,,,,False,False
75N99026F00002,AFG GROUP INC.,2026-09-16,43020.24,75N99026F00002,MD,BETHESDA,20892,MONTGOMERY,C219,ARCHITECT AND ENGINEERING- GENERAL: OTHER,541330,ENGINEERING SERVICES,,,,,False,False
75N90026F00002,"MAYO COLLABORATIVE SERVICES, INC.",2026-09-16,1800000.0,75N90026F00002,MD,BETHESDA,20892,MONTGOMERY,Q301,REFERENCE LABORATORY TESTING,621511,MEDICAL LABORATORIES,,,,,False,False
75N98026F00396,GOVERNMENT SCIENTIFIC SOURCE INC,2026-09-16,15788.62,75N98026F00396,VA,RESTON,20191,FAIRFAX,6515,"MEDICAL AND SURGICAL INSTRUMENTS, EQUIPMENT, AND SUPPLIES",334516,ANALYTICAL LABORATORY INSTRUMENT MANUFACTURING,,,,,False,False
75N92026F00002,RESEARCH TRIANGLE INSTITUTE,2026-09-16,1983264.0,75N92026F00002,NC,DURHAM,27709,DURHAM,R499,SUPPORT- PROFESSIONAL: OTHER,541611,ADMINISTRATIVE MANAGEMENT AND GENERAL MANAGEMENT CONSULTING SERVICES,,,,,False,False
75N99025C00054,CONVERGED SERVICES INC,2026-09-16,366800.0,75N99025C00054,NC,DURHAM,27709,DURHAM,J041,"MAINT/REPAIR/REBUILD OF EQUIPMENT- REFRIGERATION, AIR CONDITIONING, AND AIR CIRCULATING EQUIPMENT",811412,APPLIANCE REPAIR AND MAINTENANCE,,,,,False,False
75N92026F00001,RESEARCH TRIANGLE INSTITUTE,2026-09-16,3991823.0,75N92026F00001,NC,DURHAM,27709,DURHAM,R499,SUPPORT- PROFESSIONAL: OTHER,541611,ADMINISTRATIVE MANAGEMENT AND GENERAL MANAGEMENT CONSULTING SERVICES,,,,,False,False
75N90024P00424,ECOLAB INC,2026-09-16,0.0,75N90024P00424,MD,BETHESDA,20892,MONTGOMERY,Q901,HEALTHCARE ENVIRONMENTAL CLEANING,561210,FACILITIES SUPPORT SERVICES,,,,,False,False
75N93018C00025,ACCESS TO ADVANCED HEALTH INSTITUTE,2026-09-16,-426800.01,75N93018C00025,WA,SEATTLE,98102,KING,AN12,HEALTH R&D SERVICES; HEALTH CARE SERVICES; APPLIED RESEARCH,541714,RESEARCH AND DEVELOPMENT IN BIOTECHNOLOGY (EXCEPT NANOBIOTECHNOLOGY),,,,,False,False
75N93021F00001,EMORY UNIVERSITY,2026-09-16,-107.12,75N93021F00001,GA,ATLANTA,30322,DEKALB,AN11,HEALTH R&D SERVICES; HEALTH CARE SERVICES; BASIC RESEARCH,541714,RESEARCH AND DEVELOPMENT IN BIOTECHNOLOGY (EXCEPT NANOBIOTECHNOLOGY),,,,,False,False
75N95021P00480,"BRUKER NANO, INC",2026-09-16,-809.26,75N95021P00480,AZ,TUCSON,85706,PIMA,6640,LABORATORY EQUIPMENT AND SUPPLIES,334516,ANALYTICAL LABORATORY INSTRUMENT MANUFACTURING,,,,,False,False
75N95019F00209,"CANON U.S.A., INC.",2026-09-16,-36.34,75N95019F00209,VA,ARLINGTON,22203,ARLINGTON,7050,INFORMATION TECHNOLOGY COMPONENTS,333316,PHOTOGRAPHIC AND PHOTOCOPYING EQUIPMENT MANUFACTURING,,,,,False,False
HHSN273201500006C,CONSOLIDATED SAFETY SERVICES INCORPORATED,2026-09-16,-79910.16,HHSN273201500006C,NC,DURHAM,27709,DURHAM,AZ11,R&D- OTHER RESEARCH AND DEVELOPMENT (BASIC RESEARCH),541712,"RESEARCH AND DEVELOPMENT IN THE PHYSICAL, ENGINEERING, AND LIFE SCIENCES (EXCEPT BIOTECHNOLOGY)",,,,,False,False
75N93019F00131,BATTELLE MEMORIAL INSTITUTE,2026-09-16,2404344.0,75N93019F00131,OH,COLUMBUS,43201,FRANKLIN,AN12,HEALTH R&D SERVICES; HEALTH CARE SERVICES; APPLIED RESEARCH,541713,RESEARCH AND DEVELOPMENT IN NANOTECHNOLOGY,,,,,False,False
75N98026P01691,GLOBAL LIFE SCIENCES SOLUTIONS USA LLC,2026-09-16,169782.14,75N98026P01691,MA,MARLBOROUGH,01752,MIDDLESEX,6640,LABORATORY EQUIPMENT AND SUPPLIES,334516,ANALYTICAL LABORATORY INSTRUMENT MANUFACTURING,,,,,False,False
75N98026P01635,DMT-USA INC,2026-09-16,46630.0,75N98026P01635,MD,BETHESDA,20810,MONTGOMERY,6515,"MEDICAL AND SURGICAL INSTRUMENTS, EQUIPMENT, AND SUPPLIES",339112,SURGICAL AND MEDICAL INSTRUMENT MANUFACTURING,,,,,False,False
HHSN273201300010C,SOUTHERN RESEARCH INSTITUTE,2026-09-16,-342330.97,HHSN273201300010C,AL,BIRMINGHAM,35255,JEFFERSON,AZ11,R&D- OTHER RESEARCH AND DEVELOPMENT (BASIC RESEARCH),541712,"RESEARCH AND DEVELOPMENT IN THE PHYSICAL, ENGINEERING, AND LIFE SCIENCES (EXCEPT BIOTECHNOLOGY)",,,,,False,False
75N95021P00401,"PHARMARON, INC",2026-09-16,-6510.0,75N95021P00401,,,,,Q301,REFERENCE LABORATORY TESTING,541380,TESTING LABORATORIES AND SERVICES,,,,,False,False
75N98026F00381,GLOBAL LIFE SCIENCES SOLUTIONS USA LLC,2026-09-16,73721.9,75N98026F00381,MA,MARLBOROUGH,01752,MIDDLESEX,6640,LABORATORY EQUIPMENT AND SUPPLIES,334516,ANALYTICAL LABORATORY INSTRUMENT MANUFACTURING,,,,,False,False
75N98026F00017,"THUNDERCAT TECHNOLOGY, LLC",2026-09-16,991166.1,75N98026F00017,MD,ROCKVILLE,20852,MONTGOMERY,7E20,"IT AND TELECOM - END USER: HELP DESK;TIER 1-2,WORKSPACE,PRINT,OUTPUT,PRODUCTIVITY TOOLS (HW/PERP SW)",541519,OTHER COMPUTER RELATED SERVICES,,,,,False,False
75N99025C00042,ABB INC.,2026-09-16,475956.0,75N99025C00042,NC,DURHAM,27709,DURHAM,M1NB,OPERATION OF HEATING AND COOLING PLANTS,811210,ELECTRONIC AND PRECISION EQUIPMENT REPAIR AND MAINTENANCE,,,,,False,False
75N93025F00249,"KLARQUIST SPARKMAN, LLP",2026-09-16,259590.0,75N93025F00249,OR,PORTLAND,97204,MULTNOMAH,R418,SUPPORT- PROFESSIONAL: LEGAL,541110,OFFICES OF LAWYERS,,,,,False,False
75N95021F00002,"22ND CENTURY TECHNOLOGIES, INC.",2026-09-16,-20686.3,75N95021F00002,MD,BETHESDA,20892,MONTGOMERY,R408,SUPPORT- PROFESSIONAL: PROGRAM MANAGEMENT/SUPPORT,541690,OTHER SCIENTIFIC AND TECHNICAL CONSULTING SERVICES,,,,,False,False
75N94024F00148,INSTITUTE FOR DEFENSE ANALYSES,2026-09-16,398000.0,75N94024F00148,MD,BETHESDA,20892,MONTGOMERY,R410,SUPPORT- PROFESSIONAL: PROGRAM EVALUATION/REVIEW/DEVELOPMENT,541990,"ALL OTHER PROFESSIONAL, SCIENTIFIC, AND TECHNICAL SERVICES",,,,,False,False
75N94020F00275,"INFINITY CONFERENCE GROUP, INC.",2026-09-16,-69214.15,75N94020F00275,VA,HERNDON,20170,FAIRFAX,R408,SUPPORT- PROFESSIONAL: PROGRAM MANAGEMENT/SUPPORT,561920,CONVENTION AND TRADE SHOW ORGANIZERS,,,,,False,False
75N93020F00032,"MEDICAL SCIENCE & COMPUTING, LLC",2026-09-16,-58219.05,75N93020F00032,MD,ROCKVILLE,20852,MONTGOMERY,R499,SUPPORT- PROFESSIONAL: OTHER,541990,"ALL OTHER PROFESSIONAL, SCIENTIFIC, AND TECHNICAL SERVICES",,,,,False,False
75N99025F00001,CUTLASS CONTRACTING LLC,2026-09-16,1355.0,75N99025F00001,MD,BETHESDA,20892,MONTGOMERY,Y1JZ,CONSTRUCTION OF MISCELLANEOUS BUILDINGS,236220,COMMERCIAL AND INSTITUTIONAL BUILDING CONSTRUCTION,,,,,False,False
HHSN263201700219P,"INTERNATIONAL DEVELOPMENT & RESOURCES, INC.",2026-09-16,-18618.7,HHSN263201700219P,VA,CENTREVILLE,20121,FAIRFAX,R408,SUPPORT- PROFESSIONAL: PROGRAM MANAGEMENT/SUPPORT,561210,FACILITIES SUPPORT SERVICES,,,,,False,False
75N98123F00001,SIKICH FEDERAL INC.,2026-09-16,3772416.96,75N98123F00001,VA,ARLINGTON,22209,ARLINGTON,DA01,IT AND TELECOM - BUSINESS APPLICATION/APPLICATION DEVELOPMENT SUPPORT SERVICES (LABOR),541512,COMPUTER SYSTEMS DESIGN SERVICES,,,,,False,False
75N93020F00023,"MEDICAL SCIENCE & COMPUTING, LLC",2026-09-16,-39217.12,75N93020F00023,MD,ROCKVILLE,20852,MONTGOMERY,R499,SUPPORT- PROFESSIONAL: OTHER,541990,"ALL OTHER PROFESSIONAL, SCIENTIFIC, AND TECHNICAL SERVICES",,,,,False,False
75N93020F00005,"MEDICAL SCIENCE & COMPUTING, LLC",2026-09-16,-105420.34,75N93020F00005,MD,GERMANTOWN,20874,MONTGOMERY,R499,SUPPORT- PROFESSIONAL: OTHER,541990,"ALL OTHER PROFESSIONAL, SCIENTIFIC, AND TECHNICAL SERVICES",,,,,False,False
75N90026C00007,DLA TROOP SUPPORT,2026-09-16,337000.0,75N90026C00007,VA,PORTSMOUTH,23708,PORTSMOUTH CITY,6515,"MEDICAL AND SURGICAL INSTRUMENTS, EQUIPMENT, AND SUPPLIES",339113,SURGICAL APPLIANCE AND SUPPLIES MANUFACTURING,,,,,False,False
75N94022F00050,"SOCIAL & SCIENTIFIC SYSTEMS, INC.",2026-09-16,0.0,75N94022F00050,MD,SILVER SPRING,20910,MONTGOMERY,R499,SUPPORT- PROFESSIONAL: OTHER,541519,OTHER COMPUTER RELATED SERVICES,,,,,False,False
75N90026C00004,DLA TROOP SUPPORT,2026-09-16,180000.0,75N90026C00004,PA,PHILADELPHIA,19111,PHILADELPHIA,6515,"MEDICAL AND SURGICAL INSTRUMENTS, EQUIPMENT, AND SUPPLIES",339113,SURGICAL APPLIANCE AND SUPPLIES MANUFACTURING,,,,,False,False
75N93021F00007,"MEDICAL SCIENCE & COMPUTING, LLC",2026-09-16,-25706.65,75N93021F00007,MD,BETHESDA,20814,MONTGOMERY,R707,SUPPORT- MANAGEMENT: CONTRACT/PROCUREMENT/ACQUISITION SUPPORT,541990,"ALL OTHER PROFESSIONAL, SCIENTIFIC, AND TECHNICAL SERVICES",,,,,False,False
75N98026F00001,"IQ SOLUTIONS, INC.",2026-09-16,1976849.04,75N98026F00001,MD,ROCKVILLE,20852,MONTGOMERY,T099,PHOTO/MAP/PRINT/PUBLICATION- OTHER,513199,ALL OTHER PUBLISHERS,,,,,False,False
75N93021F00006,"MEDICAL SCIENCE & COMPUTING, LLC",2026-09-16,-9.08,75N93021F00006,MD,BETHESDA,20814,MONTGOMERY,R707,SUPPORT- MANAGEMENT: CONTRACT/PROCUREMENT/ACQUISITION SUPPORT,541990,"ALL OTHER PROFESSIONAL, SCIENTIFIC, AND TECHNICAL SERVICES",,,,,False,False
75N95021F00015,"KELLY SERVICES, INC.",2026-09-16,-48035.25,75N95021F00015,MD,BETHESDA,20892,MONTGOMERY,R408,SUPPORT- PROFESSIONAL: PROGRAM MANAGEMENT/SUPPORT,541690,OTHER SCIENTIFIC AND TECHNICAL CONSULTING SERVICES,,,,,False,False
75N98026F00071,"KELLY SERVICES, INC.",2026-09-16,184968.0,75N98026F00071,MD,GERMANTOWN,20874,MONTGOMERY,R499,SUPPORT- PROFESSIONAL: OTHER,541690,OTHER SCIENTIFIC AND TECHNICAL CONSULTING SERVICES,,,,,False,False
75N93024F00039,"KELLY SERVICES, INC.",2026-09-16,266197.73,75N93024F00039,MD,BETHESDA,20814,MONTGOMERY,R707,SUPPORT- MANAGEMENT: CONTRACT/PROCUREMENT/ACQUISITION SUPPORT,541990,"ALL OTHER PROFESSIONAL, SCIENTIFIC, AND TECHNICAL SERVICES",,,,,False,False
75N95021F00022,"KELLY SERVICES, INC.",2026-09-16,-82823.93,75N95021F00022,MD,BETHESDA,20892,MONTGOMERY,R408,SUPPORT- PROFESSIONAL: PROGRAM MANAGEMENT/SUPPORT,541690,OTHER SCIENTIFIC AND TECHNICAL CONSULTING SERVICES,,,,,False,False
75N95021F00015,"KELLY SERVICES, INC.",2026-09-16,-1250869.2,75N95021F00015,MD,BETHESDA,20892,MONTGOMERY,R499,SUPPORT- PROFESSIONAL: OTHER,541690,OTHER SCIENTIFIC AND TECHNICAL CONSULTING SERVICES,,,,,False,False
75N95021F00017,"KELLY SERVICES, INC.",2026-09-16,-341390.98,75N95021F00017,MD,BETHESDA,20892,MONTGOMERY,R408,SUPPORT- PROFESSIONAL: PROGRAM MANAGEMENT/SUPPORT,541690,OTHER SCIENTIFIC AND TECHNICAL CONSULTING SERVICES,,,,,False,False
75N95021F00025,"KELLY SERVICES, INC.",2026-09-16,-7065.65,75N95021F00025,MD,BETHESDA,20892,MONTGOMERY,R408,SUPPORT- PROFESSIONAL: PROGRAM MANAGEMENT/SUPPORT,541690,OTHER SCIENTIFIC AND TECHNICAL CONSULTING SERVICES,,,,,False,False
75N95021F00011,"KELLY SERVICES, INC.",2026-09-16,-1689064.35,75N95021F00011,MD,BETHESDA,20892,MONTGOMERY,R499,SUPPORT- PROFESSIONAL: OTHER,541690,OTHER SCIENTIFIC AND TECHNICAL CONSULTING SERVICES,,,,,False,False
75N95026F00149,"KELLY SERVICES, INC.",2026-09-16,0.0,75N95026F00149,MD,ROCKVILLE,20852,MONTGOMERY,R499,SUPPORT- PROFESSIONAL: OTHER,541690,OTHER SCIENTIFIC AND TECHNICAL CONSULTING SERVICES,,,,,False,False
75N95021F00014,"KELLY SERVICES, INC.",2026-09-16,-587791.04,75N95021F00014,MD,BETHESDA,20892,MONTGOMERY,R499,SUPPORT- PROFESSIONAL: OTHER,541690,OTHER SCIENTIFIC AND TECHNICAL CONSULTING SERVICES,,,,,False,False
75N95026F00157,"KELLY SERVICES, INC.",2026-09-16,112659.53,75N95026F00157,MD,ROCKVILLE,20852,MONTGOMERY,R499,SUPPORT- PROFESSIONAL: OTHER,541690,OTHER SCIENTIFIC AND TECHNICAL CONSULTING SERVICES,,,,,False,False
75N99026F00008,"HELLMUTH, OBATA & KASSABAUM, P.C.",2026-09-16,136324.93,75N99026F00008,MD,BETHESDA,20892,MONTGOMERY,C219,ARCHITECT AND ENGINEERING- GENERAL: OTHER,541330,ENGINEERING SERVICES,,,,,False,False
75N95020F00072,"KELLY SERVICES, INC.",2026-09-16,-417.82,75N95020F00072,MD,BETHESDA,20892,MONTGOMERY,R408,SUPPORT- PROFESSIONAL: PROGRAM MANAGEMENT/SUPPORT,541690,OTHER SCIENTIFIC AND TECHNICAL CONSULTING SERVICES,,,,,False,False
75N98026P01628,"CANON MEDICAL SYSTEMS USA, INC",2026-09-16,229405.0,75N98026P01628,CA,TUSTIN,92780,ORANGE,J066,MAINT/REPAIR/REBUILD OF EQUIPMENT- INSTRUMENTS AND LABORATORY EQUIPMENT,811210,ELECTRONIC AND PRECISION EQUIPMENT REPAIR AND MAINTENANCE,,,,,False,False
75N95021F00004,"KELLY SERVICES, INC.",2026-09-16,-1957880.09,75N95021F00004,MD,ROCKVILLE,20852,MONTGOMERY,R499,SUPPORT- PROFESSIONAL: OTHER,541690,OTHER SCIENTIFIC AND TECHNICAL CONSULTING SERVICES,,,,,False,False
75N95021F00001,"HARBOR HOSPITAL, INC.",2026-09-16,-17174.1,75N95021F00001,MD,BROOKLYN,21225,BALTIMORE CITY,6515,"MEDICAL AND SURGICAL INSTRUMENTS, EQUIPMENT, AND SUPPLIES",339112,SURGICAL AND MEDICAL INSTRUMENT MANUFACTURING,,,,,False,False
75N98026F00003,IIT RESEARCH INSTITUTE,2026-09-16,46385.0,75N98026F00003,IL,CHICAGO,60616,COOK,AJ11,GENERAL SCIENCE AND TECHNOLOGY R&D SERVICES; GENERAL SCIENCE AND TECHNOLOGY; BASIC RESEARCH,541715,"RESEARCH AND DEVELOPMENT IN THE PHYSICAL, ENGINEERING, AND LIFE SCIENCES (EXCEPT NANOTECHNOLOGY AND BIOTECHNOLOGY)",,,,,False,False
75N98125F00001,C&T TECHNOLOGIES LLC,2026-09-16,2310792.13,75N98125F00001,MD,BETHESDA,20817,MONTGOMERY,DA01,IT AND TELECOM - BUSINESS APPLICATION/APPLICATION DEVELOPMENT SUPPORT SERVICES (LABOR),541512,COMPUTER SYSTEMS DESIGN SERVICES,,,,,False,False
75N95026F00145,"KELLY SERVICES, INC.",2026-09-16,194867.21,75N95026F00145,MD,ROCKVILLE,20852,MONTGOMERY,R499,SUPPORT- PROFESSIONAL: OTHER,541690,OTHER SCIENTIFIC AND TECHNICAL CONSULTING SERVICES,,,,,False,False
75N95021F00001,"KELLY SERVICES, INC.",2026-09-16,-85045.72,75N95021F00001,MD,BETHESDA,20892,MONTGOMERY,R408,SUPPORT- PROFESSIONAL: PROGRAM MANAGEMENT/SUPPORT,541690,OTHER SCIENTIFIC AND TECHNICAL CONSULTING SERVICES,,,,,False,False
75N95021F00013,"KELLY SERVICES, INC.",2026-09-16,-322663.1,75N95021F00013,MD,BETHESDA,20892,MONTGOMERY,R499,SUPPORT- PROFESSIONAL: OTHER,541690,OTHER SCIENTIFIC AND TECHNICAL CONSULTING SERVICES,,,,,False,False
75N95021F00016,"KELLY SERVICES, INC.",2026-09-16,-825722.12,75N95021F00016,MD,BETHESDA,20892,MONTGOMERY,R499,SUPPORT- PROFESSIONAL: OTHER,541690,OTHER SCIENTIFIC AND TECHNICAL CONSULTING SERVICES,,,,,False,False
75N98026P01693,"SAKURA FINETEK U.S.A., INC.",2026-09-16,75992.0,75N98026P01693,CA,TORRANCE,90501,LOS ANGELES,6640,LABORATORY EQUIPMENT AND SUPPLIES,334516,ANALYTICAL LABORATORY INSTRUMENT MANUFACTURING,,,,,False,False
75N96020C00001,"INTEGRATED LABORATORY SYSTEMS, LLC",2026-09-16,-416928.65,75N96020C00001,NC,MORRISVILLE,27560,WAKE,AZ11,R&D- OTHER RESEARCH AND DEVELOPMENT (BASIC RESEARCH),541715,"RESEARCH AND DEVELOPMENT IN THE PHYSICAL, ENGINEERING, AND LIFE SCIENCES (EXCEPT NANOTECHNOLOGY AND BIOTECHNOLOGY)",,,,,False,False
75N95021F00054,"KELLY SERVICES, INC.",2026-09-16,-14225.92,75N95021F00054,MD,BETHESDA,20892,MONTGOMERY,R408,SUPPORT- PROFESSIONAL: PROGRAM MANAGEMENT/SUPPORT,541690,OTHER SCIENTIFIC AND TECHNICAL CONSULTING SERVICES,,,,,False,False
75N95021F00002,"KELLY SERVICES, INC.",2026-09-16,-19456.24,75N95021F00002,MD,BETHESDA,20892,MONTGOMERY,R408,SUPPORT- PROFESSIONAL: PROGRAM MANAGEMENT/SUPPORT,541690,OTHER SCIENTIFIC AND TECHNICAL CONSULTING SERVICES,,,,,False,False
75N95021F00028,"KELLY SERVICES, INC.",2026-09-16,-3448.5,75N95021F00028,MD,BETHESDA,20892,MONTGOMERY,R408,SUPPORT- PROFESSIONAL: PROGRAM MANAGEMENT/SUPPORT,541690,OTHER SCIENTIFIC AND TECHNICAL CONSULTING SERVICES,,,,,False,False
75N95021F00035,"KELLY SERVICES, INC.",2026-09-16,-9044.39,75N95021F00035,MD,BETHESDA,20892,MONTGOMERY,R408,SUPPORT- PROFESSIONAL: PROGRAM MANAGEMENT/SUPPORT,541690,OTHER SCIENTIFIC AND TECHNICAL CONSULTING SERVICES,,,,,False,False
75N95021F00040,"KELLY SERVICES, INC.",2026-09-16,-59745.0,75N95021F00040,MD,BETHESDA,20892,MONTGOMERY,R408,SUPPORT- PROFESSIONAL: PROGRAM MANAGEMENT/SUPPORT,541690,OTHER SCIENTIFIC AND TECHNICAL CONSULTING SERVICES,,,,,False,False
75N95021F00038,"KELLY SERVICES, INC.",2026-09-16,-27171.75,75N95021F00038,MD,BETHESDA,20892,MONTGOMERY,R408,SUPPORT- PROFESSIONAL: PROGRAM MANAGEMENT/SUPPORT,541690,OTHER SCIENTIFIC AND TECHNICAL CONSULTING SERVICES,,,,,False,False
75N95021P00686,ARALDI GIAN LUCA,2026-09-16,-13200.0,75N95021P00686,CA,SAN DIEGO,92130,SAN DIEGO,R499,SUPPORT- PROFESSIONAL: OTHER,541990,"ALL OTHER PROFESSIONAL, SCIENTIFIC, AND TECHNICAL SERVICES",,,,,False,False
75N98026F00391,NIKON INSTRUMENTS INC,2026-09-16,46105.22,75N98026F00391,NY,MELVILLE,11747,SUFFOLK,6640,LABORATORY EQUIPMENT AND SUPPLIES,333314,OPTICAL INSTRUMENT AND LENS MANUFACTURING,,,,,False,False
75N97025F00001,GUIDEHOUSE INC.,2026-09-16,6713515.73,75N97025F00001,VA,MCLEAN,22102,FAIRFAX,DA01,IT AND TELECOM - BUSINESS APPLICATION/APPLICATION DEVELOPMENT SUPPORT SERVICES (LABOR),541512,COMPUTER SYSTEMS DESIGN SERVICES,,,,,False,False
75N95021P00105,CYPROTEX US LLC,2026-09-16,-12120.0,75N95021P00105,MA,WATERTOWN,02472,MIDDLESEX,Q301,REFERENCE LABORATORY TESTING,541380,TESTING LABORATORIES AND SERVICES,,,,,False,False
75N98026F00395,FISHER SCIENTIFIC COMPANY L.L.C.,2026-09-16,83864.28,75N98026F00395,PA,PITTSBURGH,15275,ALLEGHENY,4110,REFRIGERATION EQUIPMENT,339113,SURGICAL APPLIANCE AND SUPPLIES MANUFACTURING,,,,,False,False
75N95021P00243,FISHER SCIENTIFIC COMPANY L.L.C.,2026-09-16,-3420.08,75N95021P00243,PA,PITTSBURGH,15275,ALLEGHENY,6640,LABORATORY EQUIPMENT AND SUPPLIES,334516,ANALYTICAL LABORATORY INSTRUMENT MANUFACTURING,,,,,False,False
75N98124F00001,"ADG-REI TECHNOLOGY VENTURES, LLC",2026-09-16,5828544.06,75N98124F00001,VA,CENTREVILLE,20121,FAIRFAX,DA01,IT AND TELECOM - BUSINESS APPLICATION/APPLICATION DEVELOPMENT SUPPORT SERVICES (LABOR),541512,COMPUTER SYSTEMS DESIGN SERVICES,,,,,False,False
75N98026P01686,DATACONSULT-IO LLC,2026-09-16,204000.0,75N98026P01686,DC,WASHINGTON,20037,DISTRICT OF COLUMBIA,R499,SUPPORT- PROFESSIONAL: OTHER,541990,"ALL OTHER PROFESSIONAL, SCIENTIFIC, AND TECHNICAL SERVICES",,,,,False,False
75N98026P00106,FISHER SCIENTIFIC COMPANY L.L.C.,2026-09-16,45294.0,75N98026P00106,PA,PITTSBURGH,15275,ALLEGHENY,6810,CHEMICALS,325199,ALL OTHER BASIC ORGANIC CHEMICAL MANUFACTURING,,,,,False,False
75N93019P00482,"NATIONAL CAPITOL CONTRACTING, LLC",2026-09-16,-159696.18,75N93019P00482,VA,MCLEAN,22102,FAIRFAX,R499,SUPPORT- PROFESSIONAL: OTHER,541611,ADMINISTRATIVE MANAGEMENT AND GENERAL MANAGEMENT CONSULTING SERVICES,,,,,False,False
75N98026F00125,"JOHNSON CONTROLS, INC",2026-09-16,579756.09,75N98026F00125,NC,DURHAM,27709,DURHAM,Z2JZ,REPAIR OR ALTERATION OF MISCELLANEOUS BUILDINGS,334290,OTHER COMMUNICATIONS EQUIPMENT MANUFACTURING,,,,,False,False
75N92025C00008,RHO FEDERAL SYSTEMS DIVISION INC,2026-09-16,3715841.0,75N92025C00008,NC,DURHAM,27713,DURHAM,AN12,HEALTH R&D SERVICES; HEALTH CARE SERVICES; APPLIED RESEARCH,541715,"RESEARCH AND DEVELOPMENT IN THE PHYSICAL, ENGINEERING, AND LIFE SCIENCES (EXCEPT NANOTECHNOLOGY AND BIOTECHNOLOGY)",,,,,False,False
75N95021P00711,CHEUNG YING KUEN,2026-09-16,-2295.0,75N95021P00711,NY,BRONXVILLE,10708,WESTCHESTER,R499,SUPPORT- PROFESSIONAL: OTHER,541690,OTHER SCIENTIFIC AND TECHNICAL CONSULTING SERVICES,,,,,False,False
75N98026P01676,"ECHOMRI, LLC",2026-09-16,124000.0,75N98026P01676,TX,HOUSTON,77084,HARRIS,6640,LABORATORY EQUIPMENT AND SUPPLIES,334516,ANALYTICAL LABORATORY INSTRUMENT MANUFACTURING,,,,,False,False
75N98026F00327,"REGIS & ASSOCIATES, PC",2026-09-16,247586.32,75N98026F00327,MD,BETHESDA,20892,MONTGOMERY,R499,SUPPORT- PROFESSIONAL: OTHER,541211,OFFICES OF CERTIFIED PUBLIC ACCOUNTANTS,,,,,False,False
75N98024F00002,SAF-GARD SAFETY SHOE CO,2026-09-16,26100.0,75N98024F00002,NC,GREENSBORO,27407,GUILFORD,8430,"FOOTWEAR, MEN'S",458210,SHOE RETAILERS,,,,,False,False
75N93021F00001,AMERICAN TYPE CULTURE COLLECTION,2026-09-16,-2000.0,75N93021F00001,MD,BETHESDA,20892,MONTGOMERY,AN42,HEALTH R&D SERVICES; HEALTH CARE - OTHER; APPLIED RESEARCH,541714,RESEARCH AND DEVELOPMENT IN BIOTECHNOLOGY (EXCEPT NANOBIOTECHNOLOGY),,,,,False,False
75N98026F00398,PERCIVAL SCIENTIFIC INCORPORATED,2026-09-16,32164.51,75N98026F00398,IA,PERRY,50220,DALLAS,6640,LABORATORY EQUIPMENT AND SUPPLIES,333415,AIR-CONDITIONING AND WARM AIR HEATING EQUIPMENT AND COMMERCIAL AND INDUSTRIAL REFRIGERATION EQUIPMENT MANUFACTURING,,,,,False,False
75N98026F00374,EXXACT CORPORATION,2026-09-16,33085.0,75N98026F00374,MD,BETHESDA,20817,MONTGOMERY,7B20,IT AND TELECOM - HIGH PERFORMANCE COMPUTE (HARDWARE AND PERPETUAL LICENSE SOFTWARE),334111,ELECTRONIC COMPUTER MANUFACTURING,,,,,False,False
75N91020F00001,"INFORMATION MANAGEMENT SERVICES, INC.",2026-09-16,-315851.85,75N91020F00001,MD,BELTSVILLE,20705,PRINCE GEORGES,D308,IT AND TELECOM- PROGRAMMING,541519,OTHER COMPUTER RELATED SERVICES,,,,,False,False
75N90026F00001,"BECTON, DICKINSON AND COMPANY",2026-09-16,0.0,75N90026F00001,MD,BETHESDA,20892,MONTGOMERY,6640,LABORATORY EQUIPMENT AND SUPPLIES,334516,ANALYTICAL LABORATORY INSTRUMENT MANUFACTURING,,,,,False,False
75N98026P01594,PEAK SCIENTIFIC INC,2026-09-16,19992.46,75N98026P01594,MA,WESTFORD,01886,MIDDLESEX,6640,LABORATORY EQUIPMENT AND SUPPLIES,334516,ANALYTICAL LABORATORY INSTRUMENT MANUFACTURING,,,,,False,False
75N98026P01681,"BECTON, DICKINSON AND COMPANY",2026-09-16,223412.4,75N98026P01681,AZ,PHOENIX,85004,MARICOPA,6640,LABORATORY EQUIPMENT AND SUPPLIES,334516,ANALYTICAL LABORATORY INSTRUMENT MANUFACTURING,,,,,False,False
75N99022F00006,AEP ENERGY INC,2026-09-16,336113.73,75N99022F00006,MD,BETHESDA,20892,MONTGOMERY,S112,UTILITIES- ELECTRIC,221112,FOSSIL FUEL ELECTRIC POWER GENERATION,,,,,False,False
75N93021P01192,GRACE CONSULTING SERVICES LLC,2026-09-16,-57947.66,75N93021P01192,MD,ROCKVILLE,20852,MONTGOMERY,R799,SUPPORT- MANAGEMENT: OTHER,541611,ADMINISTRATIVE MANAGEMENT AND GENERAL MANAGEMENT CONSULTING SERVICES,,,,,False,False
75N95021P00499,LIFE TECHNOLOGIES CORPORATION,2026-09-16,-132.5,75N95021P00499,CA,CARLSBAD,92008,SAN DIEGO,6640,LABORATORY EQUIPMENT AND SUPPLIES,334516,ANALYTICAL LABORATORY INSTRUMENT MANUFACTURING,,,,,False,False
75N94021F00001,"ONPOINT CONSULTING, INC.",2026-09-16,-60285.31,75N94021F00001,MD,BETHESDA,20892,MONTGOMERY,R499,SUPPORT- PROFESSIONAL: OTHER,541512,COMPUTER SYSTEMS DESIGN SERVICES,,,,,False,False
75N95020C00026,THE JOHNS HOPKINS HEALTH SYSTEM CORPORATION,2026-09-16,-139067.0,75N95020C00026,MD,BALTIMORE,21224,BALTIMORE CITY,X1LZ,LEASE/RENTAL OF PARKING FACILITIES,812930,PARKING LOTS AND GARAGES,,,,,False,False
75N98026F00026,"ILLUMINA, INC.",2026-09-16,23000.63,75N98026F00026,CA,SAN DIEGO,92122,SAN DIEGO,6640,LABORATORY EQUIPMENT AND SUPPLIES,334516,ANALYTICAL LABORATORY INSTRUMENT MANUFACTURING,,,,,False,False
75N95021P00196,"ILLUMINA, INC.",2026-09-16,-2800.32,75N95021P00196,CA,SAN DIEGO,92122,SAN DIEGO,6640,LABORATORY EQUIPMENT AND SUPPLIES,334516,ANALYTICAL LABORATORY INSTRUMENT MANUFACTURING,,,,,False,False
75N98026P01636,"MOBILE COMMUNICATIONS AMERICA, INC.",2026-09-16,45713.03,75N98026P01636,MD,ROCKVILLE,20852,MONTGOMERY,J066,MAINT/REPAIR/REBUILD OF EQUIPMENT- INSTRUMENTS AND LABORATORY EQUIPMENT,334290,OTHER COMMUNICATIONS EQUIPMENT MANUFACTURING,,,,,False,False
75N93021C00010,DUKE UNIVERSITY,2026-09-16,1762549.53,75N93021C00010,NC,DURHAM,27708,DURHAM,AN11,HEALTH R&D SERVICES; HEALTH CARE SERVICES; BASIC RESEARCH,541715,"RESEARCH AND DEVELOPMENT IN THE PHYSICAL, ENGINEERING, AND LIFE SCIENCES (EXCEPT NANOTECHNOLOGY AND BIOTECHNOLOGY)",,,,,False,False
75N98125F00001,DYNANET CORPORATION,2026-09-16,0.0,75N98125F00001,MD,ELKRIDGE,21075,HOWARD,DA01,IT AND TELECOM - BUSINESS APPLICATION/APPLICATION DEVELOPMENT SUPPORT SERVICES (LABOR),541512,COMPUTER SYSTEMS DESIGN SERVICES,,,,,False,False
75N99026C00032,METAL MEN LLC,2026-09-16,1126147.73,75N99026C00032,MD,BETHESDA,20892,MONTGOMERY,Y1JZ,CONSTRUCTION OF MISCELLANEOUS BUILDINGS,236220,COMMERCIAL AND INSTITUTIONAL BUILDING CONSTRUCTION,,,,,False,False
75N95021P00209,ML_CONSULT LLC,2026-09-16,-3750.0,75N95021P00209,OH,CINCINNATI,45220,HAMILTON,R499,SUPPORT- PROFESSIONAL: OTHER,541990,"ALL OTHER PROFESSIONAL, SCIENTIFIC, AND TECHNICAL SERVICES",,,,,False,False
75N95021F00003,"TRANSNETYX, INC",2026-09-16,-5028.25,75N95021F00003,MD,BALTIMORE,21224,BALTIMORE CITY,Q301,REFERENCE LABORATORY TESTING,541711,RESEARCH AND DEVELOPMENT IN BIOTECHNOLOGY,,,,,False,False
75N95021F00105,"TRANSNETYX, INC",2026-09-16,-2796.0,75N95021F00105,MD,BALTIMORE,21224,BALTIMORE,Q301,REFERENCE LABORATORY TESTING,541711,RESEARCH AND DEVELOPMENT IN BIOTECHNOLOGY,,,,,False,False
75N95021F00012,"TRANSNETYX, INC",2026-09-16,-81.65,75N95021F00012,MD,BALTIMORE,21224,BALTIMORE,Q301,REFERENCE LABORATORY TESTING,541711,RESEARCH AND DEVELOPMENT IN BIOTECHNOLOGY,,,,,False,False
75N95021F00089,"TRANSNETYX, INC",2026-09-16,-7.95,75N95021F00089,MD,BALTIMORE,21224,BALTIMORE,Q301,REFERENCE LABORATORY TESTING,541711,RESEARCH AND DEVELOPMENT IN BIOTECHNOLOGY,,,,,False,False
75N95021F00082,"TRANSNETYX, INC",2026-09-16,-71.45,75N95021F00082,MD,BALTIMORE,21224,BALTIMORE,Q301,REFERENCE LABORATORY TESTING,541711,RESEARCH AND DEVELOPMENT IN BIOTECHNOLOGY,,,,,False,False
75N95021F00007,"TRANSNETYX, INC",2026-09-16,-785.95,75N95021F00007,MD,BALTIMORE,21224,BALTIMORE CITY,Q301,REFERENCE LABORATORY TESTING,541711,RESEARCH AND DEVELOPMENT IN BIOTECHNOLOGY,,,,,False,False
75N95020P00621,JACKSON LABORATORY,2026-09-16,-1024838.67,75N95020P00621,ME,BAR HARBOR,04609,HANCOCK,Q301,REFERENCE LABORATORY TESTING,541714,RESEARCH AND DEVELOPMENT IN BIOTECHNOLOGY (EXCEPT NANOBIOTECHNOLOGY),,,,,False,False
75N95021F00005,"TRANSNETYX, INC",2026-09-16,-17633.85,75N95021F00005,MD,BALTIMORE,21224,BALTIMORE,Q301,REFERENCE LABORATORY TESTING,541711,RESEARCH AND DEVELOPMENT IN BIOTECHNOLOGY,,,,,False,False
75N98026F00012,PARAGON MICRO INC,2026-09-16,548046.47,75N98026F00012,IL,LAKE ZURICH,60047,LAKE,7B22,IT AND TELECOM - COMPUTE: SERVERS (HARDWARE AND PERPETUAL LICENSE SOFTWARE),541519,OTHER COMPUTER RELATED SERVICES,,,,,False,False
75N95021P00276,REACTION BIOLOGY CORPORATION,2026-09-16,-2432.0,75N95021P00276,PA,MALVERN,19355,CHESTER,Q301,REFERENCE LABORATORY TESTING,541380,TESTING LABORATORIES AND SERVICES,,,,,False,False
75N99025F00001,AKIMA FACILITIES OPERATIONS LLC,2026-09-16,782000.0,75N99025F00001,MD,BETHESDA,20892,MONTGOMERY,S201,HOUSEKEEPING- CUSTODIAL JANITORIAL,561210,FACILITIES SUPPORT SERVICES,,,,,False,False
75N95021F00001,"AXLE INFORMATICS, LLC",2026-09-16,-252722.14,75N95021F00001,MD,BETHESDA,20892,MONTGOMERY,R499,SUPPORT- PROFESSIONAL: OTHER,541690,OTHER SCIENTIFIC AND TECHNICAL CONSULTING SERVICES,,,,,False,False
75N98026F00021,"AXLE INFORMATICS, LLC",2026-09-16,261253.44,75N98026F00021,MD,ROCKVILLE,20852,MONTGOMERY,R499,SUPPORT- PROFESSIONAL: OTHER,541690,OTHER SCIENTIFIC AND TECHNICAL CONSULTING SERVICES,,,,,False,False
75N95026F00002,"POLYPEPTIDE LABORATORIES SAN DIEGO, LLC",2026-09-16,601000.0,75N95026F00002,CA,SAN DIEGO,92126,SAN DIEGO,AN11,HEALTH R&D SERVICES; HEALTH CARE SERVICES; BASIC RESEARCH,325411,MEDICINAL AND BOTANICAL MANUFACTURING,,,,,False,False
75N91018C00029,"WESTAT, INC.",2026-09-16,-12455.4,75N91018C00029,MD,ROCKVILLE,20850,MONTGOMERY,R499,SUPPORT- PROFESSIONAL: OTHER,541990,"ALL OTHER PROFESSIONAL, SCIENTIFIC, AND TECHNICAL SERVICES",,,,,False,False
75N95021F00007,"AXLE INFORMATICS, LLC",2026-09-16,-15592.1,75N95021F00007,MD,BETHESDA,20892,MONTGOMERY,R499,SUPPORT- PROFESSIONAL: OTHER,541690,OTHER SCIENTIFIC AND TECHNICAL CONSULTING SERVICES,,,,,False,False
75N98026F00020,"AXLE INFORMATICS, LLC",2026-09-16,189060.48,75N98026F00020,MD,ROCKVILLE,20852,MONTGOMERY,R499,SUPPORT- PROFESSIONAL: OTHER,541690,OTHER SCIENTIFIC AND TECHNICAL CONSULTING SERVICES,,,,,False,False
75N98026P01662,"BIO-RAD LABORATORIES, INC.",2026-09-16,18036.0,75N98026P01662,MD,BETHESDA,20892,MONTGOMERY,6640,LABORATORY EQUIPMENT AND SUPPLIES,334516,ANALYTICAL LABORATORY INSTRUMENT MANUFACTURING,,,,,False,False
75N95021P00257,ARCET EQUIPMENT CO,2026-09-16,-1316.34,75N95021P00257,VA,RICHMOND,23222,RICHMOND CITY,6830,GASES: COMPRESSED AND LIQUEFIED,325120,INDUSTRIAL GAS MANUFACTURING,,,,,False,False
75N98026P01651,"METABOLON, INC.",2026-09-16,22653.0,75N98026P01651,NC,MORRISVILLE,27560,WAKE,Q301,REFERENCE LABORATORY TESTING,541380,TESTING LABORATORIES AND SERVICES,,,,,False,False
75N93021P00821,"IMEC GROUP, LLC",2026-09-16,-145683.6,75N93021P00821,MD,ROCKVILLE,20852,MONTGOMERY,Z2AA,REPAIR OR ALTERATION OF OFFICE BUILDINGS,561210,FACILITIES SUPPORT SERVICES,,,,,False,False
75N93025F00069,"AXLE INFORMATICS, LLC",2026-09-16,267264.0,75N93025F00069,MD,BETHESDA,20814,MONTGOMERY,R707,SUPPORT- MANAGEMENT: CONTRACT/PROCUREMENT/ACQUISITION SUPPORT,541990,"ALL OTHER PROFESSIONAL, SCIENTIFIC, AND TECHNICAL SERVICES",,,,,False,False
75N95026F00001,"POLYPEPTIDE LABORATORIES SAN DIEGO, LLC",2026-09-16,315000.0,75N95026F00001,CA,SAN DIEGO,92126,SAN DIEGO,AN11,HEALTH R&D SERVICES; HEALTH CARE SERVICES; BASIC RESEARCH,325411,MEDICINAL AND BOTANICAL MANUFACTURING,,,,,False,False
75N93021F00001,"UNIVERSITE DES SCIENCES, DES TECHNIQUES ET DES TECHNOLOGIES DE BAMAKO (USTTB)",2026-09-16,-384215.3,75N93021F00001,,,,,AA11,AGRICULTURE R&D SERVICES; AGRICULTURAL RESEARCH AND SERVICES; BASIC RESEARCH,541990,"ALL OTHER PROFESSIONAL, SCIENTIFIC, AND TECHNICAL SERVICES",,,,,False,False
75N98026P01669,"HILL-ROM, INC.",2026-09-16,18296.9,75N98026P01669,IN,BATESVILLE,47006,FRANKLIN,6515,"MEDICAL AND SURGICAL INSTRUMENTS, EQUIPMENT, AND SUPPLIES",339112,SURGICAL AND MEDICAL INSTRUMENT MANUFACTURING,,,,,False,False
75N95021C00010,"ROSE LI AND ASSOCIATES, INC.",2026-09-16,-47452.23,75N95021C00010,MD,ROCKVILLE,20852,MONTGOMERY,R699,SUPPORT- ADMINISTRATIVE: OTHER,541611,ADMINISTRATIVE MANAGEMENT AND GENERAL MANAGEMENT CONSULTING SERVICES,,,,,False,False
75N91026F00001,"ICF INCORPORATED, L.L.C.",2026-09-16,6958735.0,75N91026F00001,VA,RESTON,20190,FAIRFAX,R426,SUPPORT- PROFESSIONAL: COMMUNICATIONS,541611,ADMINISTRATIVE MANAGEMENT AND GENERAL MANAGEMENT CONSULTING SERVICES,,,,,False,False
75N94025F00001,"THE EMMES COMPANY, LLC",2026-09-16,775513.41,75N94025F00001,MD,ROCKVILLE,20850,MONTGOMERY,AN12,HEALTH R&D SERVICES; HEALTH CARE SERVICES; APPLIED RESEARCH,541715,"RESEARCH AND DEVELOPMENT IN THE PHYSICAL, ENGINEERING, AND LIFE SCIENCES (EXCEPT NANOTECHNOLOGY AND BIOTECHNOLOGY)",,,,,False,False
75N98026F00382,VWR INTERNATIONAL LLC,2026-09-16,38518.7,75N98026F00382,MD,BETHESDA,20810,MONTGOMERY,6515,"MEDICAL AND SURGICAL INSTRUMENTS, EQUIPMENT, AND SUPPLIES",339113,SURGICAL APPLIANCE AND SUPPLIES MANUFACTURING,,,,,False,False
75N99022F00026,POTOMAC ELECTRIC POWER CO,2026-09-16,327962.0,75N99022F00026,MD,BETHESDA,20892,MONTGOMERY,S112,UTILITIES- ELECTRIC,221118,OTHER ELECTRIC POWER GENERATION,,,,,False,False
75N97021F00001,"ONEIDA COMMUNICATIONS, INC.",2026-09-16,-0.04,75N97021F00001,MD,BETHESDA,20817,MONTGOMERY,R408,SUPPORT- PROFESSIONAL: PROGRAM MANAGEMENT/SUPPORT,541512,COMPUTER SYSTEMS DESIGN SERVICES,,,,,False,False
75N98026P01675,XACT METAL INC,2026-09-16,169747.0,75N98026P01675,PA,STATE COLLEGE,16803,CENTRE,6515,"MEDICAL AND SURGICAL INSTRUMENTS, EQUIPMENT, AND SUPPLIES",333248,ALL OTHER INDUSTRIAL MACHINERY MANUFACTURING,,,,,False,False
75N93023C00016,CHROMOLOGIC LLC,2026-09-16,239907.0,75N93023C00016,CA,MONROVIA,91016,LOS ANGELES,AN12,HEALTH R&D SERVICES; HEALTH CARE SERVICES; APPLIED RESEARCH,541714,RESEARCH AND DEVELOPMENT IN BIOTECHNOLOGY (EXCEPT NANOBIOTECHNOLOGY),,,,,False,False
75N98026F00001,RITZ CONSTRUCTION INC,2026-09-16,139502.86,75N98026F00001,MD,BETHESDA,20892,MONTGOMERY,Y1JZ,CONSTRUCTION OF MISCELLANEOUS BUILDINGS,236220,COMMERCIAL AND INSTITUTIONAL BUILDING CONSTRUCTION,,,,,False,False
75N99025F00001,ARGUS CJW JV 3 LLC,2026-09-16,166692.12,75N99025F00001,MD,BETHESDA,20892,MONTGOMERY,Y1JZ,CONSTRUCTION OF MISCELLANEOUS BUILDINGS,236220,COMMERCIAL AND INSTITUTIONAL BUILDING CONSTRUCTION,,,,,False,False
75N98026P00133,SOFT COMPUTER CONSULTANTS INC,2026-09-16,9500.0,75N98026P00133,FL,CLEARWATER,33760,PINELLAS,7B20,IT AND TELECOM - HIGH PERFORMANCE COMPUTE (HARDWARE AND PERPETUAL LICENSE SOFTWARE),513210,SOFTWARE PUBLISHERS,,,,,False,False
75N98026F00054,"GAP SOLUTIONS, INC.",2026-09-16,253866.88,75N98026F00054,VA,HERNDON,20170,FAIRFAX,R499,SUPPORT- PROFESSIONAL: OTHER,541690,OTHER SCIENTIFIC AND TECHNICAL CONSULTING SERVICES,,,,,False,False
75N98026P01688,"AXION BIOSYSTEMS, INC.",2026-09-16,26050.0,75N98026P01688,GA,ATLANTA,30363,FULTON,J066,MAINT/REPAIR/REBUILD OF EQUIPMENT- INSTRUMENTS AND LABORATORY EQUIPMENT,811210,ELECTRONIC AND PRECISION EQUIPMENT REPAIR AND MAINTENANCE,,,,,False,False
75N98026P00133,SOFT COMPUTER CONSULTANTS INC,2026-09-16,305282.68,75N98026P00133,FL,CLEARWATER,33760,PINELLAS,7B20,IT AND TELECOM - HIGH PERFORMANCE COMPUTE (HARDWARE AND PERPETUAL LICENSE SOFTWARE),513210,SOFTWARE PUBLISHERS,,,,,False,False
75N98026F00055,"GAP SOLUTIONS, INC.",2026-09-16,156150.96,75N98026F00055,VA,HERNDON,20170,FAIRFAX,R499,SUPPORT- PROFESSIONAL: OTHER,541690,OTHER SCIENTIFIC AND TECHNICAL CONSULTING SERVICES,,,,,False,False
75N95026F00056,"GAP SOLUTIONS, INC.",2026-09-16,0.0,75N95026F00056,MD,ROCKVILLE,20852,MONTGOMERY,R499,SUPPORT- PROFESSIONAL: OTHER,541690,OTHER SCIENTIFIC AND TECHNICAL CONSULTING SERVICES,,,,,False,False
75N95021F00001,"GAP SOLUTIONS, INC.",2026-09-16,-19992.28,75N95021F00001,MD,BETHESDA,20892,MONTGOMERY,R499,SUPPORT- PROFESSIONAL: OTHER,541690,OTHER SCIENTIFIC AND TECHNICAL CONSULTING SERVICES,,,,,False,False
75N95023F00154,WATERS TECHNOLOGIES CORPORATION,2026-09-16,-11227.47,75N95023F00154,MD,BETHESDA,20892,MONTGOMERY,J066,MAINT/REPAIR/REBUILD OF EQUIPMENT- INSTRUMENTS AND LABORATORY EQUIPMENT,334516,ANALYTICAL LABORATORY INSTRUMENT MANUFACTURING,,,,,False,False
75N95020P00298,ROMERO DONNA L,2026-09-16,-6750.0,75N95020P00298,MD,BETHESDA,20892,MONTGOMERY,R499,SUPPORT- PROFESSIONAL: OTHER,541990,"ALL OTHER PROFESSIONAL, SCIENTIFIC, AND TECHNICAL SERVICES",,,,,False,False
75N90024C00032,MACHAON DIAGNOSTICS INC,2026-09-16,145080.0,75N90024C00032,MD,BETHESDA,20892,MONTGOMERY,Q301,REFERENCE LABORATORY TESTING,621511,MEDICAL LABORATORIES,,,,,False,False
75N95021P00079,"CHARLES RIVER LABORATORIES, INC.",2026-09-16,-3604.0,75N95021P00079,MA,WILMINGTON,01887,MIDDLESEX,Q301,REFERENCE LABORATORY TESTING,541380,TESTING LABORATORIES AND SERVICES,,,,,False,False
75N95024F00110,"GAP SOLUTIONS, INC.",2026-09-16,92962.4,75N95024F00110,MD,BETHESDA,20892,MONTGOMERY,R499,SUPPORT- PROFESSIONAL: OTHER,541690,OTHER SCIENTIFIC AND TECHNICAL CONSULTING SERVICES,,,,,False,False
75N98024F00005,"YOUR RECRUITING COMPANY, INC.",2026-09-16,1223378.92,75N98024F00005,VA,RESTON,20190,FAIRFAX,R699,SUPPORT- ADMINISTRATIVE: OTHER,541612,"HUMAN RESOURCES CONSULTING SERVICES (2007), HUMAN RESOURCES AND EXECUTIVE SEARCH CONSULTING SERVICES (2002)",,,,,False,False
75N98024F00001,"YOUR RECRUITING COMPANY, INC.",2026-09-16,3436301.6,75N98024F00001,VA,RESTON,20190,FAIRFAX,R699,SUPPORT- ADMINISTRATIVE: OTHER,541612,"HUMAN RESOURCES CONSULTING SERVICES (2007), HUMAN RESOURCES AND EXECUTIVE SEARCH CONSULTING SERVICES (2002)",,,,,False,False
75N98026F00002,"GENERAL DYNAMICS INFORMATION TECHNOLOGY, INC.",2026-09-16,3298260.88,75N98026F00002,MD,BETHESDA,20892,MONTGOMERY,DA01,IT AND TELECOM - BUSINESS APPLICATION/APPLICATION DEVELOPMENT SUPPORT SERVICES (LABOR),541511,CUSTOM COMPUTER PROGRAMMING SERVICES,,,,,False,False
75N98026F00009,"CONTEMPORARIES, INC.",2026-09-16,50731.76,75N98026F00009,MD,COLUMBIA,21044,HOWARD,R499,SUPPORT- PROFESSIONAL: OTHER,561320,TEMPORARY HELP SERVICES,,,,,False,False
75N95024F00002,"VITAE ENIM VITAE SCIENTIFIC, INC.",2026-09-16,32156.0,75N95024F00002,CA,SAN DIEGO,92109,SAN DIEGO,AN12,HEALTH R&D SERVICES; HEALTH CARE SERVICES; APPLIED RESEARCH,325412,PHARMACEUTICAL PREPARATION MANUFACTURING,,,,,False,False
75N95026F00035,GUIDEHOUSE DIGITAL LLC,2026-09-15,157617.12,75N95026F00035,VA,MCLEAN,22102,FAIRFAX,R499,SUPPORT- PROFESSIONAL: OTHER,541690,OTHER SCIENTIFIC AND TECHNICAL CONSULTING SERVICES,,,,,False,False
75N95024F00086,GUIDEHOUSE DIGITAL LLC,2026-09-15,92827.28,75N95024F00086,MD,BETHESDA,20892,MONTGOMERY,R499,SUPPORT- PROFESSIONAL: OTHER,541690,OTHER SCIENTIFIC AND TECHNICAL CONSULTING SERVICES,,,,,False,False
75N95026F00032,GUIDEHOUSE DIGITAL LLC,2026-09-15,158348.8,75N95026F00032,VA,MCLEAN,22102,FAIRFAX,R499,SUPPORT- PROFESSIONAL: OTHER,541690,OTHER SCIENTIFIC AND TECHNICAL CONSULTING SERVICES,,,,,False,False
75N95021P00467,PSOMAGEN INC,2026-09-15,-5345.0,75N95021P00467,MD,ROCKVILLE,20850,MONTGOMERY,Q301,REFERENCE LABORATORY TESTING,541380,TESTING LABORATORIES AND SERVICES,,,,,False,False
75N93018C00008,UNIVERSITY OF WASHINGTON,2026-09-15,-1489.38,75N93018C00008,WA,SEATTLE,98195,KING,AN81,R&D- MEDICAL: AIDS RESEARCH (BASIC RESEARCH),541715,"RESEARCH AND DEVELOPMENT IN THE PHYSICAL, ENGINEERING, AND LIFE SCIENCES (EXCEPT NANOTECHNOLOGY AND BIOTECHNOLOGY)",,,,,False,False
75N98026P01660,GUIDEHOUSE DIGITAL LLC,2026-09-15,53693.64,75N98026P01660,MD,BETHESDA,20892,MONTGOMERY,R499,SUPPORT- PROFESSIONAL: OTHER,541990,"ALL OTHER PROFESSIONAL, SCIENTIFIC, AND TECHNICAL SERVICES",,,,,False,False
75N98026F00063,HISPANIC ASSOCIATION OF COLLEGES & UNIVERSITIES,2026-09-15,0.0,75N98026F00063,MD,BETHESDA,20892,MONTGOMERY,R608,SUPPORT- ADMINISTRATIVE: TRANSLATION AND INTERPRETING,541612,"HUMAN RESOURCES CONSULTING SERVICES (2007), HUMAN RESOURCES AND EXECUTIVE SEARCH CONSULTING SERVICES (2002)",,,,,False,False
75N98026F00003,PARAGON SYSTEMS INC,2026-09-15,14650000.0,75N98026F00003,MD,BETHESDA,20814,MONTGOMERY,R499,SUPPORT- PROFESSIONAL: OTHER,561612,SECURITY GUARDS AND PATROL SERVICES,,,,,False,False
75N95026F00034,GUIDEHOUSE DIGITAL LLC,2026-09-15,1065880.98,,VA,,,,R499,SUPPORT- PROFESSIONAL: OTHER,541690,OTHER SCIENTIFIC AND TECHNICAL CONSULTING SERVICES,,,,,False,False
75N95026F00033,GUIDEHOUSE DIGITAL LLC,2026-09-15,235178.56,75N95026F00033,VA,MCLEAN,22102,FAIRFAX,R499,SUPPORT- PROFESSIONAL: OTHER,541690,OTHER SCIENTIFIC AND TECHNICAL CONSULTING SERVICES,,,,,False,False
75N98026F00013,GUIDEHOUSE DIGITAL LLC,2026-09-15,185512.32,75N98026F00013,VA,MCLEAN,22102,FAIRFAX,R499,SUPPORT- PROFESSIONAL: OTHER,541690,OTHER SCIENTIFIC AND TECHNICAL CONSULTING SERVICES,,,,,False,False
75N98123F00001,AT-IMPACT LLC,2026-09-15,356839.92,75N98123F00001,VA,FALLS CHURCH,22043,FAIRFAX,DA01,IT AND TELECOM - BUSINESS APPLICATION/APPLICATION DEVELOPMENT SUPPORT SERVICES (LABOR),541512,COMPUTER SYSTEMS DESIGN SERVICES,,,,,False,False
75N91022F00001,RESEARCH INSTITUTE AT NATIONWIDE CHILDREN'S HOSPITAL,2026-09-15,0.0,75N91022F00001,OH,COLUMBUS,43205,FRANKLIN,Q301,REFERENCE LABORATORY TESTING,541380,TESTING LABORATORIES AND SERVICES,,,,,False,False
75N98026F00323,"TOWER FACILITY MANAGEMENT, LLC",2026-09-15,1707548.6,75N98026F00323,MD,COLUMBIA,21046,HOWARD,DC10,IT AND TELECOM - DATA CENTER AS A SERVICE,561210,FACILITIES SUPPORT SERVICES,,,,,False,False
75N95021P00523,DAVID KOPF INSTRUMENTS,2026-09-15,-59.91,75N95021P00523,MD,BALTIMORE,21224,BALTIMORE,6640,LABORATORY EQUIPMENT AND SUPPLIES,541715,"RESEARCH AND DEVELOPMENT IN THE PHYSICAL, ENGINEERING, AND LIFE SCIENCES (EXCEPT NANOTECHNOLOGY AND BIOTECHNOLOGY)",,,,,False,False
75N99026P00039,THE IMPACT GROUP LLC,2026-09-15,66147.92,75N99026P00039,MD,BETHESDA,20892,MONTGOMERY,Y1JZ,CONSTRUCTION OF MISCELLANEOUS BUILDINGS,236220,COMMERCIAL AND INSTITUTIONAL BUILDING CONSTRUCTION,,,,,False,False
75N99026F00010,CHAPPELLE MECHANICAL SERVICES LLC,2026-09-15,76226.0,75N99026F00010,MD,BETHESDA,20892,MONTGOMERY,Y1JZ,CONSTRUCTION OF MISCELLANEOUS BUILDINGS,236220,COMMERCIAL AND INSTITUTIONAL BUILDING CONSTRUCTION,,,,,False,False
75N98026F00001,"OLGOONIK GENERAL, LLC",2026-09-15,8884.79,75N98026F00001,MD,BETHESDA,20892,MONTGOMERY,Y1JZ,CONSTRUCTION OF MISCELLANEOUS BUILDINGS,236220,COMMERCIAL AND INSTITUTIONAL BUILDING CONSTRUCTION,,,,,False,False
75N99026F00007,"ET&T JV, LLC",2026-09-15,396347.0,75N99026F00007,MD,BETHESDA,20892,MONTGOMERY,Y1JZ,CONSTRUCTION OF MISCELLANEOUS BUILDINGS,236220,COMMERCIAL AND INSTITUTIONAL BUILDING CONSTRUCTION,,,,,False,False
75N99025C00066,MATOS BUILDERS LLC,2026-09-15,3495.0,75N99025C00066,MD,BETHESDA,20814,MONTGOMERY,Y1JZ,CONSTRUCTION OF MISCELLANEOUS BUILDINGS,236220,COMMERCIAL AND INSTITUTIONAL BUILDING CONSTRUCTION,,,,,False,False
75N95020F00001,REGENTS OF THE UNIVERSITY OF MINNESOTA,2026-09-15,-767.87,75N95020F00001,MN,MINNEAPOLIS,55455,HENNEPIN,AN11,HEALTH R&D SERVICES; HEALTH CARE SERVICES; BASIC RESEARCH,325411,MEDICINAL AND BOTANICAL MANUFACTURING,,,,,False,False
75N95018P00500,"SIEMENS MEDICAL SOLUTIONS USA, INC.",2026-09-15,-0.03,75N95018P00500,PA,MALVERN,19355,CHESTER,J066,MAINT/REPAIR/REBUILD OF EQUIPMENT- INSTRUMENTS AND LABORATORY EQUIPMENT,811219,OTHER ELECTRONIC AND PRECISION EQUIPMENT REPAIR AND MAINTENANCE,,,,,False,False
75N95019F00120,"CANON U.S.A., INC.",2026-09-15,-25099.11,75N95019F00120,MD,BETHESDA,20892,MONTGOMERY,J066,MAINT/REPAIR/REBUILD OF EQUIPMENT- INSTRUMENTS AND LABORATORY EQUIPMENT,333316,PHOTOGRAPHIC AND PHOTOCOPYING EQUIPMENT MANUFACTURING,,,,,False,False
75N99026F00012,"OLGOONIK GENERAL, LLC",2026-09-15,85462.94,75N99026F00012,MD,BETHESDA,20892,MONTGOMERY,Y1JZ,CONSTRUCTION OF MISCELLANEOUS BUILDINGS,236220,COMMERCIAL AND INSTITUTIONAL BUILDING CONSTRUCTION,,,,,False,False
75N99225C00002,"TEMPUS AI, INC",2026-09-15,11637449.92,75N99225C00002,DC,WASHINGTON,20005,DISTRICT OF COLUMBIA,AN12,HEALTH R&D SERVICES; HEALTH CARE SERVICES; APPLIED RESEARCH,541715,"RESEARCH AND DEVELOPMENT IN THE PHYSICAL, ENGINEERING, AND LIFE SCIENCES (EXCEPT NANOTECHNOLOGY AND BIOTECHNOLOGY)",,,,,False,False
75N95019F00035,"KAUFFMAN AND ASSOCIATES, INC",2026-09-15,-311.58,75N95019F00035,MD,BETHESDA,20892,MONTGOMERY,R699,SUPPORT- ADMINISTRATIVE: OTHER,541611,ADMINISTRATIVE MANAGEMENT AND GENERAL MANAGEMENT CONSULTING SERVICES,,,,,False,False
75N98026P01652,MALVERN PANALYTICAL INC,2026-09-15,18136.0,75N98026P01652,MA,WESTBOROUGH,01581,WORCESTER,AJ11,GENERAL SCIENCE AND TECHNOLOGY R&D SERVICES; GENERAL SCIENCE AND TECHNOLOGY; BASIC RESEARCH,811210,ELECTRONIC AND PRECISION EQUIPMENT REPAIR AND MAINTENANCE,,,,,False,False
75N95021P00539,"PHENOMENEX, INC.",2026-09-15,-16.5,75N95021P00539,MD,BALTIMORE,21224,BALTIMORE,6640,LABORATORY EQUIPMENT AND SUPPLIES,334516,ANALYTICAL LABORATORY INSTRUMENT MANUFACTURING,,,,,False,False
75N98026P01647,"REVVITY HEALTH SCIENCES, INC.",2026-09-15,22288.0,75N98026P01647,MD,BALTIMORE,21224,BALTIMORE CITY,J066,MAINT/REPAIR/REBUILD OF EQUIPMENT- INSTRUMENTS AND LABORATORY EQUIPMENT,811210,ELECTRONIC AND PRECISION EQUIPMENT REPAIR AND MAINTENANCE,,,,,False,False
75N98026F00003,"MITCHELL GROUP, INC. (THE)",2026-09-15,328907.0,75N98026F00003,,,,,R699,SUPPORT- ADMINISTRATIVE: OTHER,541990,"ALL OTHER PROFESSIONAL, SCIENTIFIC, AND TECHNICAL SERVICES",,,,,False,False
75N98026F00004,"MITCHELL GROUP, INC. (THE)",2026-09-15,254085.0,75N98026F00004,,,,,R699,SUPPORT- ADMINISTRATIVE: OTHER,541990,"ALL OTHER PROFESSIONAL, SCIENTIFIC, AND TECHNICAL SERVICES",,,,,False,False
75N98026F00002,"MITCHELL GROUP, INC. (THE)",2026-09-15,219407.0,75N98026F00002,,,,,R699,SUPPORT- ADMINISTRATIVE: OTHER,541990,"ALL OTHER PROFESSIONAL, SCIENTIFIC, AND TECHNICAL SERVICES",,,,,False,False
75N98026F00001,"MITCHELL GROUP, INC. (THE)",2026-09-15,344115.0,75N98026F00001,,,,,R699,SUPPORT- ADMINISTRATIVE: OTHER,541990,"ALL OTHER PROFESSIONAL, SCIENTIFIC, AND TECHNICAL SERVICES",,,,,False,False
75N98026F00004,"22ND CENTURY TECHNOLOGIES, INC.",2026-09-15,135998.72,75N98026F00004,VA,MCLEAN,22102,FAIRFAX,R408,SUPPORT- PROFESSIONAL: PROGRAM MANAGEMENT/SUPPORT,541690,OTHER SCIENTIFIC AND TECHNICAL CONSULTING SERVICES,,,,,False,False
75N98026F00005,"MITCHELL GROUP, INC. (THE)",2026-09-15,113412.0,75N98026F00005,,,,,R699,SUPPORT- ADMINISTRATIVE: OTHER,541990,"ALL OTHER PROFESSIONAL, SCIENTIFIC, AND TECHNICAL SERVICES",,,,,False,False
75N95025F00009,"22ND CENTURY TECHNOLOGIES, INC.",2026-09-15,23633.84,75N95025F00009,MD,BETHESDA,20892,MONTGOMERY,R408,SUPPORT- PROFESSIONAL: PROGRAM MANAGEMENT/SUPPORT,541690,OTHER SCIENTIFIC AND TECHNICAL CONSULTING SERVICES,,,,,False,False
75N96021F00002,"SOCIAL & SCIENTIFIC SYSTEMS, INC.",2026-09-15,-375999.05,75N96021F00002,MD,SILVER SPRING,20910,MONTGOMERY,AJ11,GENERAL SCIENCE AND TECHNOLOGY R&D SERVICES; GENERAL SCIENCE AND TECHNOLOGY; BASIC RESEARCH,541712,"RESEARCH AND DEVELOPMENT IN THE PHYSICAL, ENGINEERING, AND LIFE SCIENCES (EXCEPT BIOTECHNOLOGY)",,,,,False,False
75N95021P00647,"FRANKLIN ADME CONSULT, LLC",2026-09-15,-843.75,75N95021P00647,CO,BOULDER,80303,BOULDER,R499,SUPPORT- PROFESSIONAL: OTHER,541990,"ALL OTHER PROFESSIONAL, SCIENTIFIC, AND TECHNICAL SERVICES",,,,,False,False
75N96021F00006,"SOCIAL & SCIENTIFIC SYSTEMS, INC.",2026-09-15,-78277.26,75N96021F00006,MD,SILVER SPRING,20910,MONTGOMERY,AJ11,GENERAL SCIENCE AND TECHNOLOGY R&D SERVICES; GENERAL SCIENCE AND TECHNOLOGY; BASIC RESEARCH,541712,"RESEARCH AND DEVELOPMENT IN THE PHYSICAL, ENGINEERING, AND LIFE SCIENCES (EXCEPT BIOTECHNOLOGY)",,,,,False,False
HHSN271201700281P,"GLORIA MOROTE, PH.D., PLLC",2026-09-15,-3400.0,HHSN271201700281P,MD,BETHESDA,20892,MONTGOMERY,R499,SUPPORT- PROFESSIONAL: OTHER,541690,OTHER SCIENTIFIC AND TECHNICAL CONSULTING SERVICES,,,,,False,False
75N98026F00003,"CHICKASAW FUTREND TECHNOLOGIES ALLIANCE, LLC",2026-09-15,1208467.33,75N98026F00003,OK,NORMAN,73071,CLEVELAND,7A21,IT AND TELECOM - BUSINESS APPLICATION SOFTWARE (PERPETUAL LICENSE SOFTWARE),541511,CUSTOM COMPUTER PROGRAMMING SERVICES,,,,,False,False
75N98026P01570,LEICA MICROSYSTEMS INC.,2026-09-15,6716.6,75N98026P01570,NC,DURHAM,27709,DURHAM,J066,MAINT/REPAIR/REBUILD OF EQUIPMENT- INSTRUMENTS AND LABORATORY EQUIPMENT,811210,ELECTRONIC AND PRECISION EQUIPMENT REPAIR AND MAINTENANCE,,,,,False,False
75N90020C00011,DLA TROOP SUPPORT,2026-09-15,-103761.31,75N90020C00011,PA,PHILADELPHIA,19111,PHILADELPHIA,3650,CHEMICAL AND PHARMACEUTICAL PRODUCTS MANUFACTURING MACHINERY,339113,SURGICAL APPLIANCE AND SUPPLIES MANUFACTURING,,,,,False,False
75N96026F00008,"SOCIAL & SCIENTIFIC SYSTEMS, INC.",2026-09-15,1240267.0,75N96026F00008,MD,BETHESDA,20817,MONTGOMERY,AJ11,GENERAL SCIENCE AND TECHNOLOGY R&D SERVICES; GENERAL SCIENCE AND TECHNOLOGY; BASIC RESEARCH,541712,"RESEARCH AND DEVELOPMENT IN THE PHYSICAL, ENGINEERING, AND LIFE SCIENCES (EXCEPT BIOTECHNOLOGY)",,,,,False,False
75N98026P01674,LEICA MICROSYSTEMS INC.,2026-09-15,39992.99,75N98026P01674,IL,DEERFIELD,60015,LAKE,6640,LABORATORY EQUIPMENT AND SUPPLIES,334516,ANALYTICAL LABORATORY INSTRUMENT MANUFACTURING,,,,,False,False
HHSN271201800068P,"CARL ZEISS MICROSCOPY, LLC",2026-09-15,-5684.0,HHSN271201800068P,MD,BALTIMORE,21224,BALTIMORE CITY,J049,MAINT/REPAIR/REBUILD OF EQUIPMENT- MAINTENANCE AND REPAIR SHOP EQUIPMENT,811219,OTHER ELECTRONIC AND PRECISION EQUIPMENT REPAIR AND MAINTENANCE,,,,,False,False
75N96021F00001,"SOCIAL & SCIENTIFIC SYSTEMS, INC.",2026-09-15,-253615.2,75N96021F00001,MD,SILVER SPRING,20910,MONTGOMERY,AJ11,GENERAL SCIENCE AND TECHNOLOGY R&D SERVICES; GENERAL SCIENCE AND TECHNOLOGY; BASIC RESEARCH,541712,"RESEARCH AND DEVELOPMENT IN THE PHYSICAL, ENGINEERING, AND LIFE SCIENCES (EXCEPT BIOTECHNOLOGY)",,,,,False,False
HHSN271201700048C,LEICA MICROSYSTEMS INC.,2026-09-15,-0.01,HHSN271201700048C,IL,BUFFALO GROVE,60089,LAKE,6640,LABORATORY EQUIPMENT AND SUPPLIES,334516,ANALYTICAL LABORATORY INSTRUMENT MANUFACTURING,,,,,False,False
75N96021F00005,"SOCIAL & SCIENTIFIC SYSTEMS, INC.",2026-09-15,-288584.81,75N96021F00005,MD,SILVER SPRING,20910,MONTGOMERY,AJ11,GENERAL SCIENCE AND TECHNOLOGY R&D SERVICES; GENERAL SCIENCE AND TECHNOLOGY; BASIC RESEARCH,541712,"RESEARCH AND DEVELOPMENT IN THE PHYSICAL, ENGINEERING, AND LIFE SCIENCES (EXCEPT BIOTECHNOLOGY)",,,,,False,False
75N95019P00652,"FRANKLIN ADME CONSULT, LLC",2026-09-15,-11025.0,75N95019P00652,MD,BETHESDA,20892,MONTGOMERY,R499,SUPPORT- PROFESSIONAL: OTHER,541990,"ALL OTHER PROFESSIONAL, SCIENTIFIC, AND TECHNICAL SERVICES",,,,,False,False
HHSN271201700170P,LEICA MICROSYSTEMS INC.,2026-09-15,-6196.5,HHSN271201700170P,MD,BETHESDA,20892,MONTGOMERY,6640,LABORATORY EQUIPMENT AND SUPPLIES,811310,COMMERCIAL AND INDUSTRIAL MACHINERY AND EQUIPMENT (EXCEPT AUTOMOTIVE AND ELECTRONIC) REPAIR AND MAINTENANCE,,,,,False,False
75N98026F00005,"CHICKASAW FUTREND TECHNOLOGIES ALLIANCE, LLC",2026-09-15,1281336.97,75N98026F00005,OK,NORMAN,73071,CLEVELAND,7A21,IT AND TELECOM - BUSINESS APPLICATION SOFTWARE (PERPETUAL LICENSE SOFTWARE),541511,CUSTOM COMPUTER PROGRAMMING SERVICES,,,,,False,False
75N98026F00068,"KELLY SERVICES, INC.",2026-09-15,97558.28,75N98026F00068,MD,ROCKVILLE,20852,MONTGOMERY,R499,SUPPORT- PROFESSIONAL: OTHER,541690,OTHER SCIENTIFIC AND TECHNICAL CONSULTING SERVICES,,,,,False,False
75N98026F00046,"KELLY SERVICES, INC.",2026-09-15,132529.64,75N98026F00046,MI,TROY,48084,OAKLAND,R499,SUPPORT- PROFESSIONAL: OTHER,541690,OTHER SCIENTIFIC AND TECHNICAL CONSULTING SERVICES,,,,,False,False
75N95026F00109,"KELLY SERVICES, INC.",2026-09-15,197890.56,75N95026F00109,MD,ROCKVILLE,20852,MONTGOMERY,R499,SUPPORT- PROFESSIONAL: OTHER,541690,OTHER SCIENTIFIC AND TECHNICAL CONSULTING SERVICES,,,,,False,False
75N98026F00387,AGILENT TECHNOLOGIES INC,2026-09-15,96392.94,75N98026F00387,DE,WILMINGTON,19808,NEW CASTLE,6640,LABORATORY EQUIPMENT AND SUPPLIES,334516,ANALYTICAL LABORATORY INSTRUMENT MANUFACTURING,,,,,False,False
75N98026F00081,"KELLY SERVICES, INC.",2026-09-15,82051.2,75N98026F00081,MI,TROY,48084,OAKLAND,R499,SUPPORT- PROFESSIONAL: OTHER,541690,OTHER SCIENTIFIC AND TECHNICAL CONSULTING SERVICES,,,,,False,False
75N98026F00059,"KELLY SERVICES, INC.",2026-09-15,123885.6,75N98026F00059,MI,TROY,48084,OAKLAND,R499,SUPPORT- PROFESSIONAL: OTHER,541690,OTHER SCIENTIFIC AND TECHNICAL CONSULTING SERVICES,,,,,False,False
75N98026F00078,"KELLY SERVICES, INC.",2026-09-15,253935.36,75N98026F00078,MD,ROCKVILLE,20852,MONTGOMERY,R499,SUPPORT- PROFESSIONAL: OTHER,541690,OTHER SCIENTIFIC AND TECHNICAL CONSULTING SERVICES,,,,,False,False
75N95026F00013,"KELLY SERVICES, INC.",2026-09-15,20372.8,75N95026F00013,MD,BETHESDA,20892,MONTGOMERY,R499,SUPPORT- PROFESSIONAL: OTHER,541690,OTHER SCIENTIFIC AND TECHNICAL CONSULTING SERVICES,,,,,False,False
75N98026F00072,"KELLY SERVICES, INC.",2026-09-15,167670.72,75N98026F00072,MD,ROCKVILLE,20852,MONTGOMERY,R499,SUPPORT- PROFESSIONAL: OTHER,541690,OTHER SCIENTIFIC AND TECHNICAL CONSULTING SERVICES,,,,,False,False
75N95021F00051,"KELLY SERVICES, INC.",2026-09-15,-45.54,75N95021F00051,MD,BETHESDA,20892,MONTGOMERY,R408,SUPPORT- PROFESSIONAL: PROGRAM MANAGEMENT/SUPPORT,541690,OTHER SCIENTIFIC AND TECHNICAL CONSULTING SERVICES,,,,,False,False
75N96021F00003,AVANTI CORPORATION,2026-09-15,-9671.96,75N96021F00003,VA,ALEXANDRIA,22306,FAIRFAX,R410,SUPPORT- PROFESSIONAL: PROGRAM EVALUATION/REVIEW/DEVELOPMENT,541611,ADMINISTRATIVE MANAGEMENT AND GENERAL MANAGEMENT CONSULTING SERVICES,,,,,False,False
75N98026F00082,"KELLY SERVICES, INC.",2026-09-15,75699.12,75N98026F00082,MI,TROY,48084,OAKLAND,R499,SUPPORT- PROFESSIONAL: OTHER,541690,OTHER SCIENTIFIC AND TECHNICAL CONSULTING SERVICES,,,,,False,False
75N98026F00074,"KELLY SERVICES, INC.",2026-09-15,223090.56,75N98026F00074,MI,TROY,48084,OAKLAND,R499,SUPPORT- PROFESSIONAL: OTHER,541690,OTHER SCIENTIFIC AND TECHNICAL CONSULTING SERVICES,,,,,False,False
75N95026F00149,"KELLY SERVICES, INC.",2026-09-15,764225.28,75N95026F00149,MD,ROCKVILLE,20852,MONTGOMERY,R499,SUPPORT- PROFESSIONAL: OTHER,541690,OTHER SCIENTIFIC AND TECHNICAL CONSULTING SERVICES,,,,,False,False
75N95021F00001,"UNIVERSITY OF CALIFORNIA, LOS ANGELES",2026-09-15,-61078.28,75N95021F00001,CA,LOS ANGELES,90095,LOS ANGELES,Q301,REFERENCE LABORATORY TESTING,611310,"COLLEGES, UNIVERSITIES, AND PROFESSIONAL SCHOOLS",,,,,False,False
75N95026F00155,"KELLY SERVICES, INC.",2026-09-15,165896.64,75N95026F00155,MI,TROY,48084,OAKLAND,R499,SUPPORT- PROFESSIONAL: OTHER,541690,OTHER SCIENTIFIC AND TECHNICAL CONSULTING SERVICES,,,,,False,False
75N95021F00001,ROBERTS OXYGEN CO INC,2026-09-15,-9716.81,75N95021F00001,MD,BALTIMORE,21224,BALTIMORE CITY,6810,CHEMICALS,325120,INDUSTRIAL GAS MANUFACTURING,,,,,False,False
75N95026F00101,"KELLY SERVICES, INC.",2026-09-15,90282.0,75N95026F00101,MD,ROCKVILLE,20852,MONTGOMERY,R499,SUPPORT- PROFESSIONAL: OTHER,541690,OTHER SCIENTIFIC AND TECHNICAL CONSULTING SERVICES,,,,,False,False
75N95025F00017,"KELLY SERVICES, INC.",2026-09-15,64907.92,75N95025F00017,MI,TROY,48084,OAKLAND,R499,SUPPORT- PROFESSIONAL: OTHER,541690,OTHER SCIENTIFIC AND TECHNICAL CONSULTING SERVICES,,,,,False,False
75N95025F00042,"KELLY SERVICES, INC.",2026-09-15,171243.35,75N95025F00042,MI,TROY,48084,OAKLAND,R499,SUPPORT- PROFESSIONAL: OTHER,541690,OTHER SCIENTIFIC AND TECHNICAL CONSULTING SERVICES,,,,,False,False
75N95021F00001,ROBERTS OXYGEN CO INC,2026-09-15,-377.23,75N95021F00001,MD,BALTIMORE,21224,BALTIMORE CITY,6830,GASES: COMPRESSED AND LIQUEFIED,325120,INDUSTRIAL GAS MANUFACTURING,,,,,False,False
75N95021P00707,PI3E JV LLP,2026-09-15,-34530.17,75N95021P00707,OH,COLUMBUS,43229,FRANKLIN,R499,SUPPORT- PROFESSIONAL: OTHER,561210,FACILITIES SUPPORT SERVICES,,,,,False,False
75N95026F00140,"KELLY SERVICES, INC.",2026-09-15,97558.28,75N95026F00140,MD,ROCKVILLE,20852,MONTGOMERY,R499,SUPPORT- PROFESSIONAL: OTHER,541690,OTHER SCIENTIFIC AND TECHNICAL CONSULTING SERVICES,,,,,False,False
75N98026F00001,ROBERTS OXYGEN CO INC,2026-09-15,186644.7,75N98026F00001,MD,DERWOOD,20855,MONTGOMERY,6835,MEDICAL GASES,325120,INDUSTRIAL GAS MANUFACTURING,,,,,False,False
75N98026F00053,"KELLY SERVICES, INC.",2026-09-15,194438.4,75N98026F00053,MI,TROY,48084,OAKLAND,R499,SUPPORT- PROFESSIONAL: OTHER,541690,OTHER SCIENTIFIC AND TECHNICAL CONSULTING SERVICES,,,,,False,False
75N98026F00065,"KELLY SERVICES, INC.",2026-09-15,96589.44,75N98026F00065,MI,TROY,48084,OAKLAND,R499,SUPPORT- PROFESSIONAL: OTHER,541690,OTHER SCIENTIFIC AND TECHNICAL CONSULTING SERVICES,,,,,False,False
75N95026F00136,"KELLY SERVICES, INC.",2026-09-15,87654.72,75N95026F00136,MD,ROCKVILLE,20852,MONTGOMERY,R499,SUPPORT- PROFESSIONAL: OTHER,541690,OTHER SCIENTIFIC AND TECHNICAL CONSULTING SERVICES,,,,,False,False
75N98026F00073,"KELLY SERVICES, INC.",2026-09-15,82934.7,75N98026F00073,MI,TROY,48084,OAKLAND,R499,SUPPORT- PROFESSIONAL: OTHER,541690,OTHER SCIENTIFIC AND TECHNICAL CONSULTING SERVICES,,,,,False,False
75N93021F00001,LOVELACE BIOMEDICAL RESEARCH INSTITUTE,2026-09-15,-2000.0,75N93021F00001,MD,BETHESDA,20814,MONTGOMERY,AN42,HEALTH R&D SERVICES; HEALTH CARE - OTHER; APPLIED RESEARCH,541714,RESEARCH AND DEVELOPMENT IN BIOTECHNOLOGY (EXCEPT NANOBIOTECHNOLOGY),,,,,False,False
75N95026F00156,"KELLY SERVICES, INC.",2026-09-15,27630.44,75N95026F00156,MD,ROCKVILLE,20852,MONTGOMERY,R499,SUPPORT- PROFESSIONAL: OTHER,541690,OTHER SCIENTIFIC AND TECHNICAL CONSULTING SERVICES,,,,,False,False
75N98026F00077,"KELLY SERVICES, INC.",2026-09-15,179585.28,75N98026F00077,MI,TROY,48084,OAKLAND,R499,SUPPORT- PROFESSIONAL: OTHER,541690,OTHER SCIENTIFIC AND TECHNICAL CONSULTING SERVICES,,,,,False,False
75N98026P01462,TOTAL RESOURCE MANAGEMENT INC,2026-09-15,132300.0,75N98026P01462,VA,ALEXANDRIA,22315,FAIRFAX,R499,SUPPORT- PROFESSIONAL: OTHER,541519,OTHER COMPUTER RELATED SERVICES,,,,,False,False
75N98026P01637,"HAMILTON MEDICAL, INC",2026-09-15,139747.14,75N98026P01637,NV,RENO,89502,WASHOE,6515,"MEDICAL AND SURGICAL INSTRUMENTS, EQUIPMENT, AND SUPPLIES",339112,SURGICAL AND MEDICAL INSTRUMENT MANUFACTURING,,,,,False,False
75N98026F00087,"KELLY SERVICES, INC.",2026-09-15,155519.69,75N98026F00087,MI,TROY,48084,OAKLAND,R499,SUPPORT- PROFESSIONAL: OTHER,541690,OTHER SCIENTIFIC AND TECHNICAL CONSULTING SERVICES,,,,,False,False
75N98026F00090,"KELLY SERVICES, INC.",2026-09-15,233372.16,75N98026F00090,MI,TROY,48084,OAKLAND,R499,SUPPORT- PROFESSIONAL: OTHER,541690,OTHER SCIENTIFIC AND TECHNICAL CONSULTING SERVICES,,,,,False,False
75N95026F00104,"KELLY SERVICES, INC.",2026-09-15,97574.28,75N95026F00104,MD,ROCKVILLE,20852,MONTGOMERY,R499,SUPPORT- PROFESSIONAL: OTHER,541690,OTHER SCIENTIFIC AND TECHNICAL CONSULTING SERVICES,,,,,False,False
75N98026F00051,"KELLY SERVICES, INC.",2026-09-15,210026.25,75N98026F00051,MI,TROY,48084,OAKLAND,R499,SUPPORT- PROFESSIONAL: OTHER,541690,OTHER SCIENTIFIC AND TECHNICAL CONSULTING SERVICES,,,,,False,False
75N95020F00158,"NEW TECH SOLUTIONS, INC.",2026-09-15,-17047.84,75N95020F00158,MD,BALTIMORE,21224,BALTIMORE CITY,J066,MAINT/REPAIR/REBUILD OF EQUIPMENT- INSTRUMENTS AND LABORATORY EQUIPMENT,334111,ELECTRONIC COMPUTER MANUFACTURING,,,,,False,False
75N98026F00062,"KELLY SERVICES, INC.",2026-09-15,132529.64,75N98026F00062,MI,TROY,48084,OAKLAND,R499,SUPPORT- PROFESSIONAL: OTHER,541690,OTHER SCIENTIFIC AND TECHNICAL CONSULTING SERVICES,,,,,False,False
75N98026F00067,"KELLY SERVICES, INC.",2026-09-15,97018.25,75N98026F00067,MD,BETHESDA,20892,MONTGOMERY,R499,SUPPORT- PROFESSIONAL: OTHER,541690,OTHER SCIENTIFIC AND TECHNICAL CONSULTING SERVICES,,,,,False,False
75N98026P01618,"THORLABS, INC",2026-09-15,214999.43,75N98026P01618,NJ,NEWTON,07860,SUSSEX,6515,"MEDICAL AND SURGICAL INSTRUMENTS, EQUIPMENT, AND SUPPLIES",334516,ANALYTICAL LABORATORY INSTRUMENT MANUFACTURING,,,,,False,False
75N95026F00143,"KELLY SERVICES, INC.",2026-09-15,186242.4,75N95026F00143,MD,ROCKVILLE,20852,MONTGOMERY,R499,SUPPORT- PROFESSIONAL: OTHER,541690,OTHER SCIENTIFIC AND TECHNICAL CONSULTING SERVICES,,,,,False,False
75N98026F00024,"KELLY SERVICES, INC.",2026-09-15,123198.92,75N98026F00024,MD,BETHESDA,20810,MONTGOMERY,R499,SUPPORT- PROFESSIONAL: OTHER,541690,OTHER SCIENTIFIC AND TECHNICAL CONSULTING SERVICES,,,,,False,False
75N95021F00057,"KELLY SERVICES, INC.",2026-09-15,-31.48,75N95021F00057,MD,BETHESDA,20892,MONTGOMERY,R408,SUPPORT- PROFESSIONAL: PROGRAM MANAGEMENT/SUPPORT,541690,OTHER SCIENTIFIC AND TECHNICAL CONSULTING SERVICES,,,,,False,False
75N95021F00048,"KELLY SERVICES, INC.",2026-09-15,-804.4,75N95021F00048,MD,BETHESDA,20892,MONTGOMERY,R408,SUPPORT- PROFESSIONAL: PROGRAM MANAGEMENT/SUPPORT,541690,OTHER SCIENTIFIC AND TECHNICAL CONSULTING SERVICES,,,,,False,False
75N95021F00034,"KELLY SERVICES, INC.",2026-09-15,-0.01,75N95021F00034,MD,BETHESDA,20892,MONTGOMERY,R408,SUPPORT- PROFESSIONAL: PROGRAM MANAGEMENT/SUPPORT,541690,OTHER SCIENTIFIC AND TECHNICAL CONSULTING SERVICES,,,,,False,False
75N95021F00039,"KELLY SERVICES, INC.",2026-09-15,-42.42,75N95021F00039,MD,BETHESDA,20892,MONTGOMERY,R408,SUPPORT- PROFESSIONAL: PROGRAM MANAGEMENT/SUPPORT,541690,OTHER SCIENTIFIC AND TECHNICAL CONSULTING SERVICES,,,,,False,False
75N95021F00036,"KELLY SERVICES, INC.",2026-09-15,-14.5,75N95021F00036,MD,BETHESDA,20892,MONTGOMERY,R408,SUPPORT- PROFESSIONAL: PROGRAM MANAGEMENT/SUPPORT,541690,OTHER SCIENTIFIC AND TECHNICAL CONSULTING SERVICES,,,,,False,False
75N95021F00032,"KELLY SERVICES, INC.",2026-09-15,-1305.19,75N95021F00032,MD,BETHESDA,20892,MONTGOMERY,R408,SUPPORT- PROFESSIONAL: PROGRAM MANAGEMENT/SUPPORT,541690,OTHER SCIENTIFIC AND TECHNICAL CONSULTING SERVICES,,,,,False,False
75N98026P01598,LIFECANVAS TECHNOLOGIES INC,2026-09-15,38208.0,75N98026P01598,MA,CAMBRIDGE,02141,MIDDLESEX,Q301,REFERENCE LABORATORY TESTING,334516,ANALYTICAL LABORATORY INSTRUMENT MANUFACTURING,,,,,False,False
75N98026F00350,FISHER SCIENTIFIC COMPANY L.L.C.,2026-09-15,56974.0,75N98026F00350,PA,PITTSBURGH,15275,ALLEGHENY,6640,LABORATORY EQUIPMENT AND SUPPLIES,339113,SURGICAL APPLIANCE AND SUPPLIES MANUFACTURING,,,,,False,False
75N93020F00001,UNIVERSITY OF LOUISIANA AT LAFAYETTE,2026-09-15,-110927.77,75N93020F00001,LA,LAFAYETTE,70503,LAFAYETTE,AN81,R&D- MEDICAL: AIDS RESEARCH (BASIC RESEARCH),541715,"RESEARCH AND DEVELOPMENT IN THE PHYSICAL, ENGINEERING, AND LIFE SCIENCES (EXCEPT NANOTECHNOLOGY AND BIOTECHNOLOGY)",,,,,False,False
75N98026P01639,KEYENCE CORPORATION OF AMERICA,2026-09-15,25737.5,75N98026P01639,NJ,ELMWOOD PARK,07407,BERGEN,B529,SPECIAL STUDIES/ANALYSIS- SCIENTIFIC DATA,423830,INDUSTRIAL MACHINERY AND EQUIPMENT MERCHANT WHOLESALERS,,,,,False,False
75N95020P00121,RASHID ADNAN,2026-09-15,-5750.0,75N95020P00121,MD,GREENBELT,20770,PRINCE GEORGES,R499,SUPPORT- PROFESSIONAL: OTHER,541990,"ALL OTHER PROFESSIONAL, SCIENTIFIC, AND TECHNICAL SERVICES",,,,,False,False
75N95021P00627,"TED PELLA, INC.",2026-09-15,-4.4,75N95021P00627,CA,REDDING,96003,SHASTA,6640,LABORATORY EQUIPMENT AND SUPPLIES,334516,ANALYTICAL LABORATORY INSTRUMENT MANUFACTURING,,,,,False,False
75N91024C00086,PIECES TECHNOLOGIES INC,2026-09-15,0.0,75N91024C00086,TX,IRVING,75039,DALLAS,AN12,HEALTH R&D SERVICES; HEALTH CARE SERVICES; APPLIED RESEARCH,541715,"RESEARCH AND DEVELOPMENT IN THE PHYSICAL, ENGINEERING, AND LIFE SCIENCES (EXCEPT NANOTECHNOLOGY AND BIOTECHNOLOGY)",,,,,False,False
75N95021F00001,TECHNOLOGIST INC.,2026-09-15,-500.0,75N95021F00001,VA,VIENNA,22180,FAIRFAX,R699,SUPPORT- ADMINISTRATIVE: OTHER,561110,OFFICE ADMINISTRATIVE SERVICES,,,,,False,False
75N93024C00001,AMERICAN TYPE CULTURE COLLECTION,2026-09-15,550052.0,75N93024C00001,VA,MANASSAS,20110,PRINCE WILLIAM,AN12,HEALTH R&D SERVICES; HEALTH CARE SERVICES; APPLIED RESEARCH,541715,"RESEARCH AND DEVELOPMENT IN THE PHYSICAL, ENGINEERING, AND LIFE SCIENCES (EXCEPT NANOTECHNOLOGY AND BIOTECHNOLOGY)",,,,,False,False
75N92025P00088,BOROUMAND SHAHDOKHT,2026-09-15,57720.0,75N92025P00088,MD,BETHESDA,20892,MONTGOMERY,R499,SUPPORT- PROFESSIONAL: OTHER,541690,OTHER SCIENTIFIC AND TECHNICAL CONSULTING SERVICES,,,,,False,False
75N95021P00672,"NALAS ENGINEERING SERVICES, LLC",2026-09-15,-12420.0,75N95021P00672,CT,CENTERBROOK,06409,MIDDLESEX,R499,SUPPORT- PROFESSIONAL: OTHER,541990,"ALL OTHER PROFESSIONAL, SCIENTIFIC, AND TECHNICAL SERVICES",,,,,False,False
HHSN271201600601P,CHEUNG YING KUEN,2026-09-15,-2035.0,HHSN271201600601P,MD,ROCKVILLE,20852,MONTGOMERY,R497,SUPPORT- PROFESSIONAL: PERSONAL SERVICES CONTRACTS,541690,OTHER SCIENTIFIC AND TECHNICAL CONSULTING SERVICES,,,,,False,False
75N99022F00013,WASHINGTON GAS LIGHT COMPANY,2026-09-15,312000.0,75N99022F00013,MD,BETHESDA,20892,MONTGOMERY,S112,UTILITIES- ELECTRIC,221210,NATURAL GAS DISTRIBUTION,,,,,False,False
75N98026P01655,"BECTON, DICKINSON AND COMPANY",2026-09-15,200048.4,75N98026P01655,MD,BETHESDA,20814,MONTGOMERY,J066,MAINT/REPAIR/REBUILD OF EQUIPMENT- INSTRUMENTS AND LABORATORY EQUIPMENT,811210,ELECTRONIC AND PRECISION EQUIPMENT REPAIR AND MAINTENANCE,,,,,False,False
75N99022F00006,AEP ENERGY INC,2026-09-15,4188052.0,75N99022F00006,MD,BETHESDA,20892,MONTGOMERY,S112,UTILITIES- ELECTRIC,221112,FOSSIL FUEL ELECTRIC POWER GENERATION,,,,,False,False
75N99026F00002,"HDR ARCHITECTURE, INC.",2026-09-15,329740.0,75N99026F00002,MD,BETHESDA,20889,MONTGOMERY,C219,ARCHITECT AND ENGINEERING- GENERAL: OTHER,541330,ENGINEERING SERVICES,,,,,False,False
75N95021P00553,LIFE TECHNOLOGIES CORPORATION,2026-09-15,-4459.0,75N95021P00553,CA,CARLSBAD,92008,SAN DIEGO,6505,DRUGS AND BIOLOGICALS,325413,IN-VITRO DIAGNOSTIC SUBSTANCE MANUFACTURING,,,,,False,False
75N98026P01654,"ILLUMINA, INC.",2026-09-15,16104.92,75N98026P01654,CA,SAN DIEGO,92122,SAN DIEGO,6505,DRUGS AND BIOLOGICALS,334516,ANALYTICAL LABORATORY INSTRUMENT MANUFACTURING,,,,,False,False
75N98026P01640,"COLUMBUS INSTRUMENTS, LLC",2026-09-15,163381.73,75N98026P01640,OH,COLUMBUS,43204,FRANKLIN,6640,LABORATORY EQUIPMENT AND SUPPLIES,334516,ANALYTICAL LABORATORY INSTRUMENT MANUFACTURING,,,,,False,False
75N95020P00601,"CCS ASSOCIATES, INC.",2026-09-15,-14184.32,75N95020P00601,CA,SAN JOSE,95110,SANTA CLARA,R499,SUPPORT- PROFESSIONAL: OTHER,541990,"ALL OTHER PROFESSIONAL, SCIENTIFIC, AND TECHNICAL SERVICES",,,,,False,False
75N98021C00012,EXECUTIVE PERSONNEL SERVICES INC.,2026-09-15,172584.0,75N98021C00012,MD,BETHESDA,20892,MONTGOMERY,R499,SUPPORT- PROFESSIONAL: OTHER,561210,FACILITIES SUPPORT SERVICES,,,,,False,False
75N95019F00147,OGILVY PUBLIC RELATIONS WORLDWIDE LLC,2026-09-15,-16.66,75N95019F00147,DC,WASHINGTON,20036,DISTRICT OF COLUMBIA,R426,SUPPORT- PROFESSIONAL: COMMUNICATIONS,541820,PUBLIC RELATIONS AGENCIES,,,,,False,False
75N96021F00002,"MDB, INC.",2026-09-15,-4697.08,75N96021F00002,DC,WASHINGTON,20036,DISTRICT OF COLUMBIA,R410,SUPPORT- PROFESSIONAL: PROGRAM EVALUATION/REVIEW/DEVELOPMENT,541611,ADMINISTRATIVE MANAGEMENT AND GENERAL MANAGEMENT CONSULTING SERVICES,,,,,False,False
75N94024F00001,"LEIDOS, INC.",2026-09-15,27632758.0,75N94024F00001,MD,BETHESDA,20817,MONTGOMERY,DA01,IT AND TELECOM - BUSINESS APPLICATION/APPLICATION DEVELOPMENT SUPPORT SERVICES (LABOR),541512,COMPUTER SYSTEMS DESIGN SERVICES,,,,,False,False
75N99026F00002,LAMBIS RANK LLC,2026-09-15,100313.19,75N99026F00002,MD,BETHESDA,20892,MONTGOMERY,C219,ARCHITECT AND ENGINEERING- GENERAL: OTHER,541330,ENGINEERING SERVICES,,,,,False,False
75N99026F00011,CNE-SIGNATURE JV2 LLC,2026-09-15,46882.0,75N99026F00011,MD,BETHESDA,20892,MONTGOMERY,Y1JZ,CONSTRUCTION OF MISCELLANEOUS BUILDINGS,236220,COMMERCIAL AND INSTITUTIONAL BUILDING CONSTRUCTION,,,,,False,False
75N95020P00589,"CCS ASSOCIATES, INC.",2026-09-15,-20217.0,75N95020P00589,CA,SAN JOSE,95110,SANTA CLARA,R499,SUPPORT- PROFESSIONAL: OTHER,541990,"ALL OTHER PROFESSIONAL, SCIENTIFIC, AND TECHNICAL SERVICES",,,,,False,False
75N91024P00705,FERGUSON MARTIN,2026-09-15,64532.03,75N91024P00705,MA,STOW,01775,MIDDLESEX,R699,SUPPORT- ADMINISTRATIVE: OTHER,541611,ADMINISTRATIVE MANAGEMENT AND GENERAL MANAGEMENT CONSULTING SERVICES,,,,,False,False
HHSN271201700471P,DTS WORLDWIDE TRANSPORTATION LLC,2026-09-15,-3607.3,HHSN271201700471P,MD,BALTIMORE,21201,BALTIMORE CITY,R499,SUPPORT- PROFESSIONAL: OTHER,485310,TAXI AND RIDESHARING SERVICES,,,,,False,False
75N94018F00002,SRI INTERNATIONAL,2026-09-15,16856.88,75N94018F00002,CA,MENLO PARK,94025,SAN MATEO,AN12,HEALTH R&D SERVICES; HEALTH CARE SERVICES; APPLIED RESEARCH,541715,"RESEARCH AND DEVELOPMENT IN THE PHYSICAL, ENGINEERING, AND LIFE SCIENCES (EXCEPT NANOTECHNOLOGY AND BIOTECHNOLOGY)",,,,,False,False
75N98026P01031,GEORGE WASHINGTON UNIVERSITY (THE),2026-09-15,32393.0,75N98026P01031,MD,BETHESDA,20892,MONTGOMERY,R499,SUPPORT- PROFESSIONAL: OTHER,541715,"RESEARCH AND DEVELOPMENT IN THE PHYSICAL, ENGINEERING, AND LIFE SCIENCES (EXCEPT NANOTECHNOLOGY AND BIOTECHNOLOGY)",,,,,False,False
75N99024C00083,"KAIVA-SIGNATURE JV, LLC",2026-09-15,35937.0,75N99024C00083,MD,BETHESDA,20892,MONTGOMERY,Y1JZ,CONSTRUCTION OF MISCELLANEOUS BUILDINGS,236220,COMMERCIAL AND INSTITUTIONAL BUILDING CONSTRUCTION,,,,,False,False
75N95026F00039,"AXLE INFORMATICS, LLC",2026-09-15,528675.84,75N95026F00039,MD,ROCKVILLE,20852,MONTGOMERY,R499,SUPPORT- PROFESSIONAL: OTHER,541690,OTHER SCIENTIFIC AND TECHNICAL CONSULTING SERVICES,,,,,False,False
75N95026F00035,"AXLE INFORMATICS, LLC",2026-09-15,308468.16,75N95026F00035,MD,ROCKVILLE,20852,MONTGOMERY,R499,SUPPORT- PROFESSIONAL: OTHER,541690,OTHER SCIENTIFIC AND TECHNICAL CONSULTING SERVICES,,,,,False,False
HHSN261201700006C,"WESTAT, INC.",2026-09-15,-8301.36,HHSN261201700006C,MD,ROCKVILLE,20850,MONTGOMERY,Q301,REFERENCE LABORATORY TESTING,541990,"ALL OTHER PROFESSIONAL, SCIENTIFIC, AND TECHNICAL SERVICES",,,,,False,False
75N95025F00019,"AXLE INFORMATICS, LLC",2026-09-15,189000.8,75N95025F00019,MD,BETHESDA,20892,MONTGOMERY,R499,SUPPORT- PROFESSIONAL: OTHER,541690,OTHER SCIENTIFIC AND TECHNICAL CONSULTING SERVICES,,,,,False,False
75N95026F00040,"AXLE INFORMATICS, LLC",2026-09-15,159034.88,75N95026F00040,MD,ROCKVILLE,20852,MONTGOMERY,R499,SUPPORT- PROFESSIONAL: OTHER,541690,OTHER SCIENTIFIC AND TECHNICAL CONSULTING SERVICES,,,,,False,False
75N98026F00019,"AXLE INFORMATICS, LLC",2026-09-15,233956.8,75N98026F00019,MD,ROCKVILLE,20852,MONTGOMERY,R499,SUPPORT- PROFESSIONAL: OTHER,541690,OTHER SCIENTIFIC AND TECHNICAL CONSULTING SERVICES,,,,,False,False
75N98026F00373,QUANTUM INSIGHTS LLC,2026-09-15,96783.0,75N98026F00373,VA,VIENNA,22182,FAIRFAX,DA01,IT AND TELECOM - BUSINESS APPLICATION/APPLICATION DEVELOPMENT SUPPORT SERVICES (LABOR),541512,COMPUTER SYSTEMS DESIGN SERVICES,,,,,False,False
75N98026P01657,"BIO-RAD LABORATORIES, INC.",2026-09-15,21642.0,75N98026P01657,CA,HERCULES,94547,CONTRA COSTA,J066,MAINT/REPAIR/REBUILD OF EQUIPMENT- INSTRUMENTS AND LABORATORY EQUIPMENT,811210,ELECTRONIC AND PRECISION EQUIPMENT REPAIR AND MAINTENANCE,,,,,False,False
75N91026F00020,LEIDOS BIOMEDICAL RESEARCH INC,2026-09-15,4538288.0,75N91026F00020,MD,FREDERICK,21702,FREDERICK,AN12,HEALTH R&D SERVICES; HEALTH CARE SERVICES; APPLIED RESEARCH,541715,"RESEARCH AND DEVELOPMENT IN THE PHYSICAL, ENGINEERING, AND LIFE SCIENCES (EXCEPT NANOTECHNOLOGY AND BIOTECHNOLOGY)",,,,,False,False
75N99022F00001,BALTIMORE GAS AND ELECTRIC COMPANY,2026-09-15,2115000.0,75N99022F00001,MD,BETHESDA,20892,MONTGOMERY,S111,UTILITIES- GAS,221122,ELECTRIC POWER DISTRIBUTION,,,,,False,False
75N91020F00087,"WESTAT, INC.",2026-09-15,-22694.31,75N91020F00087,MD,ROCKVILLE,20850,MONTGOMERY,R699,SUPPORT- ADMINISTRATIVE: OTHER,541690,OTHER SCIENTIFIC AND TECHNICAL CONSULTING SERVICES,,,,,False,False
75N95021P00454,"MILTENYI BIOTEC, INC.",2026-09-15,-51168.64,75N95021P00454,MD,BETHESDA,20892,MONTGOMERY,6640,LABORATORY EQUIPMENT AND SUPPLIES,334516,ANALYTICAL LABORATORY INSTRUMENT MANUFACTURING,,,,,False,False
75N95024F00104,"AXLE INFORMATICS, LLC",2026-09-15,729335.12,75N95024F00104,MD,BETHESDA,20892,MONTGOMERY,R499,SUPPORT- PROFESSIONAL: OTHER,541690,OTHER SCIENTIFIC AND TECHNICAL CONSULTING SERVICES,,,,,False,False
75N98026F00024,"AXLE INFORMATICS, LLC",2026-09-15,117312.48,75N98026F00024,MD,BETHESDA,20892,MONTGOMERY,R499,SUPPORT- PROFESSIONAL: OTHER,541690,OTHER SCIENTIFIC AND TECHNICAL CONSULTING SERVICES,,,,,False,False
75N98026F00025,"AXLE INFORMATICS, LLC",2026-09-15,110690.16,75N98026F00025,MD,ROCKVILLE,20852,MONTGOMERY,R499,SUPPORT- PROFESSIONAL: OTHER,541690,OTHER SCIENTIFIC AND TECHNICAL CONSULTING SERVICES,,,,,False,False
HHSN271201700050C,SCITECH SERVICES INC,2026-09-15,-531180.65,HHSN271201700050C,MD,BALTIMORE,21224,BALTIMORE CITY,R499,SUPPORT- PROFESSIONAL: OTHER,541990,"ALL OTHER PROFESSIONAL, SCIENTIFIC, AND TECHNICAL SERVICES",,,,,False,False
75N91021C00007,DAS FEDERAL LLC,2026-09-15,-109806.09,75N91021C00007,MD,ROCKVILLE,20850,MONTGOMERY,R699,SUPPORT- ADMINISTRATIVE: OTHER,541611,ADMINISTRATIVE MANAGEMENT AND GENERAL MANAGEMENT CONSULTING SERVICES,,,,,False,False
75N98125F00002,"ICF INCORPORATED, L.L.C.",2026-09-15,5045006.52,75N98125F00002,VA,RESTON,20190,FAIRFAX,DA01,IT AND TELECOM - BUSINESS APPLICATION/APPLICATION DEVELOPMENT SUPPORT SERVICES (LABOR),541512,COMPUTER SYSTEMS DESIGN SERVICES,,,,,False,False
75N98026F00354,"SRCLOGIC, LLC",2026-09-15,3194676.6,75N98026F00354,VA,ARLINGTON,22201,ARLINGTON,DA01,IT AND TELECOM - BUSINESS APPLICATION/APPLICATION DEVELOPMENT SUPPORT SERVICES (LABOR),541511,CUSTOM COMPUTER PROGRAMMING SERVICES,,,,,False,False
75N98026P00807,AMERICAS STAFFING PARTNER INC,2026-09-15,-5301.78,75N98026P00807,MD,BETHESDA,20892,MONTGOMERY,R499,SUPPORT- PROFESSIONAL: OTHER,561110,OFFICE ADMINISTRATIVE SERVICES,,,,,False,False
75N90026F00001,AMERICAS STAFFING PARTNER INC,2026-09-15,-410379.09,75N90026F00001,MD,BETHESDA,20892,MONTGOMERY,R499,SUPPORT- PROFESSIONAL: OTHER,561110,OFFICE ADMINISTRATIVE SERVICES,,,,,False,False
75N99022F00026,POTOMAC ELECTRIC POWER CO,2026-09-15,1303050.0,75N99022F00026,MD,BETHESDA,20892,MONTGOMERY,S112,UTILITIES- ELECTRIC,221118,OTHER ELECTRIC POWER GENERATION,,,,,False,False
75N95021F00062,"KINGDOMWARE TECHNOLOGIES, INC.",2026-09-15,-19250.0,75N95021F00062,MD,BETHESDA,20892,MONTGOMERY,R497,SUPPORT- PROFESSIONAL: PERSONAL SERVICES CONTRACTS,541511,CUSTOM COMPUTER PROGRAMMING SERVICES,,,,,False,False
75N99024F00033,POTOMAC ELECTRIC POWER CO,2026-09-15,0.0,75N99024F00033,MD,BETHESDA,20892,MONTGOMERY,S119,UTILITIES- OTHER,221118,OTHER ELECTRIC POWER GENERATION,,,,,False,False
75N95021F00086,THERMO ELECTRON NORTH AMERICA LLC,2026-09-15,-0.03,75N95021F00086,WI,FITCHBURG,53711,DANE,6640,LABORATORY EQUIPMENT AND SUPPLIES,334516,ANALYTICAL LABORATORY INSTRUMENT MANUFACTURING,,,,,False,False
75N95026F00056,"GAP SOLUTIONS, INC.",2026-09-15,171074.4,75N95026F00056,MD,ROCKVILLE,20852,MONTGOMERY,R499,SUPPORT- PROFESSIONAL: OTHER,541690,OTHER SCIENTIFIC AND TECHNICAL CONSULTING SERVICES,,,,,False,False
75N95025F00021,"GAP SOLUTIONS, INC.",2026-09-15,101474.72,75N95025F00021,MD,BETHESDA,20892,MONTGOMERY,R499,SUPPORT- PROFESSIONAL: OTHER,541690,OTHER SCIENTIFIC AND TECHNICAL CONSULTING SERVICES,,,,,False,False
75N95021P00700,STERLING COMPUTERS CORPORATION,2026-09-15,-17852.28,75N95021P00700,MD,BALTIMORE,21224,BALTIMORE,7E20,"IT AND TELECOM - END USER: HELP DESK;TIER 1-2,WORKSPACE,PRINT,OUTPUT,PRODUCTIVITY TOOLS (HW/PERP SW)",334516,ANALYTICAL LABORATORY INSTRUMENT MANUFACTURING,,,,,False,False
HHSN263201700059U,ASTRIX TECHNOLOGY LLC,2026-09-15,-839.52,HHSN263201700059U,MD,BETHESDA,20892,MONTGOMERY,R699,SUPPORT- ADMINISTRATIVE: OTHER,561320,TEMPORARY HELP SERVICES,,,,,False,False
75N95020P00692,MODULAR COMPONENT SYSTEMS LLC,2026-09-15,-9369.61,75N95020P00692,MD,BETHESDA,20892,MONTGOMERY,J066,MAINT/REPAIR/REBUILD OF EQUIPMENT- INSTRUMENTS AND LABORATORY EQUIPMENT,811219,OTHER ELECTRONIC AND PRECISION EQUIPMENT REPAIR AND MAINTENANCE,,,,,False,False
75N99025C00064,RITZ CONSTRUCTION INC,2026-09-15,620310.0,75N99025C00064,MD,BETHESDA,20892,MONTGOMERY,Y1JZ,CONSTRUCTION OF MISCELLANEOUS BUILDINGS,236220,COMMERCIAL AND INSTITUTIONAL BUILDING CONSTRUCTION,,,,,False,False
75N98026F00060,"GAP SOLUTIONS, INC.",2026-09-15,204999.04,75N98026F00060,MD,BETHESDA,20892,MONTGOMERY,R499,SUPPORT- PROFESSIONAL: OTHER,541690,OTHER SCIENTIFIC AND TECHNICAL CONSULTING SERVICES,,,,,False,False
75N98026P01354,"COHERENT NA, INC.",2026-09-15,120612.0,75N98026P01354,,,,,6515,"MEDICAL AND SURGICAL INSTRUMENTS, EQUIPMENT, AND SUPPLIES",333992,WELDING AND SOLDERING EQUIPMENT MANUFACTURING,,,,,False,False
75N98026P01664,WATERS TECHNOLOGIES CORPORATION,2026-09-15,59765.0,75N98026P01664,MA,MILFORD,01757,WORCESTER,6640,LABORATORY EQUIPMENT AND SUPPLIES,339112,SURGICAL AND MEDICAL INSTRUMENT MANUFACTURING,,,,,False,False
75N95026F00040,"GAP SOLUTIONS, INC.",2026-09-15,237400.24,75N95026F00040,MD,ROCKVILLE,20852,MONTGOMERY,R499,SUPPORT- PROFESSIONAL: OTHER,541690,OTHER SCIENTIFIC AND TECHNICAL CONSULTING SERVICES,,,,,False,False
75N93025F00001,UNIVERSITY OF TEXAS MEDICAL BRANCH AT GALVESTON,2026-09-15,1180892.0,75N93025F00001,TX,GALVESTON,77555,GALVESTON,AN11,HEALTH R&D SERVICES; HEALTH CARE SERVICES; BASIC RESEARCH,541714,RESEARCH AND DEVELOPMENT IN BIOTECHNOLOGY (EXCEPT NANOBIOTECHNOLOGY),,,,,False,False
75N95026F00048,"GAP SOLUTIONS, INC.",2026-09-15,124423.12,75N95026F00048,MD,ROCKVILLE,20852,MONTGOMERY,R499,SUPPORT- PROFESSIONAL: OTHER,541690,OTHER SCIENTIFIC AND TECHNICAL CONSULTING SERVICES,,,,,False,False
75N96021F00001,"VISTRONIX, LLC",2026-09-15,-52136.29,75N96021F00001,NC,DURHAM,27709,DURHAM,DA01,IT AND TELECOM - BUSINESS APPLICATION/APPLICATION DEVELOPMENT SUPPORT SERVICES (LABOR),541512,COMPUTER SYSTEMS DESIGN SERVICES,,,,,False,False
75N95024F00100,"GAP SOLUTIONS, INC.",2026-09-15,115038.0,75N95024F00100,MD,BETHESDA,20892,MONTGOMERY,R499,SUPPORT- PROFESSIONAL: OTHER,541690,OTHER SCIENTIFIC AND TECHNICAL CONSULTING SERVICES,,,,,False,False
75N95025F00001,"GAP SOLUTIONS, INC.",2026-09-15,140795.2,75N95025F00001,VA,HERNDON,20170,FAIRFAX,R499,SUPPORT- PROFESSIONAL: OTHER,541690,OTHER SCIENTIFIC AND TECHNICAL CONSULTING SERVICES,,,,,False,False
75N98025F00280,ILLUMEN GROUP INC,2026-09-15,564735.06,75N98025F00280,MD,BETHESDA,20892,MONTGOMERY,R499,SUPPORT- PROFESSIONAL: OTHER,541511,CUSTOM COMPUTER PROGRAMMING SERVICES,,,,,False,False
75N95021P00604,EUROFINS DISCOVERX LLC,2026-09-15,-0.52,75N95021P00604,CA,FREMONT,94538,ALAMEDA,Q301,REFERENCE LABORATORY TESTING,541380,TESTING LABORATORIES AND SERVICES,,,,,False,False
75N99026F00006,XPECT SOLUTIONS LLC,2026-09-15,58959.71,75N99026F00006,MD,BETHESDA,20892,MONTGOMERY,R408,SUPPORT- PROFESSIONAL: PROGRAM MANAGEMENT/SUPPORT,541519,OTHER COMPUTER RELATED SERVICES,,,,,False,False
75N95020F00002,ADVANCED AUTOMATION TECHNOLOGIES INC,2026-09-15,-3759.45,75N95020F00002,MD,BALTIMORE,21224,BALTIMORE CITY,R699,SUPPORT- ADMINISTRATIVE: OTHER,561110,OFFICE ADMINISTRATIVE SERVICES,,,,,False,False
75N95021F00020,ADVANCED AUTOMATION TECHNOLOGIES INC,2026-09-15,-4377.2,75N95021F00020,MD,BALTIMORE,21224,BALTIMORE CITY,R699,SUPPORT- ADMINISTRATIVE: OTHER,561110,OFFICE ADMINISTRATIVE SERVICES,,,,,False,False
75N99024C00090,ENVIRONMENTAL CHEMICAL CORPORATION,2026-09-15,0.0,75N99024C00090,NC,DURHAM,27709,DURHAM,Y1NZ,CONSTRUCTION OF OTHER UTILITIES,236220,COMMERCIAL AND INSTITUTIONAL BUILDING CONSTRUCTION,,,,,False,False
75N95021P00608,"BURNESS COMMUNICATIONS, INC.",2026-09-15,-42776.42,75N95021P00608,MD,BETHESDA,20814,MONTGOMERY,R708,SUPPORT- MANAGEMENT: PUBLIC RELATIONS,541820,PUBLIC RELATIONS AGENCIES,,,,,False,False
75N99026F00004,"NEW AGE DEVELOPMENT GROUP, LLC",2026-09-15,4105510.0,75N99026F00004,MD,BETHESDA,20892,MONTGOMERY,Y1JZ,CONSTRUCTION OF MISCELLANEOUS BUILDINGS,236220,COMMERCIAL AND INSTITUTIONAL BUILDING CONSTRUCTION,,,,,False,False
75N95020F00003,"AIRGAS USA, LLC",2026-09-15,-1240.63,75N95020F00003,OH,INDEPENDENCE,44131,CUYAHOGA,6810,CHEMICALS,325120,INDUSTRIAL GAS MANUFACTURING,,,,,False,False
75N98026P01645,FEI COMPANY,2026-09-15,865611.0,75N98026P01645,OR,HILLSBORO,97124,WASHINGTON,6640,LABORATORY EQUIPMENT AND SUPPLIES,334516,ANALYTICAL LABORATORY INSTRUMENT MANUFACTURING,,,,,False,False
75N99026F00008,XPECT SOLUTIONS LLC,2026-09-15,83693.85,75N99026F00008,MD,BETHESDA,20892,MONTGOMERY,R408,SUPPORT- PROFESSIONAL: PROGRAM MANAGEMENT/SUPPORT,541519,OTHER COMPUTER RELATED SERVICES,,,,,False,False
75N94026F00001,BOOZ ALLEN HAMILTON INC,2026-09-15,199975.78,75N94026F00001,VA,MCLEAN,22102,FAIRFAX,AN11,HEALTH R&D SERVICES; HEALTH CARE SERVICES; BASIC RESEARCH,541714,RESEARCH AND DEVELOPMENT IN BIOTECHNOLOGY (EXCEPT NANOBIOTECHNOLOGY),,,,,False,False
75N95020F00001,ADVANCED AUTOMATION TECHNOLOGIES INC,2026-09-15,-3274.96,75N95020F00001,MD,BALTIMORE,21224,BALTIMORE CITY,R699,SUPPORT- ADMINISTRATIVE: OTHER,561110,OFFICE ADMINISTRATIVE SERVICES,,,,,False,False
75N95021P00619,"QIAGEN, LLC",2026-09-15,-48.64,75N95021P00619,MD,BALTIMORE,21224,BALTIMORE,6640,LABORATORY EQUIPMENT AND SUPPLIES,334516,ANALYTICAL LABORATORY INSTRUMENT MANUFACTURING,,,,,False,False
75N95025F00002,GUIDEHOUSE DIGITAL LLC,2026-09-14,1100.0,75N95025F00002,MD,BETHESDA,20892,MONTGOMERY,R499,SUPPORT- PROFESSIONAL: OTHER,541690,OTHER SCIENTIFIC AND TECHNICAL CONSULTING SERVICES,,,,,False,False
75N98026F00014,GUIDEHOUSE DIGITAL LLC,2026-09-14,158517.12,75N98026F00014,VA,MCLEAN,22102,FAIRFAX,R499,SUPPORT- PROFESSIONAL: OTHER,541690,OTHER SCIENTIFIC AND TECHNICAL CONSULTING SERVICES,,,,,False,False
75N95025F00026,GUIDEHOUSE DIGITAL LLC,2026-09-14,105019.2,75N95025F00026,MD,BETHESDA,20892,MONTGOMERY,R499,SUPPORT- PROFESSIONAL: OTHER,541690,OTHER SCIENTIFIC AND TECHNICAL CONSULTING SERVICES,,,,,False,False
75N96026F00001,"A-TEK, INC.",2026-09-14,452941.82,75N96026F00001,VA,MCLEAN,22102,FAIRFAX,DA01,IT AND TELECOM - BUSINESS APPLICATION/APPLICATION DEVELOPMENT SUPPORT SERVICES (LABOR),541511,CUSTOM COMPUTER PROGRAMMING SERVICES,,,,,False,False
75N98026P01276,HAMAMATSU CORP,2026-09-14,-277.24,75N98026P01276,MD,BETHESDA,20892,MONTGOMERY,6520,"DENTAL INSTRUMENTS, EQUIPMENT, AND SUPPLIES",335999,ALL OTHER MISCELLANEOUS ELECTRICAL EQUIPMENT AND COMPONENT MANUFACTURING,,,,,False,False
75N98026F00011,GUIDEHOUSE DIGITAL LLC,2026-09-14,157617.12,75N98026F00011,VA,MCLEAN,22102,FAIRFAX,R499,SUPPORT- PROFESSIONAL: OTHER,541690,OTHER SCIENTIFIC AND TECHNICAL CONSULTING SERVICES,,,,,False,False
75N98026F00019,GUIDEHOUSE DIGITAL LLC,2026-09-14,292138.56,75N98026F00019,VA,MCLEAN,22102,FAIRFAX,R499,SUPPORT- PROFESSIONAL: OTHER,541690,OTHER SCIENTIFIC AND TECHNICAL CONSULTING SERVICES,,,,,False,False
75N98026P01646,ONCOLOGY NURSING SOCIETY,2026-09-14,19820.0,75N98026P01646,PA,PITTSBURGH,15275,ALLEGHENY,U005,EDUCATION/TRAINING- TUITION/REGISTRATION/MEMBERSHIP FEES,813920,PROFESSIONAL ORGANIZATIONS,,,,,False,False
75N98026F00018,GUIDEHOUSE DIGITAL LLC,2026-09-14,242807.04,75N98026F00018,VA,MCLEAN,22102,FAIRFAX,R499,SUPPORT- PROFESSIONAL: OTHER,541690,OTHER SCIENTIFIC AND TECHNICAL CONSULTING SERVICES,,,,,False,False
75N98026P01492,"CYTEK BIOSCIENCES, INC.",2026-09-14,-2625.0,75N98026P01492,MD,BETHESDA,20892,MONTGOMERY,J049,MAINT/REPAIR/REBUILD OF EQUIPMENT- MAINTENANCE AND REPAIR SHOP EQUIPMENT,811210,ELECTRONIC AND PRECISION EQUIPMENT REPAIR AND MAINTENANCE,,,,,False,False
75N98026P01325,"ALTORIS, INC.",2026-09-14,25750.0,75N98026P01325,CA,SAN DIEGO,92101,SAN DIEGO,7A20,IT AND TELECOM - APPLICATION DEVELOPMENT SOFTWARE (PERPETUAL LICENSE SOFTWARE),513210,SOFTWARE PUBLISHERS,,,,,False,False
75N99026F00006,CHAPPELLE MECHANICAL SERVICES LLC,2026-09-14,93552.0,75N99026F00006,MD,BETHESDA,20892,MONTGOMERY,Y1JZ,CONSTRUCTION OF MISCELLANEOUS BUILDINGS,236220,COMMERCIAL AND INSTITUTIONAL BUILDING CONSTRUCTION,,,,,False,False
75N98026F00377,GOVERNMENT SCIENTIFIC SOURCE INC,2026-09-14,16531.2,75N98026F00377,VA,RESTON,20191,FAIRFAX,6640,LABORATORY EQUIPMENT AND SUPPLIES,334516,ANALYTICAL LABORATORY INSTRUMENT MANUFACTURING,,,,,False,False
75N95021P00013,QPS LLC,2026-09-14,-57207.61,75N95021P00013,DE,NEWARK,19711,NEW CASTLE,B504,SPECIAL STUDIES/ANALYSIS- CHEMICAL/BIOLOGICAL,541380,TESTING LABORATORIES AND SERVICES,,,,,False,False
75N98026P01585,"10X GENOMICS, INC.",2026-09-14,45840.0,75N98026P01585,CA,PLEASANTON,94588,ALAMEDA,6640,LABORATORY EQUIPMENT AND SUPPLIES,334516,ANALYTICAL LABORATORY INSTRUMENT MANUFACTURING,,,,,False,False
75N98026F00362,GOVERNMENT SCIENTIFIC SOURCE INC,2026-09-14,22628.0,75N98026F00362,VA,RESTON,20191,FAIRFAX,6505,DRUGS AND BIOLOGICALS,334516,ANALYTICAL LABORATORY INSTRUMENT MANUFACTURING,,,,,False,False
75N95021P00552,DAVID KOPF INSTRUMENTS,2026-09-14,-83.5,75N95021P00552,MD,BALTIMORE,21224,BALTIMORE,6640,LABORATORY EQUIPMENT AND SUPPLIES,339112,SURGICAL AND MEDICAL INSTRUMENT MANUFACTURING,,,,,False,False
75N98026P01582,"10X GENOMICS, INC.",2026-09-14,52580.0,75N98026P01582,CA,PLEASANTON,94588,ALAMEDA,6550,"IN VITRO DIAGNOSTIC SUBSTANCES, REAGENTS, TEST KITS AND SETS",325414,BIOLOGICAL PRODUCT (EXCEPT DIAGNOSTIC) MANUFACTURING,,,,,False,False
75N91025C00012,TENACI-T THERAPEUTICS LLC,2026-09-14,-55000.0,75N91025C00012,TX,MISSOURI CITY,77459,FORT BEND,AN11,HEALTH R&D SERVICES; HEALTH CARE SERVICES; BASIC RESEARCH,541715,"RESEARCH AND DEVELOPMENT IN THE PHYSICAL, ENGINEERING, AND LIFE SCIENCES (EXCEPT NANOTECHNOLOGY AND BIOTECHNOLOGY)",,,,,False,False
75N98026F00004,"10X GENOMICS, INC.",2026-09-14,24999.5,75N98026F00004,CA,PLEASANTON,94588,ALAMEDA,6505,DRUGS AND BIOLOGICALS,325413,IN-VITRO DIAGNOSTIC SUBSTANCE MANUFACTURING,,,,,False,False
75N95021P00311,HERITAGE INTERIORS LLC,2026-09-14,-53496.27,75N95021P00311,VA,HERNDON,20171,FAIRFAX,C219,ARCHITECT AND ENGINEERING- GENERAL: OTHER,541410,INTERIOR DESIGN SERVICES,,,,,False,False
75N95021P00576,"REVVITY HEALTH SCIENCES, INC.",2026-09-14,-1740.0,75N95021P00576,MD,BALTIMORE,21224,BALTIMORE,6505,DRUGS AND BIOLOGICALS,325199,ALL OTHER BASIC ORGANIC CHEMICAL MANUFACTURING,,,,,False,False
75N96024C00005,BATTELLE MEMORIAL INSTITUTE,2026-09-14,20617909.0,75N96024C00005,OH,COLUMBUS,43201,FRANKLIN,AJ12,GENERAL SCIENCE AND TECHNOLOGY R&D SERVICES; GENERAL SCIENCE AND TECHNOLOGY; APPLIED RESEARCH,541715,"RESEARCH AND DEVELOPMENT IN THE PHYSICAL, ENGINEERING, AND LIFE SCIENCES (EXCEPT NANOTECHNOLOGY AND BIOTECHNOLOGY)",,,,,False,False
75N98026P01377,EMORY UNIVERSITY,2026-09-14,144439.62,75N98026P01377,GA,ATLANTA,30322,DEKALB,R499,SUPPORT- PROFESSIONAL: OTHER,561990,ALL OTHER SUPPORT SERVICES,,,,,False,False
75N93020F00001,EMORY UNIVERSITY,2026-09-14,-0.02,75N93020F00001,GA,ATLANTA,30322,DEKALB,AN11,HEALTH R&D SERVICES; HEALTH CARE SERVICES; BASIC RESEARCH,541714,RESEARCH AND DEVELOPMENT IN BIOTECHNOLOGY (EXCEPT NANOBIOTECHNOLOGY),,,,,False,False
75N98026F00001,EMORY UNIVERSITY,2026-09-14,18769273.0,75N98026F00001,MD,FREDERICK,21702,FREDERICK,B599,SPECIAL STUDIES/ANALYSIS- OTHER,541380,TESTING LABORATORIES AND SERVICES,,,,,False,False
75N91021F00001,DEPARTMENT OF STATE HEALTH SERVICES,2026-09-14,-146831.97,75N91021F00001,TX,AUSTIN,78714,TRAVIS,AN12,HEALTH R&D SERVICES; HEALTH CARE SERVICES; APPLIED RESEARCH,541715,"RESEARCH AND DEVELOPMENT IN THE PHYSICAL, ENGINEERING, AND LIFE SCIENCES (EXCEPT NANOTECHNOLOGY AND BIOTECHNOLOGY)",,,,,False,False
75N98026F00002,"22ND CENTURY TECHNOLOGIES, INC.",2026-09-14,207889.92,75N98026F00002,VA,MCLEAN,22102,FAIRFAX,R408,SUPPORT- PROFESSIONAL: PROGRAM MANAGEMENT/SUPPORT,541690,OTHER SCIENTIFIC AND TECHNICAL CONSULTING SERVICES,,,,,False,False
75N96023F00088,SCIOME LLC,2026-09-14,922457.63,75N96023F00088,NC,DURHAM,27709,DURHAM,7E20,"IT AND TELECOM - END USER: HELP DESK;TIER 1-2,WORKSPACE,PRINT,OUTPUT,PRODUCTIVITY TOOLS (HW/PERP SW)",541519,OTHER COMPUTER RELATED SERVICES,,,,,False,False
75N98026P01643,VANDERBILT UNIVERSITY MEDICAL CENTER,2026-09-14,207273.0,75N98026P01643,TN,NASHVILLE,37232,DAVIDSON,Q301,REFERENCE LABORATORY TESTING,541990,"ALL OTHER PROFESSIONAL, SCIENTIFIC, AND TECHNICAL SERVICES",,,,,False,False
75N98026F00378,ALDEVRA LLC,2026-09-14,24709.06,75N98026F00378,MI,KALAMAZOO,49009,KALAMAZOO,6515,"MEDICAL AND SURGICAL INSTRUMENTS, EQUIPMENT, AND SUPPLIES",333318,OTHER COMMERCIAL AND SERVICE INDUSTRY MACHINERY MANUFACTURING,,,,,False,False
75N91018F00001,IDAHO HOSPITAL ASSOCIATION INC,2026-09-14,-2709.66,75N91018F00001,ID,BOISE,83702,ADA,AN12,HEALTH R&D SERVICES; HEALTH CARE SERVICES; APPLIED RESEARCH,541715,"RESEARCH AND DEVELOPMENT IN THE PHYSICAL, ENGINEERING, AND LIFE SCIENCES (EXCEPT NANOTECHNOLOGY AND BIOTECHNOLOGY)",,,,,False,False
75N98026P01615,"STRYKER SALES, LLC",2026-09-14,28983.5,75N98026P01615,CA,SAN JOSE,95138,SANTA CLARA,6515,"MEDICAL AND SURGICAL INSTRUMENTS, EQUIPMENT, AND SUPPLIES",339112,SURGICAL AND MEDICAL INSTRUMENT MANUFACTURING,,,,,False,False
75N95021P00526,SOUTHERN RESEARCH INSTITUTE,2026-09-14,-79000.0,75N95021P00526,AL,BIRMINGHAM,35205,JEFFERSON,Q301,REFERENCE LABORATORY TESTING,541380,TESTING LABORATORIES AND SERVICES,,,,,False,False
75N93020F00009,"MITCHELL GROUP, INC. (THE)",2026-09-14,6405.46,75N93020F00009,,,,,R707,SUPPORT- MANAGEMENT: CONTRACT/PROCUREMENT/ACQUISITION SUPPORT,541990,"ALL OTHER PROFESSIONAL, SCIENTIFIC, AND TECHNICAL SERVICES",,,,,False,False
75N95026F00004,"22ND CENTURY TECHNOLOGIES, INC.",2026-09-14,62515.84,75N95026F00004,MD,ROCKVILLE,20852,MONTGOMERY,R408,SUPPORT- PROFESSIONAL: PROGRAM MANAGEMENT/SUPPORT,541690,OTHER SCIENTIFIC AND TECHNICAL CONSULTING SERVICES,,,,,False,False
75N95021P00236,INFINITY BIOLOGIX LLC,2026-09-14,-146111.0,75N95021P00236,NJ,PISCATAWAY,08854,MIDDLESEX,Q301,REFERENCE LABORATORY TESTING,541380,TESTING LABORATORIES AND SERVICES,,,,,False,False
75N98026P01624,"PHARMARON, INC",2026-09-14,50300.0,75N98026P01624,MD,ROCKVILLE,20850,MONTGOMERY,Q301,REFERENCE LABORATORY TESTING,541715,"RESEARCH AND DEVELOPMENT IN THE PHYSICAL, ENGINEERING, AND LIFE SCIENCES (EXCEPT NANOTECHNOLOGY AND BIOTECHNOLOGY)",,,,,False,False
75N98026P01588,AVERA MCKENNAN,2026-09-14,18560.0,75N98026P01588,SD,SIOUX FALLS,57105,MINNEHAHA,R499,SUPPORT- PROFESSIONAL: OTHER,541715,"RESEARCH AND DEVELOPMENT IN THE PHYSICAL, ENGINEERING, AND LIFE SCIENCES (EXCEPT NANOTECHNOLOGY AND BIOTECHNOLOGY)",,,,,False,False
75N98026P01589,AVERA MCKENNAN,2026-09-14,18560.0,75N98026P01589,SD,SIOUX FALLS,57105,MINNEHAHA,R499,SUPPORT- PROFESSIONAL: OTHER,541715,"RESEARCH AND DEVELOPMENT IN THE PHYSICAL, ENGINEERING, AND LIFE SCIENCES (EXCEPT NANOTECHNOLOGY AND BIOTECHNOLOGY)",,,,,False,False
75N98026P01641,CARTERRA INC,2026-09-14,45500.0,75N98026P01641,MD,BETHESDA,20892,MONTGOMERY,J066,MAINT/REPAIR/REBUILD OF EQUIPMENT- INSTRUMENTS AND LABORATORY EQUIPMENT,811210,ELECTRONIC AND PRECISION EQUIPMENT REPAIR AND MAINTENANCE,,,,,False,False
75N95021P00334,CHILDREN'S NATIONAL MEDICAL CENTER,2026-09-14,-70973.0,75N95021P00334,MD,BETHESDA,20892,MONTGOMERY,R499,SUPPORT- PROFESSIONAL: OTHER,541690,OTHER SCIENTIFIC AND TECHNICAL CONSULTING SERVICES,,,,,False,False
75N98026F00001,DELOITTE & TOUCHE LLP,2026-09-14,1461257.9,75N98026F00001,MD,BETHESDA,20892,MONTGOMERY,DA01,IT AND TELECOM - BUSINESS APPLICATION/APPLICATION DEVELOPMENT SUPPORT SERVICES (LABOR),541519,OTHER COMPUTER RELATED SERVICES,,,,,False,False
75N98026P01626,ALPHA & OMEGA MICROSCOPES LLC,2026-09-14,21902.85,75N98026P01626,MD,ELKRIDGE,21075,HOWARD,6640,LABORATORY EQUIPMENT AND SUPPLIES,811210,ELECTRONIC AND PRECISION EQUIPMENT REPAIR AND MAINTENANCE,,,,,False,False
75N99024F00024,"DAVID C. SMITH & SON, INC.",2026-09-14,211551.0,75N99024F00024,MD,BETHESDA,20892,MONTGOMERY,Z2JZ,REPAIR OR ALTERATION OF MISCELLANEOUS BUILDINGS,238320,PAINTING AND WALL COVERING CONTRACTORS,,,,,False,False
75N98022P02273,THE ART OF SPACE LLC,2026-09-14,-933.91,75N98022P02273,MD,POTOMAC,20854,MONTGOMERY,R499,SUPPORT- PROFESSIONAL: OTHER,561499,ALL OTHER BUSINESS SUPPORT SERVICES,,,,,False,False
75N98024F00386,SNO CORP.,2026-09-14,294965.37,75N98024F00386,VA,CHANTILLY,20152,LOUDOUN,R499,SUPPORT- PROFESSIONAL: OTHER,541511,CUSTOM COMPUTER PROGRAMMING SERVICES,,,,,False,False
75N98026F00379,HYDRO SERVICE & SUPPLIES INC.,2026-09-14,35700.0,75N98026F00379,NC,DURHAM,27713,DURHAM,6640,LABORATORY EQUIPMENT AND SUPPLIES,333318,OTHER COMMERCIAL AND SERVICE INDUSTRY MACHINERY MANUFACTURING,,,,,False,False
75N98026P01641,CARTERRA INC,2026-09-14,45500.0,75N98026P01641,MD,BETHESDA,20892,MONTGOMERY,J066,MAINT/REPAIR/REBUILD OF EQUIPMENT- INSTRUMENTS AND LABORATORY EQUIPMENT,811210,ELECTRONIC AND PRECISION EQUIPMENT REPAIR AND MAINTENANCE,,,,,False,False
75N95021F00008,"KELLY SERVICES, INC.",2026-09-14,-319215.78,75N95021F00008,MD,BETHESDA,20892,MONTGOMERY,R499,SUPPORT- PROFESSIONAL: OTHER,541690,OTHER SCIENTIFIC AND TECHNICAL CONSULTING SERVICES,,,,,False,False
75N95026F00151,"KELLY SERVICES, INC.",2026-09-14,114980.4,75N95026F00151,MD,ROCKVILLE,20852,MONTGOMERY,R499,SUPPORT- PROFESSIONAL: OTHER,541690,OTHER SCIENTIFIC AND TECHNICAL CONSULTING SERVICES,,,,,False,False
75N95021F00008,"KELLY SERVICES, INC.",2026-09-14,-696628.94,75N95021F00008,MD,BETHESDA,20892,MONTGOMERY,R408,SUPPORT- PROFESSIONAL: PROGRAM MANAGEMENT/SUPPORT,541690,OTHER SCIENTIFIC AND TECHNICAL CONSULTING SERVICES,,,,,False,False
75N98026F00052,"KELLY SERVICES, INC.",2026-09-14,97558.28,75N98026F00052,MI,TROY,48084,OAKLAND,R499,SUPPORT- PROFESSIONAL: OTHER,541690,OTHER SCIENTIFIC AND TECHNICAL CONSULTING SERVICES,,,,,False,False
75N91021P00777,PEPROTECH INC,2026-09-14,-14645.0,75N91021P00777,NJ,CRANBURY,08512,MIDDLESEX,6505,DRUGS AND BIOLOGICALS,541714,RESEARCH AND DEVELOPMENT IN BIOTECHNOLOGY (EXCEPT NANOBIOTECHNOLOGY),,,,,False,False
75N95021F00003,"KELLY SERVICES, INC.",2026-09-14,-77577.27,75N95021F00003,MD,BETHESDA,20892,MONTGOMERY,R408,SUPPORT- PROFESSIONAL: PROGRAM MANAGEMENT/SUPPORT,541690,OTHER SCIENTIFIC AND TECHNICAL CONSULTING SERVICES,,,,,False,False
75N95021F00009,"KELLY SERVICES, INC.",2026-09-14,-1589200.68,75N95021F00009,MD,BETHESDA,20892,MONTGOMERY,R499,SUPPORT- PROFESSIONAL: OTHER,541690,OTHER SCIENTIFIC AND TECHNICAL CONSULTING SERVICES,,,,,False,False
75N95026F00148,"KELLY SERVICES, INC.",2026-09-14,206354.64,75N95026F00148,MD,ROCKVILLE,20852,MONTGOMERY,R499,SUPPORT- PROFESSIONAL: OTHER,541690,OTHER SCIENTIFIC AND TECHNICAL CONSULTING SERVICES,,,,,False,False
75N95026F00146,"KELLY SERVICES, INC.",2026-09-14,97863.84,75N95026F00146,MD,ROCKVILLE,20852,MONTGOMERY,R499,SUPPORT- PROFESSIONAL: OTHER,541690,OTHER SCIENTIFIC AND TECHNICAL CONSULTING SERVICES,,,,,False,False
75N95021P00422,DE NOVO SOFTWARE LLC,2026-09-14,-175000.0,75N95021P00422,CA,PASADENA,91107,LOS ANGELES,DA10,IT AND TELECOM - BUSINESS APPLICATION/APPLICATION DEVELOPMENT SOFTWARE AS A SERVICE,541511,CUSTOM COMPUTER PROGRAMMING SERVICES,,,,,False,False
75N94026F00004,FISHER BIOSERVICES INC,2026-09-14,271914.68,75N94026F00004,MD,ROCKVILLE,20850,MONTGOMERY,AN12,HEALTH R&D SERVICES; HEALTH CARE SERVICES; APPLIED RESEARCH,541714,RESEARCH AND DEVELOPMENT IN BIOTECHNOLOGY (EXCEPT NANOBIOTECHNOLOGY),,,,,False,False
75N95026F00154,"KELLY SERVICES, INC.",2026-09-14,192850.56,75N95026F00154,MD,ROCKVILLE,20852,MONTGOMERY,R499,SUPPORT- PROFESSIONAL: OTHER,541690,OTHER SCIENTIFIC AND TECHNICAL CONSULTING SERVICES,,,,,False,False
75N95026F00138,"KELLY SERVICES, INC.",2026-09-14,246254.4,75N95026F00138,MI,TROY,48084,OAKLAND,R499,SUPPORT- PROFESSIONAL: OTHER,541690,OTHER SCIENTIFIC AND TECHNICAL CONSULTING SERVICES,,,,,False,False
75N98026F00098,"KELLY SERVICES, INC.",2026-09-14,83221.4,75N98026F00098,MI,TROY,48084,OAKLAND,R499,SUPPORT- PROFESSIONAL: OTHER,541690,OTHER SCIENTIFIC AND TECHNICAL CONSULTING SERVICES,,,,,False,False
75N95026F00152,"KELLY SERVICES, INC.",2026-09-14,188576.64,75N95026F00152,MD,ROCKVILLE,20852,MONTGOMERY,R499,SUPPORT- PROFESSIONAL: OTHER,541690,OTHER SCIENTIFIC AND TECHNICAL CONSULTING SERVICES,,,,,False,False
75N98026F00033,"KELLY SERVICES, INC.",2026-09-14,179585.28,75N98026F00033,MD,ROCKVILLE,20852,MONTGOMERY,R499,SUPPORT- PROFESSIONAL: OTHER,541690,OTHER SCIENTIFIC AND TECHNICAL CONSULTING SERVICES,,,,,False,False
75N98026F00004,SOLVITUR SYSTEMS LLC,2026-09-14,118450.0,75N98026F00004,MD,BETHESDA,20814,MONTGOMERY,DF10,IT AND TELECOM - IT MANAGEMENT AS A SERVICE,518210,"COMPUTING INFRASTRUCTURE PROVIDERS, DATA PROCESSING, WEB HOSTING, AND RELATED SERVICES",,,,,False,False
75N95021F00020,"KELLY SERVICES, INC.",2026-09-14,-56183.12,75N95021F00020,MD,BETHESDA,20892,MONTGOMERY,R499,SUPPORT- PROFESSIONAL: OTHER,541690,OTHER SCIENTIFIC AND TECHNICAL CONSULTING SERVICES,,,,,False,False
75N99024C00078,VANGUARD PACIFIC LLC,2026-09-14,-940987.04,75N99024C00078,MD,BETHESDA,20810,MONTGOMERY,Y1JZ,CONSTRUCTION OF MISCELLANEOUS BUILDINGS,236220,COMMERCIAL AND INSTITUTIONAL BUILDING CONSTRUCTION,,,,,False,False
75N95026F00135,"KELLY SERVICES, INC.",2026-09-14,3404.58,75N95026F00135,MI,TROY,48084,OAKLAND,R499,SUPPORT- PROFESSIONAL: OTHER,541690,OTHER SCIENTIFIC AND TECHNICAL CONSULTING SERVICES,,,,,False,False
75N95026F00114,"KELLY SERVICES, INC.",2026-09-14,97018.25,75N95026F00114,MD,ROCKVILLE,20852,MONTGOMERY,R499,SUPPORT- PROFESSIONAL: OTHER,541690,OTHER SCIENTIFIC AND TECHNICAL CONSULTING SERVICES,,,,,False,False
75N95021F00017,"KELLY SERVICES, INC.",2026-09-14,-28877.24,75N95021F00017,MD,BETHESDA,20892,MONTGOMERY,R499,SUPPORT- PROFESSIONAL: OTHER,541690,OTHER SCIENTIFIC AND TECHNICAL CONSULTING SERVICES,,,,,False,False
75N98026F00089,"KELLY SERVICES, INC.",2026-09-14,170897.48,75N98026F00089,MD,ROCKVILLE,20852,MONTGOMERY,R499,SUPPORT- PROFESSIONAL: OTHER,541690,OTHER SCIENTIFIC AND TECHNICAL CONSULTING SERVICES,,,,,False,False
75N98026P01614,"INTEGRATED DNA TECHNOLOGIES, INC.",2026-09-14,77117.11,75N98026P01614,IA,CORALVILLE,52241,JOHNSON,6505,DRUGS AND BIOLOGICALS,325414,BIOLOGICAL PRODUCT (EXCEPT DIAGNOSTIC) MANUFACTURING,,,,,False,False
75N95D19P00141,"HARBOR HOSPITAL, INC.",2026-09-14,-1974.99,75N95D19P00141,MD,BROOKLYN,21225,BALTIMORE CITY,J070,MAINT/REPAIR/REBUILD OF EQUIPMENT- ADP EQUIPMENT/SOFTWARE/SUPPLIES/SUPPORT EQUIPMENT,541511,CUSTOM COMPUTER PROGRAMMING SERVICES,,,,,False,False
75N98026F00054,"KELLY SERVICES, INC.",2026-09-14,148229.12,75N98026F00054,MI,TROY,48084,OAKLAND,R499,SUPPORT- PROFESSIONAL: OTHER,541690,OTHER SCIENTIFIC AND TECHNICAL CONSULTING SERVICES,,,,,False,False
75N98026F00094,"KELLY SERVICES, INC.",2026-09-14,166660.08,75N98026F00094,MD,ROCKVILLE,20852,MONTGOMERY,R499,SUPPORT- PROFESSIONAL: OTHER,541690,OTHER SCIENTIFIC AND TECHNICAL CONSULTING SERVICES,,,,,False,False
75N95026F00153,"KELLY SERVICES, INC.",2026-09-14,946270.08,75N95026F00153,MD,ROCKVILLE,20852,MONTGOMERY,R499,SUPPORT- PROFESSIONAL: OTHER,541690,OTHER SCIENTIFIC AND TECHNICAL CONSULTING SERVICES,,,,,False,False
75N98026F00060,"KELLY SERVICES, INC.",2026-09-14,110123.4,75N98026F00060,MI,TROY,48084,OAKLAND,R499,SUPPORT- PROFESSIONAL: OTHER,541690,OTHER SCIENTIFIC AND TECHNICAL CONSULTING SERVICES,,,,,False,False
75N98026F00376,PHILIPS NORTH AMERICA LLC,2026-09-14,15908.94,75N98026F00376,MA,CAMBRIDGE,02141,MIDDLESEX,6515,"MEDICAL AND SURGICAL INSTRUMENTS, EQUIPMENT, AND SUPPLIES",334510,ELECTROMEDICAL AND ELECTROTHERAPEUTIC APPARATUS MANUFACTURING,,,,,False,False
75N98026F00048,"KELLY SERVICES, INC.",2026-09-14,75989.0,75N98026F00048,MI,TROY,48084,OAKLAND,R499,SUPPORT- PROFESSIONAL: OTHER,541690,OTHER SCIENTIFIC AND TECHNICAL CONSULTING SERVICES,,,,,False,False
75N95021F00012,"KELLY SERVICES, INC.",2026-09-14,-94973.81,75N95021F00012,MD,BETHESDA,20892,MONTGOMERY,R408,SUPPORT- PROFESSIONAL: PROGRAM MANAGEMENT/SUPPORT,541690,OTHER SCIENTIFIC AND TECHNICAL CONSULTING SERVICES,,,,,False,False
75N98026F00086,"KELLY SERVICES, INC.",2026-09-14,120111.24,75N98026F00086,MI,TROY,48084,OAKLAND,R499,SUPPORT- PROFESSIONAL: OTHER,541690,OTHER SCIENTIFIC AND TECHNICAL CONSULTING SERVICES,,,,,False,False
75N95026F00137,"KELLY SERVICES, INC.",2026-09-14,74563.37,75N95026F00137,MI,TROY,48084,OAKLAND,R499,SUPPORT- PROFESSIONAL: OTHER,541690,OTHER SCIENTIFIC AND TECHNICAL CONSULTING SERVICES,,,,,False,False
75N95021F00018,"KELLY SERVICES, INC.",2026-09-14,-39396.0,75N95021F00018,MD,BETHESDA,20892,MONTGOMERY,R499,SUPPORT- PROFESSIONAL: OTHER,541690,OTHER SCIENTIFIC AND TECHNICAL CONSULTING SERVICES,,,,,False,False
75N98026F00075,"KELLY SERVICES, INC.",2026-09-14,456690.0,75N98026F00075,MI,TROY,48084,OAKLAND,R499,SUPPORT- PROFESSIONAL: OTHER,541690,OTHER SCIENTIFIC AND TECHNICAL CONSULTING SERVICES,,,,,False,False
75N95021F00019,"KELLY SERVICES, INC.",2026-09-14,-18979.35,75N95021F00019,MD,BETHESDA,20892,MONTGOMERY,R499,SUPPORT- PROFESSIONAL: OTHER,541690,OTHER SCIENTIFIC AND TECHNICAL CONSULTING SERVICES,,,,,False,False
75N95026F00147,"KELLY SERVICES, INC.",2026-09-14,179585.28,75N95026F00147,MD,ROCKVILLE,20852,MONTGOMERY,R499,SUPPORT- PROFESSIONAL: OTHER,541690,OTHER SCIENTIFIC AND TECHNICAL CONSULTING SERVICES,,,,,False,False
75N98026F00100,"KELLY SERVICES, INC.",2026-09-14,330172.42,75N98026F00100,MD,BETHESDA,20810,MONTGOMERY,R499,SUPPORT- PROFESSIONAL: OTHER,541690,OTHER SCIENTIFIC AND TECHNICAL CONSULTING SERVICES,,,,,False,False
75N95026F00144,"KELLY SERVICES, INC.",2026-09-14,95609.96,75N95026F00144,MD,ROCKVILLE,20852,MONTGOMERY,R499,SUPPORT- PROFESSIONAL: OTHER,541690,OTHER SCIENTIFIC AND TECHNICAL CONSULTING SERVICES,,,,,False,False
75N95021F00009,"KELLY SERVICES, INC.",2026-09-14,-1653674.53,75N95021F00009,MD,BETHESDA,20892,MONTGOMERY,R408,SUPPORT- PROFESSIONAL: PROGRAM MANAGEMENT/SUPPORT,541690,OTHER SCIENTIFIC AND TECHNICAL CONSULTING SERVICES,,,,,False,False
75N95026F00150,"KELLY SERVICES, INC.",2026-09-14,103541.76,75N95026F00150,MD,ROCKVILLE,20852,MONTGOMERY,R499,SUPPORT- PROFESSIONAL: OTHER,541690,OTHER SCIENTIFIC AND TECHNICAL CONSULTING SERVICES,,,,,False,False
75N98026F00096,"KELLY SERVICES, INC.",2026-09-14,85308.65,75N98026F00096,MI,TROY,48084,OAKLAND,R499,SUPPORT- PROFESSIONAL: OTHER,541690,OTHER SCIENTIFIC AND TECHNICAL CONSULTING SERVICES,,,,,False,False
75N98026F00022,"KELLY SERVICES, INC.",2026-09-14,132577.61,75N98026F00022,MI,TROY,48084,OAKLAND,R499,SUPPORT- PROFESSIONAL: OTHER,541690,OTHER SCIENTIFIC AND TECHNICAL CONSULTING SERVICES,,,,,False,False
75N99026F00002,"HELLMUTH, OBATA & KASSABAUM, P.C.",2026-09-14,1177242.21,75N99026F00002,MD,BETHESDA,20892,MONTGOMERY,C219,ARCHITECT AND ENGINEERING- GENERAL: OTHER,541330,ENGINEERING SERVICES,,,,,False,False
75N99226F00001,"NEW TECH SOLUTIONS, INC.",2026-09-14,131870.94,75N99226F00001,DC,WASHINGTON,20005,DISTRICT OF COLUMBIA,7E20,"IT AND TELECOM - END USER: HELP DESK;TIER 1-2,WORKSPACE,PRINT,OUTPUT,PRODUCTIVITY TOOLS (HW/PERP SW)",541519,OTHER COMPUTER RELATED SERVICES,,,,,False,False
75N95021F00015,"KELLY SERVICES, INC.",2026-09-14,-51604.24,75N95021F00015,MD,BETHESDA,20892,MONTGOMERY,R408,SUPPORT- PROFESSIONAL: PROGRAM MANAGEMENT/SUPPORT,541690,OTHER SCIENTIFIC AND TECHNICAL CONSULTING SERVICES,,,,,False,False
75N98026F00070,"KELLY SERVICES, INC.",2026-09-14,257424.57,75N98026F00070,MI,TROY,48084,OAKLAND,R499,SUPPORT- PROFESSIONAL: OTHER,541690,OTHER SCIENTIFIC AND TECHNICAL CONSULTING SERVICES,,,,,False,False
75N95021F00024,"KELLY SERVICES, INC.",2026-09-14,-1446.4,75N95021F00024,MD,BETHESDA,20892,MONTGOMERY,R499,SUPPORT- PROFESSIONAL: OTHER,541690,OTHER SCIENTIFIC AND TECHNICAL CONSULTING SERVICES,,,,,False,False
75N98026F00041,"KELLY SERVICES, INC.",2026-09-14,105563.21,75N98026F00041,MI,TROY,48084,OAKLAND,R499,SUPPORT- PROFESSIONAL: OTHER,541690,OTHER SCIENTIFIC AND TECHNICAL CONSULTING SERVICES,,,,,False,False
75N98026F00084,"KELLY SERVICES, INC.",2026-09-14,198319.37,75N98026F00084,MI,TROY,48084,OAKLAND,R499,SUPPORT- PROFESSIONAL: OTHER,541690,OTHER SCIENTIFIC AND TECHNICAL CONSULTING SERVICES,,,,,False,False
75N95021F00058,"KELLY SERVICES, INC.",2026-09-14,-37.97,75N95021F00058,MD,BETHESDA,20892,MONTGOMERY,R408,SUPPORT- PROFESSIONAL: PROGRAM MANAGEMENT/SUPPORT,541690,OTHER SCIENTIFIC AND TECHNICAL CONSULTING SERVICES,,,,,False,False
75N95021F00037,"KELLY SERVICES, INC.",2026-09-14,-28.54,75N95021F00037,MD,BETHESDA,20892,MONTGOMERY,R408,SUPPORT- PROFESSIONAL: PROGRAM MANAGEMENT/SUPPORT,541690,OTHER SCIENTIFIC AND TECHNICAL CONSULTING SERVICES,,,,,False,False
75N95020F00059,"KELLY SERVICES, INC.",2026-09-14,-0.01,75N95020F00059,MD,BETHESDA,20892,MONTGOMERY,R408,SUPPORT- PROFESSIONAL: PROGRAM MANAGEMENT/SUPPORT,541690,OTHER SCIENTIFIC AND TECHNICAL CONSULTING SERVICES,,,,,False,False
75N95024C00043,"BROWN POINT FACILITY MANAGEMENT SOLUTIONS, LLC",2026-09-14,179316.0,75N95024C00043,RI,LINCOLN,02865,PROVIDENCE,J059,MAINT/REPAIR/REBUILD OF EQUIPMENT- ELECTRICAL AND ELECTRONIC EQUIPMENT COMPONENTS,811210,ELECTRONIC AND PRECISION EQUIPMENT REPAIR AND MAINTENANCE,,,,,False,False
75N98022P01970,GOLDSMITH ASSOCIATES INC,2026-09-14,-24.3,75N98022P01970,MA,NEEDHAM,02492,NORFOLK,R499,SUPPORT- PROFESSIONAL: OTHER,541512,COMPUTER SYSTEMS DESIGN SERVICES,,,,,False,False
75N99025C00013,SNODGRASS CONTRACTING LLC,2026-09-14,24511.0,75N99025C00013,MD,BETHESDA,20814,MONTGOMERY,Y1JZ,CONSTRUCTION OF MISCELLANEOUS BUILDINGS,236220,COMMERCIAL AND INSTITUTIONAL BUILDING CONSTRUCTION,,,,,False,False
75N95021P00593,CYPROTEX US LLC,2026-09-14,-7830.0,75N95021P00593,MA,WATERTOWN,02472,MIDDLESEX,Q301,REFERENCE LABORATORY TESTING,541380,TESTING LABORATORIES AND SERVICES,,,,,False,False
75N98026P01630,FIDELIS SUSTAINABILITY DISTRIBUTION LLC,2026-09-14,16494.5,75N98026P01630,MD,BETHESDA,20892,MONTGOMERY,J066,MAINT/REPAIR/REBUILD OF EQUIPMENT- INSTRUMENTS AND LABORATORY EQUIPMENT,811210,ELECTRONIC AND PRECISION EQUIPMENT REPAIR AND MAINTENANCE,,,,,False,False
75N93020C00001,THE JOHNS HOPKINS UNIVERSITY,2026-09-14,-2514030.07,75N93020C00001,MD,BALTIMORE,21218,BALTIMORE CITY,AN81,R&D- MEDICAL: AIDS RESEARCH (BASIC RESEARCH),541715,"RESEARCH AND DEVELOPMENT IN THE PHYSICAL, ENGINEERING, AND LIFE SCIENCES (EXCEPT NANOTECHNOLOGY AND BIOTECHNOLOGY)",,,,,False,False
75N95019F00089,CURIA GLOBAL INC,2026-09-14,-94240.56,75N95019F00089,NY,ALBANY,12212,ALBANY,AZ13,R&D- OTHER RESEARCH AND DEVELOPMENT (ADVANCED DEVELOPMENT),325412,PHARMACEUTICAL PREPARATION MANUFACTURING,,,,,False,False
75N91021P00961,CANARY BIOSCIENCES LLC,2026-09-14,-24794.0,75N91021P00961,MA,BROOKLINE,02446,NORFOLK,R405,SUPPORT- PROFESSIONAL: OPERATIONS RESEARCH/QUANTITATIVE ANALYSIS,541714,RESEARCH AND DEVELOPMENT IN BIOTECHNOLOGY (EXCEPT NANOBIOTECHNOLOGY),,,,,False,False
75N91021P00865,"LUMANY, LLC",2026-09-14,-26450.0,75N91021P00865,CA,NEWPORT BEACH,92660,ORANGE,6640,LABORATORY EQUIPMENT AND SUPPLIES,339999,ALL OTHER MISCELLANEOUS MANUFACTURING,,,,,False,False
75N98020F00125,TURNING POINT GLOBAL SOLUTIONS LLC,2026-09-14,-1555.78,75N98020F00125,MD,BETHESDA,20817,MONTGOMERY,D399,IT AND TELECOM- OTHER IT AND TELECOMMUNICATIONS,541519,OTHER COMPUTER RELATED SERVICES,,,,,False,False
75N92025P00174,THE JOHNS HOPKINS UNIVERSITY,2026-09-14,0.0,75N92025P00174,MD,BETHESDA,20892,MONTGOMERY,Q301,REFERENCE LABORATORY TESTING,541990,"ALL OTHER PROFESSIONAL, SCIENTIFIC, AND TECHNICAL SERVICES",,,,,False,False
75N98026P01648,LIFE TECHNOLOGIES CORPORATION,2026-09-14,69935.43,75N98026P01648,CA,CARLSBAD,92008,SAN DIEGO,6640,LABORATORY EQUIPMENT AND SUPPLIES,334516,ANALYTICAL LABORATORY INSTRUMENT MANUFACTURING,,,,,False,False
75N93023C00047,UNIVERSITY OF MONTANA,2026-09-14,3293198.0,75N93023C00047,MT,MISSOULA,59812,MISSOULA,AN12,HEALTH R&D SERVICES; HEALTH CARE SERVICES; APPLIED RESEARCH,541512,COMPUTER SYSTEMS DESIGN SERVICES,,,,,False,False
75N95021P00301,LIFE TECHNOLOGIES CORPORATION,2026-09-14,-568.92,75N95021P00301,CA,CARLSBAD,92008,SAN DIEGO,6640,LABORATORY EQUIPMENT AND SUPPLIES,334516,ANALYTICAL LABORATORY INSTRUMENT MANUFACTURING,,,,,False,False
75N98026P01634,"EVIDENT SCIENTIFIC MIS, INC.",2026-09-14,50139.87,75N98026P01634,MA,WALTHAM,02453,MIDDLESEX,6640,LABORATORY EQUIPMENT AND SUPPLIES,334516,ANALYTICAL LABORATORY INSTRUMENT MANUFACTURING,,,,,False,False
75N95019C00029,VIRGINIA COMMONWEALTH UNIVERSITY,2026-09-14,-50248.03,75N95019C00029,VA,RICHMOND,23298,RICHMOND CITY,AN11,HEALTH R&D SERVICES; HEALTH CARE SERVICES; BASIC RESEARCH,541715,"RESEARCH AND DEVELOPMENT IN THE PHYSICAL, ENGINEERING, AND LIFE SCIENCES (EXCEPT NANOTECHNOLOGY AND BIOTECHNOLOGY)",,,,,False,False
